NAME	ORIGINAL SIZE	AFTER RESTRICTING TO DATASET	STATUS	
ABBUD_LIF_SIGNALING_1_DN	28	22		
ABBUD_LIF_SIGNALING_1_UP	43	38		
ABBUD_LIF_SIGNALING_2_DN	7	6		
ABBUD_LIF_SIGNALING_2_UP	13	13		
ABDELMOHSEN_ELAVL4_TARGETS	16	15		
ABDULRAHMAN_KIDNEY_CANCER_VHL_DN	13	12		
ABE_INNER_EAR	43	35		
ABE_VEGFA_TARGETS	19	13		
ABE_VEGFA_TARGETS_2HR	35	28		
ABE_VEGFA_TARGETS_30MIN	29	20		
ABRAHAM_ALPC_VS_MULTIPLE_MYELOMA_DN	20	20		
ABRAHAM_ALPC_VS_MULTIPLE_MYELOMA_UP	26	23		
ABRAMSON_INTERACT_WITH_AIRE	44	44		
ACEVEDO_LIVER_CANCER_DN	540	438		
ACEVEDO_LIVER_CANCER_UP	972		Rejected!	
ACEVEDO_LIVER_CANCER_WITH_H3K27ME3_DN	222	123		
ACEVEDO_LIVER_CANCER_WITH_H3K27ME3_UP	290	200		
ACEVEDO_LIVER_CANCER_WITH_H3K9ME3_DN	119	89		
ACEVEDO_LIVER_CANCER_WITH_H3K9ME3_UP	139	99		
ACEVEDO_LIVER_TUMOR_VS_NORMAL_ADJACENT_TISSUE_DN	274	211		
ACEVEDO_LIVER_TUMOR_VS_NORMAL_ADJACENT_TISSUE_UP	863		Rejected!	
ACEVEDO_METHYLATED_IN_LIVER_CANCER_DN	873		Rejected!	
ACEVEDO_NORMAL_TISSUE_ADJACENT_TO_LIVER_TUMOR_DN	354	314		
ACEVEDO_NORMAL_TISSUE_ADJACENT_TO_LIVER_TUMOR_UP	173	140		
ACOSTA_PROLIFERATION_INDEPENDENT_MYC_TARGETS_DN	116	97		
ACOSTA_PROLIFERATION_INDEPENDENT_MYC_TARGETS_UP	84	77		
ADDYA_ERYTHROID_DIFFERENTIATION_BY_HEMIN	74	54		
AFFAR_YY1_TARGETS_DN	260	213		
AFFAR_YY1_TARGETS_UP	199	167		
AGARWAL_AKT_PATHWAY_TARGETS	11	8		
AGUIRRE_PANCREATIC_CANCER_COPY_NUMBER_DN	237	215		
AGUIRRE_PANCREATIC_CANCER_COPY_NUMBER_UP	303	264		
AIGNER_ZEB1_TARGETS	35	32		
AIYAR_COBRA1_TARGETS_DN	29	27		
AIYAR_COBRA1_TARGETS_UP	40	32		
AKL_HTLV1_INFECTION_DN	69	55		
AKL_HTLV1_INFECTION_UP	27	25		
ALCALAY_AML_BY_NPM1_LOCALIZATION_DN	186	163		
ALCALAY_AML_BY_NPM1_LOCALIZATION_UP	140	124		
ALCALA_APOPTOSIS	87	80		
ALFANO_MYC_TARGETS	239	215		
ALONSO_METASTASIS_DN	26	20		
ALONSO_METASTASIS_EMT_DN	5	5		
ALONSO_METASTASIS_EMT_UP	35	29		
ALONSO_METASTASIS_NEURAL_UP	18	14		
ALONSO_METASTASIS_UP	194	169		
ALTEMEIER_RESPONSE_TO_LPS_WITH_MECHANICAL_VENTILATION	125	87		
AMBROSINI_FLAVOPIRIDOL_TREATMENT_TP53	107	98		
AMIT_DELAYED_EARLY_GENES	18	17		
AMIT_EGF_RESPONSE_120_HELA	68	57		
AMIT_EGF_RESPONSE_120_MCF10A	41	36		
AMIT_EGF_RESPONSE_20_HELA	12	8		
AMIT_EGF_RESPONSE_20_MCF10A	12	10		
AMIT_EGF_RESPONSE_240_HELA	59	53		
AMIT_EGF_RESPONSE_240_MCF10A	21	19		
AMIT_EGF_RESPONSE_40_HELA	42	35		
AMIT_EGF_RESPONSE_40_MCF10A	17	13		
AMIT_EGF_RESPONSE_480_HELA	164	143		
AMIT_EGF_RESPONSE_480_MCF10A	43	38		
AMIT_EGF_RESPONSE_60_HELA	47	39		
AMIT_EGF_RESPONSE_60_MCF10A	39	29		
AMIT_SERUM_RESPONSE_120_MCF10A	65	57		
AMIT_SERUM_RESPONSE_20_MCF10A	17	14		
AMIT_SERUM_RESPONSE_240_MCF10A	57	50		
AMIT_SERUM_RESPONSE_40_MCF10A	32	22		
AMIT_SERUM_RESPONSE_480_MCF10A	39	29		
AMIT_SERUM_RESPONSE_60_MCF10A	58	50		
AMUNDSON_DNA_DAMAGE_RESPONSE_TP53	16	15		
AMUNDSON_RESPONSE_TO_ARSENITE	219	188		
ANASTASSIOU_MULTICANCER_INVASIVENESS_SIGNATURE	64	54		
ANDERSEN_CHOLANGIOCARCINOMA_CLASS1	63	50		
ANDERSEN_CHOLANGIOCARCINOMA_CLASS2	175	128		
ANDERSEN_LIVER_CANCER_KRT19_DN	75	57		
ANDERSEN_LIVER_CANCER_KRT19_UP	35	32		
APPEL_IMATINIB_RESPONSE	33	27		
APPIERTO_RESPONSE_TO_FENRETINIDE_DN	51	43		
APPIERTO_RESPONSE_TO_FENRETINIDE_UP	38	34		
APRELIKOVA_BRCA1_TARGETS	48	40		
ASGHARZADEH_NEUROBLASTOMA_POOR_SURVIVAL_DN	43	37		
ASTIER_INTEGRIN_SIGNALING	58	49		
ASTON_MAJOR_DEPRESSIVE_DISORDER_DN	160	140		
ASTON_MAJOR_DEPRESSIVE_DISORDER_UP	49	39		
AUJLA_IL22_AND_IL17A_SIGNALING	11		Rejected!	
AUNG_GASTRIC_CANCER	52	42		
AZARE_NEOPLASTIC_TRANSFORMATION_BY_STAT3_DN	18	13		
AZARE_NEOPLASTIC_TRANSFORMATION_BY_STAT3_UP	126	98		
AZARE_STAT3_TARGETS	24	22		
BACOLOD_RESISTANCE_TO_ALKYLATING_AGENTS_DN	52	46		
BACOLOD_RESISTANCE_TO_ALKYLATING_AGENTS_UP	25	17		
BAELDE_DIABETIC_NEPHROPATHY_DN	437	390		
BAELDE_DIABETIC_NEPHROPATHY_UP	89	65		
BAE_BRCA1_TARGETS_DN	30	28		
BAE_BRCA1_TARGETS_UP	71	60		
BAFNA_MUC4_TARGETS_UP	5		Rejected!	
BAKER_HEMATOPOESIS_STAT1_TARGETS	10	9		
BAKER_HEMATOPOESIS_STAT5_TARGETS	7	7		
BAKER_HEMATOPOIESIS_STAT3_TARGETS	15	15		
BAKKER_FOXO3_TARGETS_DN	176	148		
BAKKER_FOXO3_TARGETS_UP	55	48		
BALDWIN_PRKCI_TARGETS_UP	40	32		
BALLIF_DEVELOPMENTAL_DISABILITY_P16_P12_DELETION	13	12		
BANDRES_RESPONSE_TO_CARMUSTIN_MGMT_24HR_DN	33	26		
BANDRES_RESPONSE_TO_CARMUSTIN_MGMT_24HR_UP	9	8		
BANDRES_RESPONSE_TO_CARMUSTIN_MGMT_48HR_DN	160	126		
BANDRES_RESPONSE_TO_CARMUSTIN_MGMT_48HR_UP	19	15		
BANDRES_RESPONSE_TO_CARMUSTIN_WITHOUT_MGMT_24HR_DN	9	9		
BANDRES_RESPONSE_TO_CARMUSTIN_WITHOUT_MGMT_24HR_UP	14	12		
BANDRES_RESPONSE_TO_CARMUSTIN_WITHOUT_MGMT_48HR_DN	32	27		
BANDRES_RESPONSE_TO_CARMUSTIN_WITHOUT_MGMT_48HR_UP	18	16		
BANG_VERTEPORFIN_ENDOMETRIAL_CANCER_CELLS_DN	20	10		
BANG_VERTEPORFIN_ENDOMETRIAL_CANCER_CELLS_UP	20	15		
BARIS_THYROID_CANCER_DN	59	52		
BARIS_THYROID_CANCER_UP	24	18		
BARRIER_CANCER_RELAPSE_NORMAL_SAMPLE_DN	31	26		
BARRIER_CANCER_RELAPSE_NORMAL_SAMPLE_UP	33	19		
BARRIER_CANCER_RELAPSE_TUMOR_SAMPLE_DN	13	11		
BARRIER_CANCER_RELAPSE_TUMOR_SAMPLE_UP	16	14		
BARRIER_COLON_CANCER_RECURRENCE_DN	20	18		
BARRIER_COLON_CANCER_RECURRENCE_UP	42	37		
BASAKI_YBX1_TARGETS_DN	398	314		
BASAKI_YBX1_TARGETS_UP	294	255		
BASSO_B_LYMPHOCYTE_NETWORK	146	129		
BASSO_CD40_SIGNALING_DN	71	55		
BASSO_CD40_SIGNALING_UP	103	85		
BASSO_HAIRY_CELL_LEUKEMIA_DN	6	5		
BASSO_HAIRY_CELL_LEUKEMIA_UP	79	65		
BAUS_TFF2_TARGETS_DN	12	9		
BAUS_TFF2_TARGETS_UP	32	17		
BECKER_TAMOXIFEN_RESISTANCE_DN	54	44		
BECKER_TAMOXIFEN_RESISTANCE_UP	53	38		
BEGUM_TARGETS_OF_PAX3_FOXO1_FUSION_AND_PAX3	7	7		
BEGUM_TARGETS_OF_PAX3_FOXO1_FUSION_DN	46	41		
BEGUM_TARGETS_OF_PAX3_FOXO1_FUSION_UP	59	55		
BEIER_GLIOMA_STEM_CELL_DN	67	54		
BEIER_GLIOMA_STEM_CELL_UP	40	30		
BENITEZ_GBM_PROTEASOME_INHIBITION_RESPONSE	48	45		
BENNETT_SYSTEMIC_LUPUS_ERYTHEMATOSUS	29	16		
BENPORATH_CYCLING_GENES	648		Rejected!	
BENPORATH_EED_TARGETS	1059		Rejected!	
BENPORATH_ES_1	379	340		
BENPORATH_ES_2	40	33		
BENPORATH_ES_CORE_NINE	9	9		
BENPORATH_ES_CORE_NINE_CORRELATED	100	94		
BENPORATH_ES_WITH_H3K27ME3	1115		Rejected!	
BENPORATH_MYC_MAX_TARGETS	775		Rejected!	
BENPORATH_MYC_TARGETS_WITH_EBOX	230	192		
BENPORATH_NANOG_TARGETS	988		Rejected!	
BENPORATH_NOS_TARGETS	179	164		
BENPORATH_OCT4_TARGETS	290	265		
BENPORATH_PRC2_TARGETS	650	464		
BENPORATH_PROLIFERATION	147	140		
BENPORATH_SOX2_TARGETS	734		Rejected!	
BENPORATH_SUZ12_TARGETS	1035		Rejected!	
BERENJENO_ROCK_SIGNALING_NOT_VIA_RHOA_DN	48	44		
BERENJENO_ROCK_SIGNALING_NOT_VIA_RHOA_UP	29	24		
BERENJENO_TRANSFORMED_BY_RHOA_DN	398	348		
BERENJENO_TRANSFORMED_BY_RHOA_FOREVER_DN	30	25		
BERENJENO_TRANSFORMED_BY_RHOA_FOREVER_UP	20	17		
BERENJENO_TRANSFORMED_BY_RHOA_REVERSIBLY_DN	30	23		
BERENJENO_TRANSFORMED_BY_RHOA_REVERSIBLY_UP	8	6		
BERENJENO_TRANSFORMED_BY_RHOA_UP	550		Rejected!	
BERGER_MBD2_TARGETS	5		Rejected!	
BERNARD_PPAPDC1B_TARGETS_DN	59	47		
BERNARD_PPAPDC1B_TARGETS_UP	37	34		
BERTUCCI_INVASIVE_CARCINOMA_DUCTAL_VS_LOBULAR_DN	46	38		
BERTUCCI_INVASIVE_CARCINOMA_DUCTAL_VS_LOBULAR_UP	24	22		
BERTUCCI_MEDULLARY_VS_DUCTAL_BREAST_CANCER_DN	180	149		
BERTUCCI_MEDULLARY_VS_DUCTAL_BREAST_CANCER_UP	207	173		
BHATI_G2M_ARREST_BY_2METHOXYESTRADIOL_DN	126	104		
BHATI_G2M_ARREST_BY_2METHOXYESTRADIOL_UP	122	99		
BHATTACHARYA_EMBRYONIC_STEM_CELL	84	71		
BHAT_ESR1_TARGETS_NOT_VIA_AKT1_DN	88	82		
BHAT_ESR1_TARGETS_NOT_VIA_AKT1_UP	211	183		
BHAT_ESR1_TARGETS_VIA_AKT1_DN	82	76		
BHAT_ESR1_TARGETS_VIA_AKT1_UP	281	236		
BIDUS_METASTASIS_DN	154	131		
BIDUS_METASTASIS_UP	221	205		
BIERIE_INFLAMMATORY_RESPONSE_TGFB1	5		Rejected!	
BILANGES_RAPAMYCIN_SENSITIVE_GENES	37	35		
BILANGES_RAPAMYCIN_SENSITIVE_VIA_TSC1_AND_TSC2	69	65		
BILANGES_SERUM_AND_RAPAMYCIN_SENSITIVE_GENES	69	67		
BILANGES_SERUM_RESPONSE_TRANSLATION	34	30		
BILANGES_SERUM_SENSITIVE_GENES	80	73		
BILANGES_SERUM_SENSITIVE_VIA_TSC1	21	18		
BILANGES_SERUM_SENSITIVE_VIA_TSC2	32	26		
BILBAN_B_CLL_LPL_DN	41	32		
BILBAN_B_CLL_LPL_UP	64	58		
BILD_CTNNB1_ONCOGENIC_SIGNATURE	79	74		
BILD_E2F3_ONCOGENIC_SIGNATURE	248	226		
BILD_HRAS_ONCOGENIC_SIGNATURE	252	205		
BILD_MYC_ONCOGENIC_SIGNATURE	209	174		
BILD_SRC_ONCOGENIC_SIGNATURE	59	54		
BLALOCK_ALZHEIMERS_DISEASE_DN	1248		Rejected!	
BLALOCK_ALZHEIMERS_DISEASE_INCIPIENT_DN	166	149		
BLALOCK_ALZHEIMERS_DISEASE_INCIPIENT_UP	389	339		
BLALOCK_ALZHEIMERS_DISEASE_UP	1671		Rejected!	
BLANCO_MELO_BETA_INTERFERON_TREATED_BRONCHIAL_EPITHELIAL_CELLS_DN	217	150		
BLANCO_MELO_BETA_INTERFERON_TREATED_BRONCHIAL_EPITHELIAL_CELLS_UP	378	300		
BLANCO_MELO_BRONCHIAL_EPITHELIAL_CELLS_INFLUENZA_A_DEL_NS1_INFECTION_DN	187	166		
BLANCO_MELO_BRONCHIAL_EPITHELIAL_CELLS_INFLUENZA_A_DEL_NS1_INFECTION_UP	644		Rejected!	
BLANCO_MELO_BRONCHIAL_EPITHELIAL_CELLS_INFLUENZA_A_INFECTION_DN	81	57		
BLANCO_MELO_BRONCHIAL_EPITHELIAL_CELLS_INFLUENZA_A_INFECTION_UP	137	105		
BLANCO_MELO_COVID19_BRONCHIAL_EPITHELIAL_CELLS_SARS_COV_2_INFECTION_DN	59	48		
BLANCO_MELO_COVID19_BRONCHIAL_EPITHELIAL_CELLS_SARS_COV_2_INFECTION_UP	144	98		
BLANCO_MELO_COVID19_SARS_COV_2_INFECTION_A594_ACE2_EXPRESSING_CELLS_DN	96	78		
BLANCO_MELO_COVID19_SARS_COV_2_INFECTION_A594_ACE2_EXPRESSING_CELLS_RUXOLITINIB_DN	76	54		
BLANCO_MELO_COVID19_SARS_COV_2_INFECTION_A594_ACE2_EXPRESSING_CELLS_RUXOLITINIB_UP	486	327		
BLANCO_MELO_COVID19_SARS_COV_2_INFECTION_A594_ACE2_EXPRESSING_CELLS_UP	545	379		
BLANCO_MELO_COVID19_SARS_COV_2_INFECTION_A594_CELLS_DN	77	53		
BLANCO_MELO_COVID19_SARS_COV_2_INFECTION_A594_CELLS_UP	86	58		
BLANCO_MELO_COVID19_SARS_COV_2_INFECTION_CALU3_CELLS_DN	24	13		
BLANCO_MELO_COVID19_SARS_COV_2_INFECTION_CALU3_CELLS_UP	339	233		
BLANCO_MELO_COVID19_SARS_COV_2_LOW_MOI_INFECTION_A594_ACE2_EXPRESSING_CELLS_DN	14	8		
BLANCO_MELO_COVID19_SARS_COV_2_LOW_MOI_INFECTION_A594_ACE2_EXPRESSING_CELLS_UP	174	101		
BLANCO_MELO_COVID19_SARS_COV_2_POS_PATIENT_LUNG_TISSUE_DN	175	160		
BLANCO_MELO_COVID19_SARS_COV_2_POS_PATIENT_LUNG_TISSUE_UP	174	105		
BLANCO_MELO_HUMAN_PARAINFLUENZA_VIRUS_3_INFECTION_A594_CELLS_DN	123	78		
BLANCO_MELO_HUMAN_PARAINFLUENZA_VIRUS_3_INFECTION_A594_CELLS_UP	204	147		
BLANCO_MELO_INFLUENZA_A_INFECTION_A594_CELLS_DN	118	100		
BLANCO_MELO_INFLUENZA_A_INFECTION_A594_CELLS_UP	41	30		
BLANCO_MELO_MERS_COV_INFECTION_MCR5_CELLS_DN	37	26		
BLANCO_MELO_MERS_COV_INFECTION_MCR5_CELLS_UP	299	208		
BLANCO_MELO_RESPIRATORY_SYNCYTIAL_VIRUS_INFECTION_A594_CELLS_DN	119	82		
BLANCO_MELO_RESPIRATORY_SYNCYTIAL_VIRUS_INFECTION_A594_CELLS_UP	286	209		
BLANCO_MELO_SARS_COV_1_INFECTION_MCR5_CELLS_DN	9	5		
BLANCO_MELO_SARS_COV_1_INFECTION_MCR5_CELLS_UP	12	10		
BLUM_RESPONSE_TO_SALIRASIB_DN	341	316		
BLUM_RESPONSE_TO_SALIRASIB_UP	245	224		
BOCHKIS_FOXA2_TARGETS	434	366		
BOGNI_TREATMENT_RELATED_MYELOID_LEUKEMIA_DN	33	28		
BOGNI_TREATMENT_RELATED_MYELOID_LEUKEMIA_UP	31	25		
BOHN_PRIMARY_IMMUNODEFICIENCY_SYNDROM_DN	38	36		
BOHN_PRIMARY_IMMUNODEFICIENCY_SYNDROM_UP	46	44		
BONCI_TARGETS_OF_MIR15A_AND_MIR16_1	92	86		
BONOME_OVARIAN_CANCER_POOR_SURVIVAL_DN	22	21		
BONOME_OVARIAN_CANCER_POOR_SURVIVAL_UP	31	30		
BONOME_OVARIAN_CANCER_SURVIVAL_OPTIMAL_DEBULKING	237	208		
BONOME_OVARIAN_CANCER_SURVIVAL_SUBOPTIMAL_DEBULKING	506	450		
BOQUEST_STEM_CELL_CULTURED_VS_FRESH_DN	31	20		
BOQUEST_STEM_CELL_CULTURED_VS_FRESH_UP	427	357		
BOQUEST_STEM_CELL_DN	218	179		
BOQUEST_STEM_CELL_UP	261	210		
BORCZUK_MALIGNANT_MESOTHELIOMA_DN	106	68		
BORCZUK_MALIGNANT_MESOTHELIOMA_UP	310	290		
BORLAK_LIVER_CANCER_EGF_UP	53	41		
BOSCO_ALLERGEN_INDUCED_TH2_ASSOCIATED_MODULE	150	123		
BOSCO_EPITHELIAL_DIFFERENTIATION_MODULE	69	37		
BOSCO_INTERFERON_INDUCED_ANTIVIRAL_MODULE	78	61		
BOSCO_TH1_CYTOTOXIC_MODULE	114	73		
BOUDOUKHA_BOUND_BY_IGF2BP2	108	95		
BOWIE_RESPONSE_TO_EXTRACELLULAR_MATRIX	17	12		
BOWIE_RESPONSE_TO_TAMOXIFEN	18	11		
BOYAULT_LIVER_CANCER_SUBCLASS_G123_DN	51	42		
BOYAULT_LIVER_CANCER_SUBCLASS_G123_UP	47	44		
BOYAULT_LIVER_CANCER_SUBCLASS_G12_DN	15	12		
BOYAULT_LIVER_CANCER_SUBCLASS_G12_UP	40	35		
BOYAULT_LIVER_CANCER_SUBCLASS_G1_DN	40	35		
BOYAULT_LIVER_CANCER_SUBCLASS_G1_UP	116	107		
BOYAULT_LIVER_CANCER_SUBCLASS_G2	28	27		
BOYAULT_LIVER_CANCER_SUBCLASS_G23_DN	10	7		
BOYAULT_LIVER_CANCER_SUBCLASS_G23_UP	53	50		
BOYAULT_LIVER_CANCER_SUBCLASS_G3_DN	53	36		
BOYAULT_LIVER_CANCER_SUBCLASS_G3_UP	190	178		
BOYAULT_LIVER_CANCER_SUBCLASS_G56_DN	17	14		
BOYAULT_LIVER_CANCER_SUBCLASS_G56_UP	11	9		
BOYAULT_LIVER_CANCER_SUBCLASS_G5_DN	28	24		
BOYAULT_LIVER_CANCER_SUBCLASS_G6_DN	19	17		
BOYAULT_LIVER_CANCER_SUBCLASS_G6_UP	66	60		
BOYERINAS_ONCOFETAL_TARGETS_OF_LET7A1	12	12		
BOYLAN_MULTIPLE_MYELOMA_C_CLUSTER_DN	32	25		
BOYLAN_MULTIPLE_MYELOMA_C_CLUSTER_UP	37	35		
BOYLAN_MULTIPLE_MYELOMA_C_DN	60	46		
BOYLAN_MULTIPLE_MYELOMA_C_D_DN	276	215		
BOYLAN_MULTIPLE_MYELOMA_C_D_UP	143	129		
BOYLAN_MULTIPLE_MYELOMA_C_UP	50	43		
BOYLAN_MULTIPLE_MYELOMA_D_CLUSTER_DN	37	35		
BOYLAN_MULTIPLE_MYELOMA_D_CLUSTER_UP	27	26		
BOYLAN_MULTIPLE_MYELOMA_D_DN	83	66		
BOYLAN_MULTIPLE_MYELOMA_D_UP	92	90		
BOYLAN_MULTIPLE_MYELOMA_PCA1_DN	9	9		
BOYLAN_MULTIPLE_MYELOMA_PCA1_UP	122	78		
BOYLAN_MULTIPLE_MYELOMA_PCA3_DN	71	59		
BOYLAN_MULTIPLE_MYELOMA_PCA3_UP	82	69		
BRACHAT_RESPONSE_TO_CAMPTOTHECIN_DN	42	35		
BRACHAT_RESPONSE_TO_CAMPTOTHECIN_UP	26	23		
BRACHAT_RESPONSE_TO_CISPLATIN	23	16		
BRACHAT_RESPONSE_TO_METHOTREXATE_DN	26	20		
BRACHAT_RESPONSE_TO_METHOTREXATE_UP	24	17		
BRAUNE_GEIST_20_GENE_NOTCH_SIG_BREAST_CANCER	20	19		
BREDEMEYER_RAG_SIGNALING_NOT_VIA_ATM_DN	61	51		
BREDEMEYER_RAG_SIGNALING_NOT_VIA_ATM_UP	65	54		
BREDEMEYER_RAG_SIGNALING_VIA_ATM_NOT_VIA_NFKB_DN	41	33		
BREDEMEYER_RAG_SIGNALING_VIA_ATM_NOT_VIA_NFKB_UP	52	46		
BREUHAHN_GROWTH_FACTOR_SIGNALING_IN_LIVER_CANCER	15	14		
BRIDEAU_IMPRINTED_GENES	65	54		
BROCKE_APOPTOSIS_REVERSED_BY_IL6	146	121		
BROWNE_HCMV_INFECTION_10HR_DN	57	50		
BROWNE_HCMV_INFECTION_10HR_UP	98	83		
BROWNE_HCMV_INFECTION_12HR_DN	100	85		
BROWNE_HCMV_INFECTION_12HR_UP	112	91		
BROWNE_HCMV_INFECTION_14HR_DN	290	252		
BROWNE_HCMV_INFECTION_14HR_UP	156	135		
BROWNE_HCMV_INFECTION_16HR_DN	83	67		
BROWNE_HCMV_INFECTION_16HR_UP	223	202		
BROWNE_HCMV_INFECTION_18HR_DN	182	151		
BROWNE_HCMV_INFECTION_18HR_UP	172	157		
BROWNE_HCMV_INFECTION_1HR_DN	218	180		
BROWNE_HCMV_INFECTION_1HR_UP	51	39		
BROWNE_HCMV_INFECTION_20HR_DN	102	85		
BROWNE_HCMV_INFECTION_20HR_UP	235	209		
BROWNE_HCMV_INFECTION_24HR_DN	145	126		
BROWNE_HCMV_INFECTION_24HR_UP	146	129		
BROWNE_HCMV_INFECTION_2HR_DN	48	45		
BROWNE_HCMV_INFECTION_2HR_UP	40	26		
BROWNE_HCMV_INFECTION_30MIN_DN	145	112		
BROWNE_HCMV_INFECTION_30MIN_UP	54	41		
BROWNE_HCMV_INFECTION_48HR_DN	482	390		
BROWNE_HCMV_INFECTION_48HR_UP	180	147		
BROWNE_HCMV_INFECTION_4HR_DN	252	211		
BROWNE_HCMV_INFECTION_4HR_UP	50	38		
BROWNE_HCMV_INFECTION_6HR_DN	164	144		
BROWNE_HCMV_INFECTION_6HR_UP	63	45		
BROWNE_HCMV_INFECTION_8HR_DN	48	41		
BROWNE_HCMV_INFECTION_8HR_UP	105	87		
BROWNE_INTERFERON_RESPONSIVE_GENES	67	54		
BROWN_MYELOID_CELL_DEVELOPMENT_DN	133	113		
BROWN_MYELOID_CELL_DEVELOPMENT_UP	167	126		
BRUECKNER_TARGETS_OF_MIRLET7A3_DN	76	65		
BRUECKNER_TARGETS_OF_MIRLET7A3_UP	110	94		
BRUINS_UVC_RESPONSE_EARLY_LATE	316	279		
BRUINS_UVC_RESPONSE_LATE	1136		Rejected!	
BRUINS_UVC_RESPONSE_MIDDLE	99	90		
BRUINS_UVC_RESPONSE_VIA_TP53_GROUP_A	899		Rejected!	
BRUINS_UVC_RESPONSE_VIA_TP53_GROUP_B	554	457		
BRUINS_UVC_RESPONSE_VIA_TP53_GROUP_C	91	75		
BRUINS_UVC_RESPONSE_VIA_TP53_GROUP_D	279	230		
BRUNEAU_HEART_GREAT_VESSELS_AND_VALVULOGENESIS	8	8		
BRUNEAU_SEPTATION_ATRIAL	5		Rejected!	
BRUNEAU_SEPTATION_VENTRICULAR	10	10		
BRUNO_HEMATOPOIESIS	67	50		
BUCKANOVICH_T_LYMPHOCYTE_HOMING_ON_TUMOR_DN	22	20		
BUCKANOVICH_T_LYMPHOCYTE_HOMING_ON_TUMOR_UP	21	16		
BUFFA_HYPOXIA_METAGENE	50	46		
BURTON_ADIPOGENESIS_1	31	30		
BURTON_ADIPOGENESIS_10	31	30		
BURTON_ADIPOGENESIS_11	52	47		
BURTON_ADIPOGENESIS_12	32	32		
BURTON_ADIPOGENESIS_2	71	67		
BURTON_ADIPOGENESIS_3	101	95		
BURTON_ADIPOGENESIS_4	45	42		
BURTON_ADIPOGENESIS_5	118	105		
BURTON_ADIPOGENESIS_6	191	166		
BURTON_ADIPOGENESIS_7	49	43		
BURTON_ADIPOGENESIS_8	80	68		
BURTON_ADIPOGENESIS_9	85	70		
BURTON_ADIPOGENESIS_PEAK_AT_0HR	64	52		
BURTON_ADIPOGENESIS_PEAK_AT_16HR	41	34		
BURTON_ADIPOGENESIS_PEAK_AT_24HR	44	40		
BURTON_ADIPOGENESIS_PEAK_AT_2HR	46	37		
BURTON_ADIPOGENESIS_PEAK_AT_8HR	39	35		
BUYTAERT_PHOTODYNAMIC_THERAPY_STRESS_DN	647		Rejected!	
BUYTAERT_PHOTODYNAMIC_THERAPY_STRESS_UP	822		Rejected!	
BYSTROEM_CORRELATED_WITH_IL5_DN	60	55		
BYSTROEM_CORRELATED_WITH_IL5_UP	41	33		
BYSTRYKH_HEMATOPOIESIS_STEM_CELL_AND_BRAIN_QTL_CIS	69	64		
BYSTRYKH_HEMATOPOIESIS_STEM_CELL_AND_BRAIN_QTL_TRANS	157	139		
BYSTRYKH_HEMATOPOIESIS_STEM_CELL_FGF3	8		Rejected!	
BYSTRYKH_HEMATOPOIESIS_STEM_CELL_FLI1	8	5		
BYSTRYKH_HEMATOPOIESIS_STEM_CELL_IL3RA	9	8		
BYSTRYKH_HEMATOPOIESIS_STEM_CELL_QTL_CIS	133	110		
BYSTRYKH_HEMATOPOIESIS_STEM_CELL_QTL_TRANS	786		Rejected!	
BYSTRYKH_HEMATOPOIESIS_STEM_CELL_RUNX1	8	5		
BYSTRYKH_HEMATOPOIESIS_STEM_CELL_SCP2_QTL_TRANS	27	18		
BYSTRYKH_SCP2_QTL	6	5		
CADWELL_ATG16L1_TARGETS_DN	71	58		
CADWELL_ATG16L1_TARGETS_UP	104	66		
CAFFAREL_RESPONSE_TO_THC_24HR_3_DN	13	13		
CAFFAREL_RESPONSE_TO_THC_24HR_3_UP	8	8		
CAFFAREL_RESPONSE_TO_THC_24HR_5_DN	56	46		
CAFFAREL_RESPONSE_TO_THC_24HR_5_UP	33	30		
CAFFAREL_RESPONSE_TO_THC_8HR_3_DN	10	9		
CAFFAREL_RESPONSE_TO_THC_8HR_3_UP	5	5		
CAFFAREL_RESPONSE_TO_THC_8HR_5_DN	12	9		
CAFFAREL_RESPONSE_TO_THC_8HR_5_UP	15	13		
CAFFAREL_RESPONSE_TO_THC_DN	32	26		
CAFFAREL_RESPONSE_TO_THC_UP	32	28		
CAIRO_HEPATOBLASTOMA_CLASSES_DN	213	172		
CAIRO_HEPATOBLASTOMA_CLASSES_UP	612		Rejected!	
CAIRO_HEPATOBLASTOMA_DN	267	198		
CAIRO_HEPATOBLASTOMA_POOR_SURVIVAL	16	11		
CAIRO_HEPATOBLASTOMA_UP	213	202		
CAIRO_LIVER_DEVELOPMENT_DN	225	166		
CAIRO_LIVER_DEVELOPMENT_UP	166	152		
CAIRO_PML_TARGETS_BOUND_BY_MYC_DN	13	11		
CAIRO_PML_TARGETS_BOUND_BY_MYC_UP	22	21		
CALVET_IRINOTECAN_SENSITIVE_VS_RESISTANT_UP	5		Rejected!	
CALVET_IRINOTECAN_SENSITIVE_VS_REVERTED_DN	5	5		
CALVET_IRINOTECAN_SENSITIVE_VS_REVERTED_UP	5	5		
CAMPS_COLON_CANCER_COPY_NUMBER_DN	74	31		
CAMPS_COLON_CANCER_COPY_NUMBER_UP	93	70		
CARDOSO_RESPONSE_TO_GAMMA_RADIATION_AND_3AB	14	10		
CARD_MIR302A_TARGETS	77	70		
CARRILLOREIXACH_14Q32OVEREXPRESSION_IN_HEPATOBLASTOMA	44		Rejected!	
CARRILLOREIXACH_HEPATOBLASTOMA_VS_NORMAL_DN	1257		Rejected!	
CARRILLOREIXACH_HEPATOBLASTOMA_VS_NORMAL_HYPERMETHYLATED_AND_DN	21	15		
CARRILLOREIXACH_HEPATOBLASTOMA_VS_NORMAL_HYPOMETHYLATED_AND_UP	162	146		
CARRILLOREIXACH_HEPATOBLASTOMA_VS_NORMAL_UP	891		Rejected!	
CARRILLOREIXACH_MRS3_VS_LOWER_RISK_HEPATOBLASTOMA_DN	168	136		
CARRILLOREIXACH_MRS3_VS_LOWER_RISK_HEPATOBLASTOMA_UP	50	37		
CASORELLI_ACUTE_PROMYELOCYTIC_LEUKEMIA_DN	669		Rejected!	
CASORELLI_ACUTE_PROMYELOCYTIC_LEUKEMIA_UP	174	136		
CASORELLI_APL_SECONDARY_VS_DE_NOVO_UP	39	31		
CASTELLANO_HRAS_AND_NRAS_TARGETS_DN	8	7		
CASTELLANO_HRAS_AND_NRAS_TARGETS_UP	6	6		
CASTELLANO_HRAS_TARGETS_DN	6	5		
CASTELLANO_HRAS_TARGETS_UP	5		Rejected!	
CASTELLANO_NRAS_TARGETS_DN	14	12		
CASTELLANO_NRAS_TARGETS_UP	72	60		
CAVARD_LIVER_CANCER_MALIGNANT_VS_BENIGN	32	17		
CEBALLOS_TARGETS_OF_TP53_AND_MYC_DN	33	28		
CEBALLOS_TARGETS_OF_TP53_AND_MYC_UP	19	16		
CERIBELLI_GENES_INACTIVE_AND_BOUND_BY_NFY	41	20		
CERIBELLI_PROMOTERS_INACTIVE_AND_BOUND_BY_NFY	40	21		
CERVERA_SDHB_TARGETS_1_DN	36	24		
CERVERA_SDHB_TARGETS_1_UP	120	96		
CERVERA_SDHB_TARGETS_2	115	93		
CHANDRAN_METASTASIS_DN	316	261		
CHANDRAN_METASTASIS_TOP50_DN	44	40		
CHANDRAN_METASTASIS_TOP50_UP	37	32		
CHANDRAN_METASTASIS_UP	209	167		
CHANGOLKAR_H2AFY_TARGETS_DN	42	35		
CHANGOLKAR_H2AFY_TARGETS_UP	50	47		
CHANG_IMMORTALIZED_BY_HPV31_DN	60	42		
CHANG_IMMORTALIZED_BY_HPV31_UP	73	61		
CHANG_POU5F1_TARGETS_DN	8	5		
CHANG_POU5F1_TARGETS_UP	15	14		
CHARAFE_BREAST_CANCER_BASAL_VS_MESENCHYMAL_DN	52	49		
CHARAFE_BREAST_CANCER_BASAL_VS_MESENCHYMAL_UP	126	97		
CHARAFE_BREAST_CANCER_LUMINAL_VS_BASAL_DN	457	397		
CHARAFE_BREAST_CANCER_LUMINAL_VS_BASAL_UP	385	329		
CHARAFE_BREAST_CANCER_LUMINAL_VS_MESENCHYMAL_DN	465	431		
CHARAFE_BREAST_CANCER_LUMINAL_VS_MESENCHYMAL_UP	455	380		
CHASSOT_SKIN_WOUND	9		Rejected!	
CHAUHAN_RESPONSE_TO_METHOXYESTRADIOL_DN	106	88		
CHAUHAN_RESPONSE_TO_METHOXYESTRADIOL_UP	50	43		
CHEBOTAEV_GR_TARGETS_DN	124	99		
CHEBOTAEV_GR_TARGETS_UP	77	68		
CHEMELLO_SOLEUS_VS_EDL_MYOFIBERS_DN	5	5		
CHEMELLO_SOLEUS_VS_EDL_MYOFIBERS_UP	20	15		
CHEMNITZ_RESPONSE_TO_PROSTAGLANDIN_E2_DN	408	327		
CHEMNITZ_RESPONSE_TO_PROSTAGLANDIN_E2_UP	145	136		
CHENG_IMPRINTED_BY_ESTRADIOL	110	99		
CHENG_RESPONSE_TO_NICKEL_ACETATE	45	37		
CHENG_TAF7L_TARGETS	6	6		
CHEN_ETV5_TARGETS_SERTOLI	25	14		
CHEN_ETV5_TARGETS_TESTIS	25	22		
CHEN_HOXA5_TARGETS_6HR_DN	6		Rejected!	
CHEN_HOXA5_TARGETS_6HR_UP	10	5		
CHEN_HOXA5_TARGETS_9HR_DN	42	34		
CHEN_HOXA5_TARGETS_9HR_UP	223	182		
CHEN_LIVER_METABOLISM_QTL_CIS	95	76		
CHEN_LUNG_CANCER_SURVIVAL	28	24		
CHEN_LVAD_SUPPORT_OF_FAILING_HEART_DN	42	37		
CHEN_LVAD_SUPPORT_OF_FAILING_HEART_UP	102	88		
CHEN_METABOLIC_SYNDROM_NETWORK	1242		Rejected!	
CHEN_NEUROBLASTOMA_COPY_NUMBER_GAINS	50	41		
CHEN_PDGF_TARGETS	18	16		
CHEOK_RESPONSE_TO_HD_MTX_DN	23	21		
CHEOK_RESPONSE_TO_HD_MTX_UP	23	18		
CHEOK_RESPONSE_TO_MERCAPTOPURINE_AND_HD_MTX_DN	25	22		
CHEOK_RESPONSE_TO_MERCAPTOPURINE_AND_HD_MTX_UP	5		Rejected!	
CHEOK_RESPONSE_TO_MERCAPTOPURINE_AND_LD_MTX_DN	20	15		
CHEOK_RESPONSE_TO_MERCAPTOPURINE_AND_LD_MTX_UP	10	9		
CHEOK_RESPONSE_TO_MERCAPTOPURINE_DN	21	15		
CHEOK_RESPONSE_TO_MERCAPTOPURINE_UP	12	12		
CHESLER_BRAIN_D6MIT150_QTL_CIS	6		Rejected!	
CHESLER_BRAIN_D6MIT150_QTL_TRANS	9	8		
CHESLER_BRAIN_HIGHEST_EXPRESSION	41	35		
CHESLER_BRAIN_HIGHEST_GENETIC_VARIANCE	39	30		
CHESLER_BRAIN_QTL_CIS	73	63		
CHESLER_BRAIN_QTL_TRANS	6	5		
CHIANG_LIVER_CANCER_SUBCLASS_CTNNB1_DN	170	129		
CHIANG_LIVER_CANCER_SUBCLASS_CTNNB1_UP	175	143		
CHIANG_LIVER_CANCER_SUBCLASS_INTERFERON_DN	52	44		
CHIANG_LIVER_CANCER_SUBCLASS_INTERFERON_UP	26	18		
CHIANG_LIVER_CANCER_SUBCLASS_POLYSOMY7_DN	25	22		
CHIANG_LIVER_CANCER_SUBCLASS_POLYSOMY7_UP	79	55		
CHIANG_LIVER_CANCER_SUBCLASS_PROLIFERATION_DN	179	132		
CHIANG_LIVER_CANCER_SUBCLASS_PROLIFERATION_UP	179	163		
CHIANG_LIVER_CANCER_SUBCLASS_UNANNOTATED_DN	194	175		
CHIANG_LIVER_CANCER_SUBCLASS_UNANNOTATED_UP	86	70		
CHIARADONNA_NEOPLASTIC_TRANSFORMATION_CDC25_DN	152	134		
CHIARADONNA_NEOPLASTIC_TRANSFORMATION_CDC25_UP	121	101		
CHIARADONNA_NEOPLASTIC_TRANSFORMATION_KRAS_CDC25_DN	54	40		
CHIARADONNA_NEOPLASTIC_TRANSFORMATION_KRAS_CDC25_UP	59	54		
CHIARADONNA_NEOPLASTIC_TRANSFORMATION_KRAS_DN	141	121		
CHIARADONNA_NEOPLASTIC_TRANSFORMATION_KRAS_UP	128	117		
CHIARETTI_ACUTE_LYMPHOBLASTIC_LEUKEMIA_ZAP70	68	62		
CHIARETTI_T_ALL_REFRACTORY_TO_THERAPY	30	22		
CHIARETTI_T_ALL_RELAPSE_PROGNOSIS	19	18		
CHIBA_RESPONSE_TO_TSA	45	37		
CHIBA_RESPONSE_TO_TSA_DN	21	19		
CHIBA_RESPONSE_TO_TSA_UP	50	42		
CHICAS_RB1_TARGETS_CONFLUENT	567	480		
CHICAS_RB1_TARGETS_GROWING	242	217		
CHICAS_RB1_TARGETS_LOW_SERUM	103	71		
CHICAS_RB1_TARGETS_SENESCENT	565	466		
CHIN_BREAST_CANCER_COPY_NUMBER_DN	13	10		
CHIN_BREAST_CANCER_COPY_NUMBER_UP	28	22		
CHNG_MULTIPLE_MYELOMA_HYPERPLOID_DN	30	28		
CHNG_MULTIPLE_MYELOMA_HYPERPLOID_UP	54	51		
CHOI_ATL_ACUTE_STAGE	6		Rejected!	
CHOI_ATL_CHRONIC_VS_ACUTE_DN	19	18		
CHOI_ATL_STAGE_PREDICTOR	44	40		
CHOW_RASSF1_TARGETS_DN	30	30		
CHOW_RASSF1_TARGETS_UP	26	25		
CHO_NR4A1_TARGETS	32	24		
CHUANG_OXIDATIVE_STRESS_RESPONSE_DN	11	8		
CHUANG_OXIDATIVE_STRESS_RESPONSE_UP	28	21		
CHUNG_BLISTER_CYTOTOXICITY_DN	50	41		
CHUNG_BLISTER_CYTOTOXICITY_UP	136	120		
CHYLA_CBFA2T3_TARGETS_DN	246	202		
CHYLA_CBFA2T3_TARGETS_UP	388	300		
CLASPER_LYMPHATIC_VESSELS_DURING_METASTASIS_DN	35	29		
CLASPER_LYMPHATIC_VESSELS_DURING_METASTASIS_UP	20	18		
CLAUS_PGR_POSITIVE_MENINGIOMA_DN	12	12		
CLAUS_PGR_POSITIVE_MENINGIOMA_UP	10	8		
CLIMENT_BREAST_CANCER_COPY_NUMBER_DN	8	8		
CLIMENT_BREAST_CANCER_COPY_NUMBER_UP	23	21		
COATES_MACROPHAGE_M1_VS_M2_DN	84	67		
COATES_MACROPHAGE_M1_VS_M2_UP	87	78		
COLDREN_GEFITINIB_RESISTANCE_DN	230	183		
COLDREN_GEFITINIB_RESISTANCE_UP	86	80		
COLINA_TARGETS_OF_4EBP1_AND_4EBP2	359	311		
COLIN_PILOCYTIC_ASTROCYTOMA_VS_GLIOBLASTOMA_DN	28	24		
COLIN_PILOCYTIC_ASTROCYTOMA_VS_GLIOBLASTOMA_UP	34	27		
COLLER_MYC_TARGETS_DN	7	5		
COLLER_MYC_TARGETS_UP	24	23		
COLLIS_PRKDC_REGULATORS	13	13		
COLLIS_PRKDC_SUBSTRATES	17	16		
CONCANNON_APOPTOSIS_BY_EPOXOMICIN_DN	176	143		
CONCANNON_APOPTOSIS_BY_EPOXOMICIN_UP	239	205		
CONRAD_GERMLINE_STEM_CELL	13	8		
CONRAD_STEM_CELL	39	29		
CORONEL_RFX7_DIRECT_TARGETS_UP	44	41		
CORRE_MULTIPLE_MYELOMA_DN	59	47		
CORRE_MULTIPLE_MYELOMA_UP	80	59		
COULOUARN_TEMPORAL_TGFB1_SIGNATURE_DN	138	117		
COULOUARN_TEMPORAL_TGFB1_SIGNATURE_UP	109	93		
COWLING_MYCN_TARGETS	43	35		
CREIGHTON_AKT1_SIGNALING_VIA_MTOR_DN	23	21		
CREIGHTON_AKT1_SIGNALING_VIA_MTOR_UP	34	32		
CREIGHTON_ENDOCRINE_THERAPY_RESISTANCE_1	534	456		
CREIGHTON_ENDOCRINE_THERAPY_RESISTANCE_2	471	380		
CREIGHTON_ENDOCRINE_THERAPY_RESISTANCE_3	726		Rejected!	
CREIGHTON_ENDOCRINE_THERAPY_RESISTANCE_4	307	255		
CREIGHTON_ENDOCRINE_THERAPY_RESISTANCE_5	491	423		
CROMER_METASTASIS_DN	77	67		
CROMER_METASTASIS_UP	73	65		
CROMER_TUMORIGENESIS_DN	49	30		
CROMER_TUMORIGENESIS_UP	58	38		
CROONQUIST_IL6_DEPRIVATION_DN	95	89		
CROONQUIST_IL6_DEPRIVATION_UP	17	11		
CROONQUIST_NRAS_SIGNALING_DN	70	67		
CROONQUIST_NRAS_SIGNALING_UP	40	23		
CROONQUIST_NRAS_VS_STROMAL_STIMULATION_DN	97	77		
CROONQUIST_NRAS_VS_STROMAL_STIMULATION_UP	41	32		
CROONQUIST_STROMAL_STIMULATION_DN	13	8		
CROONQUIST_STROMAL_STIMULATION_UP	56	37		
CROSBY_E2F4_TARGETS	6	6		
CUI_GLUCOSE_DEPRIVATION	61	51		
CUI_TCF21_TARGETS_2_DN	854		Rejected!	
CUI_TCF21_TARGETS_2_UP	437	387		
CUI_TCF21_TARGETS_DN	34	29		
CUI_TCF21_TARGETS_UP	36	27		
CURSONS_NATURAL_KILLER_CELLS	20	7		
DACOSTA_ERCC3_ALLELE_XPCS_VS_TTD_DN	34	28		
DACOSTA_ERCC3_ALLELE_XPCS_VS_TTD_UP	28	24		
DACOSTA_LOW_DOSE_UV_RESPONSE_VIA_ERCC3_XPCS_DN	9	6		
DACOSTA_LOW_DOSE_UV_RESPONSE_VIA_ERCC3_XPCS_UP	14	11		
DACOSTA_UV_RESPONSE_VIA_ERCC3_COMMON_DN	466	448		
DACOSTA_UV_RESPONSE_VIA_ERCC3_COMMON_UP	75	62		
DACOSTA_UV_RESPONSE_VIA_ERCC3_DN	856		Rejected!	
DACOSTA_UV_RESPONSE_VIA_ERCC3_TTD_DN	84	80		
DACOSTA_UV_RESPONSE_VIA_ERCC3_TTD_UP	59	50		
DACOSTA_UV_RESPONSE_VIA_ERCC3_UP	318	274		
DACOSTA_UV_RESPONSE_VIA_ERCC3_XPCS_DN	85	81		
DACOSTA_UV_RESPONSE_VIA_ERCC3_XPCS_UP	25	19		
DAIRKEE_CANCER_PRONE_RESPONSE_BPA	51	48		
DAIRKEE_CANCER_PRONE_RESPONSE_BPA_E2	118	108		
DAIRKEE_CANCER_PRONE_RESPONSE_E2	28	26		
DALESSIO_TSA_RESPONSE	26	13		
DANG_BOUND_BY_MYC	1061		Rejected!	
DANG_MYC_TARGETS_DN	31	26		
DANG_MYC_TARGETS_UP	130	120		
DANG_REGULATED_BY_MYC_DN	251	213		
DANG_REGULATED_BY_MYC_UP	68	64		
DARWICHE_PAPILLOMA_PROGRESSION_RISK	77	60		
DARWICHE_PAPILLOMA_RISK_HIGH_DN	185	154		
DARWICHE_PAPILLOMA_RISK_HIGH_UP	154	116		
DARWICHE_PAPILLOMA_RISK_LOW_DN	172	148		
DARWICHE_PAPILLOMA_RISK_LOW_UP	168	122		
DARWICHE_SKIN_TUMOR_PROMOTER_DN	194	154		
DARWICHE_SKIN_TUMOR_PROMOTER_UP	147	116		
DARWICHE_SQUAMOUS_CELL_CARCINOMA_DN	186	153		
DARWICHE_SQUAMOUS_CELL_CARCINOMA_UP	153	117		
DASU_IL6_SIGNALING_DN	7	6		
DASU_IL6_SIGNALING_SCAR_DN	16	11		
DASU_IL6_SIGNALING_SCAR_UP	31	30		
DASU_IL6_SIGNALING_UP	61	49		
DAUER_STAT3_TARGETS_DN	48	35		
DAUER_STAT3_TARGETS_UP	48	37		
DAVICIONI_MOLECULAR_ARMS_VS_ERMS_DN	179	163		
DAVICIONI_MOLECULAR_ARMS_VS_ERMS_UP	340	306		
DAVICIONI_PAX_FOXO1_SIGNATURE_IN_ARMS_DN	20	17		
DAVICIONI_PAX_FOXO1_SIGNATURE_IN_ARMS_UP	60	53		
DAVICIONI_RHABDOMYOSARCOMA_PAX_FOXO1_FUSION_DN	14	11		
DAVICIONI_RHABDOMYOSARCOMA_PAX_FOXO1_FUSION_UP	64	54		
DAVICIONI_TARGETS_OF_PAX_FOXO1_FUSIONS_DN	66	57		
DAVICIONI_TARGETS_OF_PAX_FOXO1_FUSIONS_UP	258	237		
DAVIES_MULTIPLE_MYELOMA_VS_MGUS_DN	26	19		
DAVIES_MULTIPLE_MYELOMA_VS_MGUS_UP	13	12		
DAWSON_METHYLATED_IN_LYMPHOMA_TCL1	59	52		
DAZARD_RESPONSE_TO_UV_NHEK_DN	300	291		
DAZARD_RESPONSE_TO_UV_NHEK_UP	223	172		
DAZARD_RESPONSE_TO_UV_SCC_DN	115	109		
DAZARD_RESPONSE_TO_UV_SCC_UP	105	86		
DAZARD_UV_RESPONSE_CLUSTER_G1	62	47		
DAZARD_UV_RESPONSE_CLUSTER_G2	30	21		
DAZARD_UV_RESPONSE_CLUSTER_G24	24	17		
DAZARD_UV_RESPONSE_CLUSTER_G28	20	11		
DAZARD_UV_RESPONSE_CLUSTER_G3	14	14		
DAZARD_UV_RESPONSE_CLUSTER_G4	20	16		
DAZARD_UV_RESPONSE_CLUSTER_G5	12	10		
DAZARD_UV_RESPONSE_CLUSTER_G6	145	142		
DEBIASI_APOPTOSIS_BY_REOVIRUS_INFECTION_DN	276	246		
DEBIASI_APOPTOSIS_BY_REOVIRUS_INFECTION_UP	300	263		
DEBOSSCHER_NFKB_TARGETS_REPRESSED_BY_GLUCOCORTICOIDS	21	11		
DELACROIX_RARG_BOUND_MEF	366	324		
DELACROIX_RAR_BOUND_ES	465	402		
DELACROIX_RAR_TARGETS_DN	26	23		
DELACROIX_RAR_TARGETS_UP	47	40		
DELASERNA_MYOD_TARGETS_DN	56	50		
DELASERNA_MYOD_TARGETS_UP	86	75		
DELASERNA_TARGETS_OF_MYOD_AND_SMARCA4	11	8		
DELLA_RESPONSE_TO_TSA_AND_BUTYRATE	21	17		
DELPUECH_FOXO3_TARGETS_DN	40	38		
DELPUECH_FOXO3_TARGETS_UP	65	55		
DELYS_THYROID_CANCER_DN	233	163		
DELYS_THYROID_CANCER_UP	445	378		
DEMAGALHAES_AGING_DN	16	14		
DEMAGALHAES_AGING_UP	54	39		
DEN_INTERACT_WITH_LCA5	26	23		
DER_IFN_ALPHA_RESPONSE_DN	6	5		
DER_IFN_ALPHA_RESPONSE_UP	74	59		
DER_IFN_BETA_RESPONSE_DN	8	7		
DER_IFN_BETA_RESPONSE_UP	103	89		
DER_IFN_GAMMA_RESPONSE_DN	11	9		
DER_IFN_GAMMA_RESPONSE_UP	71	59		
DESERT_EXTRACELLULAR_MATRIX_HEPATOCELLULAR_CARCINOMA_SUBCLASS_UP	22	17		
DESERT_PERIPORTAL_HEPATOCELLULAR_CARCINOMA_SUBCLASS_UP	159	113		
DESERT_PERIVENOUS_HEPATOCELLULAR_CARCINOMA_SUBCLASS_UP	155	139		
DESERT_STEM_CELL_HEPATOCELLULAR_CARCINOMA_SUBCLASS_UP	242	223		
DEURIG_T_CELL_PROLYMPHOCYTIC_LEUKEMIA_DN	323	262		
DEURIG_T_CELL_PROLYMPHOCYTIC_LEUKEMIA_UP	368	301		
DE_YY1_TARGETS_DN	93	91		
DE_YY1_TARGETS_UP	20	14		
DIAZ_CHRONIC_MYELOGENOUS_LEUKEMIA_DN	116	91		
DIAZ_CHRONIC_MYELOGENOUS_LEUKEMIA_UP	1399		Rejected!	
DIERICK_SEROTONIN_FUNCTION_GENES	7	6		
DING_LUNG_CANCER_BY_MUTATION_RATE	20	18		
DING_LUNG_CANCER_EXPRESSION_BY_COPY_NUMBER	100	96		
DING_LUNG_CANCER_MUTATED_FREQUENTLY	12	11		
DING_LUNG_CANCER_MUTATED_RECURRENTLY	6	6		
DING_LUNG_CANCER_MUTATED_SIGNIFICANTLY	26	22		
DIRMEIER_LMP1_RESPONSE_EARLY	62	49		
DIRMEIER_LMP1_RESPONSE_LATE_DN	30	23		
DIRMEIER_LMP1_RESPONSE_LATE_UP	56	52		
DISTECHE_ESCAPED_FROM_X_INACTIVATION	13	9		
DITTMER_PTHLH_TARGETS_DN	70	60		
DITTMER_PTHLH_TARGETS_UP	113	107		
DI_MARTINO_MATRISOME_HIGHLY_PROLIFERATIVE_HNSCC	27	23		
DI_MARTINO_MATRISOME_HIGHLY_PROLIFERATIVE_HNSCC_TUMOR_CELL_DERIVED	17	15		
DOANE_BREAST_CANCER_CLASSES_DN	33	27		
DOANE_BREAST_CANCER_CLASSES_UP	72	50		
DOANE_BREAST_CANCER_ESR1_DN	47	30		
DOANE_BREAST_CANCER_ESR1_UP	111	83		
DOANE_RESPONSE_TO_ANDROGEN_DN	242	213		
DOANE_RESPONSE_TO_ANDROGEN_UP	185	145		
DODD_NASOPHARYNGEAL_CARCINOMA_DN	1816		Rejected!	
DODD_NASOPHARYNGEAL_CARCINOMA_UP	1407		Rejected!	
DONATO_CELL_CYCLE_TRETINOIN	6	5		
DORMOY_ELAVL1_TARGETS	18	17		
DORN_ADENOVIRUS_INFECTION_12HR_DN	33	30		
DORN_ADENOVIRUS_INFECTION_12HR_UP	28	22		
DORN_ADENOVIRUS_INFECTION_24HR_DN	42	37		
DORN_ADENOVIRUS_INFECTION_24HR_UP	12	10		
DORN_ADENOVIRUS_INFECTION_32HR_DN	38	34		
DORN_ADENOVIRUS_INFECTION_32HR_UP	11	9		
DORN_ADENOVIRUS_INFECTION_48HR_DN	39	34		
DORN_ADENOVIRUS_INFECTION_48HR_UP	14	12		
DORSAM_HOXA9_TARGETS_DN	32	26		
DORSAM_HOXA9_TARGETS_UP	35	31		
DORSEY_GAB2_TARGETS	30	25		
DOUGLAS_BMI1_TARGETS_DN	314	281		
DOUGLAS_BMI1_TARGETS_UP	563		Rejected!	
DUAN_PRDM5_TARGETS	77	64		
DUNNE_TARGETS_OF_AML1_MTG8_FUSION_DN	19	15		
DUNNE_TARGETS_OF_AML1_MTG8_FUSION_UP	53	38		
DURAND_STROMA_NS_UP	169	145		
DURAND_STROMA_S_UP	300	256		
DURCHDEWALD_SKIN_CARCINOGENESIS_DN	265	234		
DURCHDEWALD_SKIN_CARCINOGENESIS_UP	96	72		
DUTERTRE_ESTRADIOL_RESPONSE_24HR_DN	504	465		
DUTERTRE_ESTRADIOL_RESPONSE_24HR_UP	323	292		
DUTERTRE_ESTRADIOL_RESPONSE_6HR_DN	91	86		
DUTERTRE_ESTRADIOL_RESPONSE_6HR_UP	228	206		
DUTTA_APOPTOSIS_VIA_NFKB	33	25		
EBAUER_MYOGENIC_TARGETS_OF_PAX3_FOXO1_FUSION	48	42		
EBAUER_TARGETS_OF_PAX3_FOXO1_FUSION_DN	49	46		
EBAUER_TARGETS_OF_PAX3_FOXO1_FUSION_UP	200	166		
EGUCHI_CELL_CYCLE_RB1_TARGETS	22	21		
EHLERS_ANEUPLOIDY_DN	12	10		
EHLERS_ANEUPLOIDY_UP	40	39		
EHRLICH_ICF_SYNDROM_DN	17	7		
EHRLICH_ICF_SYNDROM_UP	13	9		
EINAV_INTERFERON_SIGNATURE_IN_CANCER	27	23		
ELLWOOD_MYC_TARGETS_DN	43	35		
ELLWOOD_MYC_TARGETS_UP	13	12		
ELVIDGE_HIF1A_AND_HIF2A_TARGETS_DN	104	87		
ELVIDGE_HIF1A_AND_HIF2A_TARGETS_UP	41	37		
ELVIDGE_HIF1A_TARGETS_DN	91	79		
ELVIDGE_HIF1A_TARGETS_UP	67	62		
ELVIDGE_HIF2A_TARGETS_UP	6	5		
ELVIDGE_HYPOXIA_BY_DMOG_DN	59	51		
ELVIDGE_HYPOXIA_BY_DMOG_UP	132	114		
ELVIDGE_HYPOXIA_DN	147	131		
ELVIDGE_HYPOXIA_UP	171	147		
ENGELMANN_CANCER_PROGENITORS_DN	69	51		
ENGELMANN_CANCER_PROGENITORS_UP	48	42		
ENK_UV_RESPONSE_EPIDERMIS_DN	512	450		
ENK_UV_RESPONSE_EPIDERMIS_UP	296	247		
ENK_UV_RESPONSE_KERATINOCYTE_DN	481	454		
ENK_UV_RESPONSE_KERATINOCYTE_UP	533	454		
EPPERT_CE_HSC_LSC	41	36		
EPPERT_HSC_R	127	106		
EPPERT_LSC_R	42	38		
EPPERT_PROGENITOR	138	129		
FAELT_B_CLL_WITH_VH3_21_DN	49	43		
FAELT_B_CLL_WITH_VH3_21_UP	45	42		
FAELT_B_CLL_WITH_VH_REARRANGEMENTS_DN	49	47		
FAELT_B_CLL_WITH_VH_REARRANGEMENTS_UP	48	44		
FALVELLA_SMOKERS_WITH_LUNG_CANCER	81	64		
FARDIN_HYPOXIA_11	32	30		
FARDIN_HYPOXIA_9	7	6		
FARMER_BREAST_CANCER_APOCRINE_VS_BASAL	329	280		
FARMER_BREAST_CANCER_APOCRINE_VS_LUMINAL	327	274		
FARMER_BREAST_CANCER_BASAL_VS_LULMINAL	329	278		
FARMER_BREAST_CANCER_CLUSTER_1	48	25		
FARMER_BREAST_CANCER_CLUSTER_2	33	31		
FARMER_BREAST_CANCER_CLUSTER_3	16	15		
FARMER_BREAST_CANCER_CLUSTER_4	19	16		
FARMER_BREAST_CANCER_CLUSTER_5	19	18		
FARMER_BREAST_CANCER_CLUSTER_6	14	11		
FARMER_BREAST_CANCER_CLUSTER_7	20	17		
FARMER_BREAST_CANCER_CLUSTER_8	7	6		
FEKIR_HEPARG_SIDE_POP_VS_HEPARG_DN	107	70		
FEKIR_HEPARG_SIDE_POP_VS_HEPARG_UP	90	68		
FEKIR_HEPARG_SPHERE_VS_HEPARG_DN	42	31		
FEKIR_HEPARG_SPHERE_VS_HEPARG_UP	103	91		
FERNANDEZ_BOUND_BY_MYC	181	159		
FERRANDO_HOX11_NEIGHBORS	23	18		
FERRANDO_LYL1_NEIGHBORS	16	14		
FERRANDO_TAL1_NEIGHBORS	20	14		
FERRANDO_T_ALL_WITH_MLL_ENL_FUSION_DN	89	78		
FERRANDO_T_ALL_WITH_MLL_ENL_FUSION_UP	89	70		
FERRARI_RESPONSE_TO_FENRETINIDE_DN	5		Rejected!	
FERRARI_RESPONSE_TO_FENRETINIDE_UP	22	15		
FERREIRA_EWINGS_SARCOMA_UNSTABLE_VS_STABLE_DN	96	84		
FERREIRA_EWINGS_SARCOMA_UNSTABLE_VS_STABLE_UP	164	152		
FEVR_CTNNB1_TARGETS_DN	555		Rejected!	
FEVR_CTNNB1_TARGETS_UP	688		Rejected!	
FIGUEROA_AML_METHYLATION_CLUSTER_1_DN	46	38		
FIGUEROA_AML_METHYLATION_CLUSTER_1_UP	122	95		
FIGUEROA_AML_METHYLATION_CLUSTER_2_DN	9	6		
FIGUEROA_AML_METHYLATION_CLUSTER_2_UP	54	39		
FIGUEROA_AML_METHYLATION_CLUSTER_3_DN	40	36		
FIGUEROA_AML_METHYLATION_CLUSTER_3_UP	170	132		
FIGUEROA_AML_METHYLATION_CLUSTER_4_DN	15	12		
FIGUEROA_AML_METHYLATION_CLUSTER_4_UP	112	92		
FIGUEROA_AML_METHYLATION_CLUSTER_5_DN	47	33		
FIGUEROA_AML_METHYLATION_CLUSTER_5_UP	12	10		
FIGUEROA_AML_METHYLATION_CLUSTER_6_DN	37	21		
FIGUEROA_AML_METHYLATION_CLUSTER_6_UP	140	114		
FIGUEROA_AML_METHYLATION_CLUSTER_7_DN	5		Rejected!	
FIGUEROA_AML_METHYLATION_CLUSTER_7_UP	118	95		
FINAK_BREAST_CANCER_SDPP_SIGNATURE	26	19		
FINETTI_BREAST_CANCERS_KINOME_BLUE	21	19		
FINETTI_BREAST_CANCERS_KINOME_GRAY	15	15		
FINETTI_BREAST_CANCER_KINOME_GREEN	16	14		
FINETTI_BREAST_CANCER_KINOME_RED	16	16		
FIRESTEIN_CTNNB1_PATHWAY	32	29		
FIRESTEIN_CTNNB1_PATHWAY_AND_PROLIFERATION	9	9		
FIRESTEIN_PROLIFERATION	166	156		
FISCHER_DIRECT_P53_TARGETS_META_ANALYSIS	311	282		
FISCHER_DREAM_TARGETS	969		Rejected!	
FISCHER_G1_S_CELL_CYCLE	200	181		
FISCHER_G2_M_CELL_CYCLE	236	221		
FLECHNER_BIOPSY_KIDNEY_TRANSPLANT_OK_VS_DONOR_DN	24	20		
FLECHNER_BIOPSY_KIDNEY_TRANSPLANT_OK_VS_DONOR_UP	568	496		
FLECHNER_BIOPSY_KIDNEY_TRANSPLANT_REJECTED_VS_OK_DN	553	467		
FLECHNER_BIOPSY_KIDNEY_TRANSPLANT_REJECTED_VS_OK_UP	88	70		
FLECHNER_PBL_KIDNEY_TRANSPLANT_OK_VS_DONOR_DN	42	38		
FLECHNER_PBL_KIDNEY_TRANSPLANT_OK_VS_DONOR_UP	154	143		
FLECHNER_PBL_KIDNEY_TRANSPLANT_REJECTED_VS_OK_DN	51	44		
FLECHNER_PBL_KIDNEY_TRANSPLANT_REJECTED_VS_OK_UP	65	60		
FLORIO_HUMAN_NEOCORTEX	47	10		
FLORIO_NEOCORTEX_BASAL_RADIAL_GLIA_DN	190	176		
FLORIO_NEOCORTEX_BASAL_RADIAL_GLIA_UP	384	265		
FLOTHO_PEDIATRIC_ALL_THERAPY_RESPONSE_DN	31	28		
FLOTHO_PEDIATRIC_ALL_THERAPY_RESPONSE_UP	52	50		
FONTAINE_FOLLICULAR_THYROID_ADENOMA_DN	70	59		
FONTAINE_FOLLICULAR_THYROID_ADENOMA_UP	78	63		
FONTAINE_PAPILLARY_THYROID_CARCINOMA_DN	80	58		
FONTAINE_PAPILLARY_THYROID_CARCINOMA_UP	66	56		
FONTAINE_THYROID_TUMOR_UNCERTAIN_MALIGNANCY_DN	26	19		
FONTAINE_THYROID_TUMOR_UNCERTAIN_MALIGNANCY_UP	38	33		
FOROUTAN_INTEGRATED_TGFB_EMT_DN	74	58		
FOROUTAN_INTEGRATED_TGFB_EMT_UP	120	99		
FOROUTAN_PRODRANK_TGFB_EMT_DN	82	68		
FOROUTAN_PRODRANK_TGFB_EMT_UP	185	163		
FOROUTAN_TGFB_EMT_DN	108	88		
FOROUTAN_TGFB_EMT_UP	192	167		
FORTSCHEGGER_PHF8_TARGETS_DN	783		Rejected!	
FORTSCHEGGER_PHF8_TARGETS_UP	278	234		
FOSTER_KDM1A_TARGETS_DN	202	183		
FOSTER_KDM1A_TARGETS_UP	263	192		
FOSTER_TOLERANT_MACROPHAGE_DN	418	372		
FOSTER_TOLERANT_MACROPHAGE_UP	166	131		
FOURNIER_ACINAR_DEVELOPMENT_EARLY_DN	6	5		
FOURNIER_ACINAR_DEVELOPMENT_EARLY_UP	20	18		
FOURNIER_ACINAR_DEVELOPMENT_LATE_2	281	263		
FOURNIER_ACINAR_DEVELOPMENT_LATE_DN	22	19		
FOURNIER_ACINAR_DEVELOPMENT_LATE_UP	11	10		
FRASOR_RESPONSE_TO_ESTRADIOL_DN	78	65		
FRASOR_RESPONSE_TO_ESTRADIOL_UP	35	28		
FRASOR_RESPONSE_TO_SERM_OR_FULVESTRANT_DN	49	47		
FRASOR_RESPONSE_TO_SERM_OR_FULVESTRANT_UP	23	20		
FRASOR_TAMOXIFEN_RESPONSE_DN	12	11		
FRASOR_TAMOXIFEN_RESPONSE_UP	51	49		
FREDERICK_PRKCI_TARGETS	10	7		
FRIDMAN_IMMORTALIZATION_DN	33	25		
FRIDMAN_SENESCENCE_DN	13	11		
FRIDMAN_SENESCENCE_UP	77	63		
FUJII_YBX1_TARGETS_DN	194	185		
FUJII_YBX1_TARGETS_UP	43	39		
FUJIWARA_PARK2_HEPATOCYTE_PROLIFERATION_DN	8	6		
FUJIWARA_PARK2_HEPATOCYTE_PROLIFERATION_UP	12	5		
FUJIWARA_PARK2_IN_LIVER_CANCER_DN	5		Rejected!	
FUJIWARA_PARK2_IN_LIVER_CANCER_UP	8	7		
FUKUSHIMA_TNFSF11_TARGETS	16	16		
FULCHER_INFLAMMATORY_RESPONSE_LECTIN_VS_LPS_DN	458	358		
FULCHER_INFLAMMATORY_RESPONSE_LECTIN_VS_LPS_UP	585	487		
FUNG_IL2_SIGNALING_1	10	6		
FUNG_IL2_SIGNALING_2	12	9		
FUNG_IL2_TARGETS_WITH_STAT5_BINDING_SITES	7		Rejected!	
FUNG_IL2_TARGETS_WITH_STAT5_BINDING_SITES_T1	9	6		
FURUKAWA_DUSP6_TARGETS_PCI35_DN	73	65		
FURUKAWA_DUSP6_TARGETS_PCI35_UP	73	51		
FU_INTERACT_WITH_ALKBH8	13	12		
GABRIELY_MIR21_TARGETS	289	267		
GAJATE_RESPONSE_TO_TRABECTEDIN_DN	20	18		
GAJATE_RESPONSE_TO_TRABECTEDIN_UP	66	50		
GALE_APL_WITH_FLT3_MUTATED_DN	17	12		
GALE_APL_WITH_FLT3_MUTATED_UP	59	55		
GALIE_TUMOR_ANGIOGENESIS	8	7		
GALIE_TUMOR_STEMNESS_GENES	6	5		
GALINDO_IMMUNE_RESPONSE_TO_ENTEROTOXIN	79	68		
GALI_TP53_TARGETS_APOPTOTIC_DN	6		Rejected!	
GALI_TP53_TARGETS_APOPTOTIC_UP	8	8		
GALLUZZI_PERMEABILIZE_MITOCHONDRIA	41	36		
GALLUZZI_PREVENT_MITOCHONDIAL_PERMEABILIZATION	14	14		
GAL_LEUKEMIC_STEM_CELL_DN	237	183		
GAL_LEUKEMIC_STEM_CELL_UP	130	108		
GARCIA_TARGETS_OF_FLI1_AND_DAX1_DN	168	144		
GARCIA_TARGETS_OF_FLI1_AND_DAX1_UP	50	45		
GARGALOVIC_RESPONSE_TO_OXIDIZED_PHOSPHOLIPIDS_BLACK_DN	11	11		
GARGALOVIC_RESPONSE_TO_OXIDIZED_PHOSPHOLIPIDS_BLACK_UP	35	32		
GARGALOVIC_RESPONSE_TO_OXIDIZED_PHOSPHOLIPIDS_BLUE_DN	62	55		
GARGALOVIC_RESPONSE_TO_OXIDIZED_PHOSPHOLIPIDS_BLUE_UP	139	117		
GARGALOVIC_RESPONSE_TO_OXIDIZED_PHOSPHOLIPIDS_BROWN_UP	16	14		
GARGALOVIC_RESPONSE_TO_OXIDIZED_PHOSPHOLIPIDS_CYAN_UP	17	15		
GARGALOVIC_RESPONSE_TO_OXIDIZED_PHOSPHOLIPIDS_GREEN_DN	24	21		
GARGALOVIC_RESPONSE_TO_OXIDIZED_PHOSPHOLIPIDS_GREEN_UP	26	19		
GARGALOVIC_RESPONSE_TO_OXIDIZED_PHOSPHOLIPIDS_GREY_DN	80	69		
GARGALOVIC_RESPONSE_TO_OXIDIZED_PHOSPHOLIPIDS_GREY_UP	18	15		
GARGALOVIC_RESPONSE_TO_OXIDIZED_PHOSPHOLIPIDS_LIGHTGREEN_DN	8	8		
GARGALOVIC_RESPONSE_TO_OXIDIZED_PHOSPHOLIPIDS_LIGHTYELLOW_UP	11	11		
GARGALOVIC_RESPONSE_TO_OXIDIZED_PHOSPHOLIPIDS_MAGENTA_DN	12	12		
GARGALOVIC_RESPONSE_TO_OXIDIZED_PHOSPHOLIPIDS_MAGENTA_UP	29	22		
GARGALOVIC_RESPONSE_TO_OXIDIZED_PHOSPHOLIPIDS_PINK_DN	34	30		
GARGALOVIC_RESPONSE_TO_OXIDIZED_PHOSPHOLIPIDS_PURPLE_DN	13	9		
GARGALOVIC_RESPONSE_TO_OXIDIZED_PHOSPHOLIPIDS_RED_DN	26	26		
GARGALOVIC_RESPONSE_TO_OXIDIZED_PHOSPHOLIPIDS_RED_UP	16	16		
GARGALOVIC_RESPONSE_TO_OXIDIZED_PHOSPHOLIPIDS_SALMON_DN	15	12		
GARGALOVIC_RESPONSE_TO_OXIDIZED_PHOSPHOLIPIDS_TAN_DN	11	10		
GARGALOVIC_RESPONSE_TO_OXIDIZED_PHOSPHOLIPIDS_TURQUOISE_DN	56	50		
GARGALOVIC_RESPONSE_TO_OXIDIZED_PHOSPHOLIPIDS_TURQUOISE_UP	83	71		
GARGALOVIC_RESPONSE_TO_OXIDIZED_PHOSPHOLIPIDS_YELLOW_DN	23	21		
GARGALOVIC_RESPONSE_TO_OXIDIZED_PHOSPHOLIPIDS_YELLOW_UP	32	30		
GARY_CD5_TARGETS_DN	440	395		
GARY_CD5_TARGETS_UP	473	425		
GAURNIER_PSMD4_TARGETS	73	30		
GAUSSMANN_MLL_AF4_FUSION_TARGETS_A_DN	95	74		
GAUSSMANN_MLL_AF4_FUSION_TARGETS_A_UP	195	165		
GAUSSMANN_MLL_AF4_FUSION_TARGETS_B_DN	8	7		
GAUSSMANN_MLL_AF4_FUSION_TARGETS_B_UP	27	23		
GAUSSMANN_MLL_AF4_FUSION_TARGETS_C_DN	23	18		
GAUSSMANN_MLL_AF4_FUSION_TARGETS_C_UP	174	155		
GAUSSMANN_MLL_AF4_FUSION_TARGETS_D_DN	10	6		
GAUSSMANN_MLL_AF4_FUSION_TARGETS_D_UP	38	34		
GAUSSMANN_MLL_AF4_FUSION_TARGETS_E_DN	22	15		
GAUSSMANN_MLL_AF4_FUSION_TARGETS_E_UP	98	78		
GAUSSMANN_MLL_AF4_FUSION_TARGETS_F_DN	35	26		
GAUSSMANN_MLL_AF4_FUSION_TARGETS_F_UP	184	161		
GAUSSMANN_MLL_AF4_FUSION_TARGETS_G_DN	34	29		
GAUSSMANN_MLL_AF4_FUSION_TARGETS_G_UP	245	200		
GAUTSCHI_SRC_SIGNALING	8	7		
GAVIN_FOXP3_TARGETS_CLUSTER_P2	81	64		
GAVIN_FOXP3_TARGETS_CLUSTER_P3	161	138		
GAVIN_FOXP3_TARGETS_CLUSTER_P4	100	85		
GAVIN_FOXP3_TARGETS_CLUSTER_P6	93	88		
GAVIN_FOXP3_TARGETS_CLUSTER_P7	91	73		
GAVIN_FOXP3_TARGETS_CLUSTER_T4	97	85		
GAVIN_FOXP3_TARGETS_CLUSTER_T7	101	91		
GAVIN_IL2_RESPONSIVE_FOXP3_TARGETS_DN	5	5		
GAVIN_IL2_RESPONSIVE_FOXP3_TARGETS_UP	19	15		
GAVIN_PDE3B_TARGETS	22	19		
GAZDA_DIAMOND_BLACKFAN_ANEMIA_ERYTHROID_DN	471	376		
GAZDA_DIAMOND_BLACKFAN_ANEMIA_ERYTHROID_UP	26	23		
GAZDA_DIAMOND_BLACKFAN_ANEMIA_MYELOID_DN	41	34		
GAZDA_DIAMOND_BLACKFAN_ANEMIA_MYELOID_UP	30	28		
GAZDA_DIAMOND_BLACKFAN_ANEMIA_PROGENITOR_DN	66	56		
GAZDA_DIAMOND_BLACKFAN_ANEMIA_PROGENITOR_UP	39	32		
GAZIN_EPIGENETIC_SILENCING_BY_KRAS	25	23		
GEISS_RESPONSE_TO_DSRNA_DN	16	13		
GEISS_RESPONSE_TO_DSRNA_UP	39	31		
GENTILE_RESPONSE_CLUSTER_D3	53	50		
GENTILE_UV_HIGH_DOSE_DN	289	266		
GENTILE_UV_HIGH_DOSE_UP	23	15		
GENTILE_UV_LOW_DOSE_DN	64	61		
GENTILE_UV_LOW_DOSE_UP	25	15		
GENTILE_UV_RESPONSE_CLUSTER_D1	17	16		
GENTILE_UV_RESPONSE_CLUSTER_D2	38	35		
GENTILE_UV_RESPONSE_CLUSTER_D4	54	52		
GENTILE_UV_RESPONSE_CLUSTER_D5	35	33		
GENTILE_UV_RESPONSE_CLUSTER_D6	35	33		
GENTILE_UV_RESPONSE_CLUSTER_D7	37	35		
GENTILE_UV_RESPONSE_CLUSTER_D8	37	34		
GENTILE_UV_RESPONSE_CLUSTER_D9	26	25		
GENTLES_LEUKEMIC_STEM_CELL_DN	19	12		
GENTLES_LEUKEMIC_STEM_CELL_UP	29	23		
GEORGES_CELL_CYCLE_MIR192_TARGETS	62	60		
GEORGES_TARGETS_OF_MIR192_AND_MIR215	892		Rejected!	
GERHOLD_ADIPOGENESIS_DN	62	56		
GERHOLD_ADIPOGENESIS_UP	48	40		
GERHOLD_RESPONSE_TO_TZD_DN	13	11		
GERHOLD_RESPONSE_TO_TZD_UP	6	5		
GERY_CEBP_TARGETS	131	106		
GESERICK_TERT_TARGETS_DN	21	18		
GHANDHI_BYSTANDER_IRRADIATION_DN	12	9		
GHANDHI_BYSTANDER_IRRADIATION_UP	84	58		
GHANDHI_DIRECT_IRRADIATION_DN	35	27		
GHANDHI_DIRECT_IRRADIATION_UP	105	72		
GHO_ATF5_TARGETS_DN	16	15		
GHO_ATF5_TARGETS_UP	13	12		
GILDEA_METASTASIS	29	23		
GILMORE_CORE_NFKB_PATHWAY	13	12		
GINESTIER_BREAST_CANCER_20Q13_AMPLIFICATION_DN	184	157		
GINESTIER_BREAST_CANCER_20Q13_AMPLIFICATION_UP	110	98		
GINESTIER_BREAST_CANCER_ZNF217_AMPLIFIED_DN	338	308		
GINESTIER_BREAST_CANCER_ZNF217_AMPLIFIED_UP	69	63		
GLASS_IGF2BP1_CLIP_TARGETS_KNOCKDOWN_DN	117	113		
GLINSKY_CANCER_DEATH_UP	7	7		
GNATENKO_PLATELET_SIGNATURE	44	34		
GOBERT_CORE_OLIGODENDROCYTE_DIFFERENTIATION	43	42		
GOBERT_OLIGODENDROCYTE_DIFFERENTIATION_DN	1102		Rejected!	
GOBERT_OLIGODENDROCYTE_DIFFERENTIATION_UP	578		Rejected!	
GOERING_BLOOD_HDL_CHOLESTEROL_QTL_CIS	13	6		
GOERING_BLOOD_HDL_CHOLESTEROL_QTL_TRANS	14	11		
GOLDRATH_ANTIGEN_RESPONSE	366	307		
GOLDRATH_HOMEOSTATIC_PROLIFERATION	150	139		
GOLDRATH_IMMUNE_MEMORY	66	59		
GOLUB_ALL_VS_AML_DN	23	18		
GOLUB_ALL_VS_AML_UP	24	23		
GOTTWEIN_TARGETS_OF_KSHV_MIR_K12_11	63	56		
GOTZMANN_EPITHELIAL_TO_MESENCHYMAL_TRANSITION_DN	208	180		
GOTZMANN_EPITHELIAL_TO_MESENCHYMAL_TRANSITION_UP	68	62		
GOUYER_TATI_TARGETS_DN	17	14		
GOUYER_TATI_TARGETS_UP	10	6		
GOUYER_TUMOR_INVASIVENESS	9	6		
GOZGIT_ESR1_TARGETS_DN	786		Rejected!	
GOZGIT_ESR1_TARGETS_UP	149	116		
GRABARCZYK_BCL11B_TARGETS_DN	61	51		
GRABARCZYK_BCL11B_TARGETS_UP	81	61		
GRADE_COLON_AND_RECTAL_CANCER_DN	102	84		
GRADE_COLON_AND_RECTAL_CANCER_UP	290	265		
GRADE_COLON_VS_RECTAL_CANCER_DN	56	47		
GRADE_COLON_VS_RECTAL_CANCER_UP	38	35		
GRAESSMANN_APOPTOSIS_BY_DOXORUBICIN_DN	1776		Rejected!	
GRAESSMANN_APOPTOSIS_BY_DOXORUBICIN_UP	1151		Rejected!	
GRAESSMANN_APOPTOSIS_BY_SERUM_DEPRIVATION_DN	238	208		
GRAESSMANN_APOPTOSIS_BY_SERUM_DEPRIVATION_UP	567	468		
GRAESSMANN_RESPONSE_TO_MC_AND_DOXORUBICIN_DN	776		Rejected!	
GRAESSMANN_RESPONSE_TO_MC_AND_DOXORUBICIN_UP	611		Rejected!	
GRAESSMANN_RESPONSE_TO_MC_AND_SERUM_DEPRIVATION_DN	86	76		
GRAESSMANN_RESPONSE_TO_MC_AND_SERUM_DEPRIVATION_UP	218	175		
GRAHAM_CML_DIVIDING_VS_NORMAL_DIVIDING_DN	10		Rejected!	
GRAHAM_CML_DIVIDING_VS_NORMAL_DIVIDING_UP	13	5		
GRAHAM_CML_DIVIDING_VS_NORMAL_QUIESCENT_DN	94	65		
GRAHAM_CML_DIVIDING_VS_NORMAL_QUIESCENT_UP	185	162		
GRAHAM_CML_QUIESCENT_VS_CML_DIVIDING_DN	12	7		
GRAHAM_CML_QUIESCENT_VS_CML_DIVIDING_UP	24	11		
GRAHAM_CML_QUIESCENT_VS_NORMAL_DIVIDING_DN	12	5		
GRAHAM_CML_QUIESCENT_VS_NORMAL_DIVIDING_UP	59	35		
GRAHAM_CML_QUIESCENT_VS_NORMAL_QUIESCENT_DN	46	27		
GRAHAM_CML_QUIESCENT_VS_NORMAL_QUIESCENT_UP	94	73		
GRAHAM_NORMAL_QUIESCENT_VS_NORMAL_DIVIDING_DN	89	81		
GRAHAM_NORMAL_QUIESCENT_VS_NORMAL_DIVIDING_UP	64	47		
GRANDVAUX_IFN_RESPONSE_NOT_VIA_IRF3	14	9		
GRANDVAUX_IRF3_TARGETS_DN	18	17		
GRANDVAUX_IRF3_TARGETS_UP	13	9		
GRASEMANN_RETINOBLASTOMA_WITH_6P_AMPLIFICATION	14	14		
GRATIAS_RETINOBLASTOMA_16Q24	18	18		
GREENBAUM_E2A_TARGETS_DN	18	14		
GREENBAUM_E2A_TARGETS_UP	33	31		
GREGORY_SYNTHETIC_LETHAL_WITH_IMATINIB	145	113		
GRESHOCK_CANCER_COPY_NUMBER_UP	323	292		
GROSS_ELK3_TARGETS_DN	33	24		
GROSS_ELK3_TARGETS_UP	27	21		
GROSS_HIF1A_TARGETS_DN	26	21		
GROSS_HIF1A_TARGETS_UP	7		Rejected!	
GROSS_HYPOXIA_VIA_ELK3_AND_HIF1A_DN	104	96		
GROSS_HYPOXIA_VIA_ELK3_AND_HIF1A_UP	143	130		
GROSS_HYPOXIA_VIA_ELK3_DN	155	129		
GROSS_HYPOXIA_VIA_ELK3_ONLY_DN	44	41		
GROSS_HYPOXIA_VIA_ELK3_ONLY_UP	34	24		
GROSS_HYPOXIA_VIA_ELK3_UP	210	191		
GROSS_HYPOXIA_VIA_HIF1A_DN	110	94		
GROSS_HYPOXIA_VIA_HIF1A_ONLY	8	7		
GROSS_HYPOXIA_VIA_HIF1A_UP	78	71		
GRUETZMANN_PANCREATIC_CANCER_DN	200	161		
GRUETZMANN_PANCREATIC_CANCER_UP	359	315		
GRYDER_PAX3FOXO1_ENHANCERS_IN_TADS	1009		Rejected!	
GRYDER_PAX3FOXO1_ENHANCERS_KO_DOWN	438	389		
GRYDER_PAX3FOXO1_TOP_ENHANCERS	441	411		
GUENTHER_GROWTH_SPHERICAL_VS_ADHERENT_DN	26	23		
GUENTHER_GROWTH_SPHERICAL_VS_ADHERENT_UP	22	17		
GUILLAUMOND_KLF10_TARGETS_DN	30	26		
GUILLAUMOND_KLF10_TARGETS_UP	50	40		
GUO_HEX_TARGETS_DN	66	52		
GUO_HEX_TARGETS_UP	78	73		
GUO_TARGETS_OF_IRS1_AND_IRS2	97	88		
GUTIERREZ_CHRONIC_LYMPHOCYTIC_LEUKEMIA_DN	56	45		
GUTIERREZ_CHRONIC_LYMPHOCYTIC_LEUKEMIA_UP	12	9		
GUTIERREZ_MULTIPLE_MYELOMA_UP	36	33		
GUTIERREZ_WALDENSTROEMS_MACROGLOBULINEMIA_1_DN	9	6		
GUTIERREZ_WALDENSTROEMS_MACROGLOBULINEMIA_1_UP	10	10		
GUTIERREZ_WALDENSTROEMS_MACROGLOBULINEMIA_2	13	7		
GU_PDEF_TARGETS_DN	40	27		
GU_PDEF_TARGETS_UP	71	66		
GYORFFY_DOXORUBICIN_RESISTANCE	39	30		
GYORFFY_MITOXANTRONE_RESISTANCE	35	30		
HADDAD_B_LYMPHOCYTE_PROGENITOR	290	238		
HADDAD_T_LYMPHOCYTE_AND_NK_PROGENITOR_DN	64	44		
HADDAD_T_LYMPHOCYTE_AND_NK_PROGENITOR_UP	81	69		
HAEGERSTRAND_RESPONSE_TO_IMATINIB	9	8		
HAHTOLA_CTCL_CUTANEOUS	26	20		
HAHTOLA_CTCL_PATHOGENESIS	15	7		
HAHTOLA_MYCOSIS_FUNGOIDES_CD4_DN	115	105		
HAHTOLA_MYCOSIS_FUNGOIDES_CD4_UP	63	46		
HAHTOLA_MYCOSIS_FUNGOIDES_DN	17	11		
HAHTOLA_MYCOSIS_FUNGOIDES_SKIN_DN	27	21		
HAHTOLA_MYCOSIS_FUNGOIDES_SKIN_UP	177	159		
HAHTOLA_MYCOSIS_FUNGOIDES_UP	18	14		
HAHTOLA_SEZARY_SYNDROM_DN	43	27		
HAHTOLA_SEZARY_SYNDROM_UP	99	76		
HALMOS_CEBPA_TARGETS_DN	45	36		
HALMOS_CEBPA_TARGETS_UP	49	35		
HAMAI_APOPTOSIS_VIA_TRAIL_DN	203	160		
HAMAI_APOPTOSIS_VIA_TRAIL_UP	656		Rejected!	
HANN_RESISTANCE_TO_BCL2_INHIBITOR_DN	48	34		
HANN_RESISTANCE_TO_BCL2_INHIBITOR_UP	36	28		
HANSON_HRAS_SIGNALING_VIA_NFKB	24	16		
HAN_JNK_SINGALING_DN	40	29		
HAN_JNK_SINGALING_UP	35	27		
HAN_SATB1_TARGETS_DN	388	323		
HAN_SATB1_TARGETS_UP	425	361		
HARRIS_BRAIN_CANCER_PROGENITORS	43	32		
HARRIS_HYPOXIA	81	64		
HASEGAWA_TUMORIGENESIS_BY_RET_C634R	9		Rejected!	
HASINA_NOL7_TARGETS_DN	13	12		
HASINA_NOL7_TARGETS_UP	13	12		
HASLINGER_B_CLL_WITH_11Q23_DELETION	23	22		
HASLINGER_B_CLL_WITH_13Q14_DELETION	24	23		
HASLINGER_B_CLL_WITH_17P13_DELETION	22	21		
HASLINGER_B_CLL_WITH_6Q21_DELETION	22	20		
HASLINGER_B_CLL_WITH_CHROMOSOME_12_TRISOMY	23	20		
HASLINGER_B_CLL_WITH_MUTATED_VH_GENES	18	16		
HATADA_METHYLATED_IN_LUNG_CANCER_DN	36	29		
HATADA_METHYLATED_IN_LUNG_CANCER_UP	377	302		
HEBERT_MATRISOME_TNBC_BONE_BRAIN_LIVER_LUNG_METASTASTASES	13	12		
HEBERT_MATRISOME_TNBC_BONE_BRAIN_LUNG_LIVER_METASTASTASES_TUMOR_CELL_DERIVED	7	7		
HEBERT_MATRISOME_TNBC_BONE_METASTASIS	11	7		
HEBERT_MATRISOME_TNBC_BONE_METASTASIS_TUMOR_CELL_DERIVED	5		Rejected!	
HEBERT_MATRISOME_TNBC_BRAIN_METASTASIS	26	24		
HEBERT_MATRISOME_TNBC_BRAIN_METASTASIS_TUMOR_CELL_DERIVED	12	12		
HEBERT_MATRISOME_TNBC_LIVER_METASTASIS	14	10		
HEBERT_MATRISOME_TNBC_LUNG_METASTASIS	23	21		
HEBERT_MATRISOME_TNBC_LUNG_METASTASIS_TUMOR_CELL_DERIVED	6	6		
HECKER_IFNB1_TARGETS	95	66		
HEDENFALK_BREAST_CANCER_BRACX_DN	20	19		
HEDENFALK_BREAST_CANCER_BRACX_UP	19	18		
HEDVAT_ELF4_TARGETS_UP	12	8		
HEIDENBLAD_AMPLICON_12P11_12_DN	25	17		
HEIDENBLAD_AMPLICON_12P11_12_UP	36	31		
HEIDENBLAD_AMPLICON_8Q24_DN	39	33		
HEIDENBLAD_AMPLICON_8Q24_UP	41	35		
HEIDENBLAD_AMPLIFIED_IN_BONE_CANCER	7	6		
HEIDENBLAD_AMPLIFIED_IN_PANCREATIC_CANCER	57	51		
HEIDENBLAD_AMPLIFIED_IN_SOFT_TISSUE_CANCER	13	12		
HELLEBREKERS_SILENCED_DURING_TUMOR_ANGIOGENESIS	77	58		
HELLER_HDAC_TARGETS_DN	293	244		
HELLER_HDAC_TARGETS_SILENCED_BY_METHYLATION_DN	282	240		
HELLER_HDAC_TARGETS_SILENCED_BY_METHYLATION_UP	461	377		
HELLER_HDAC_TARGETS_UP	317	271		
HELLER_SILENCED_BY_METHYLATION_DN	107	88		
HELLER_SILENCED_BY_METHYLATION_UP	283	206		
HENDRICKS_SMARCA4_TARGETS_DN	49	35		
HENDRICKS_SMARCA4_TARGETS_UP	54	38		
HERNANDEZ_ABERRANT_MITOSIS_BY_DOCETACEL_2NM_DN	22	14		
HERNANDEZ_ABERRANT_MITOSIS_BY_DOCETACEL_2NM_UP	71	62		
HERNANDEZ_ABERRANT_MITOSIS_BY_DOCETACEL_4NM_DN	6	5		
HERNANDEZ_ABERRANT_MITOSIS_BY_DOCETACEL_4NM_UP	23	18		
HERNANDEZ_MITOTIC_ARREST_BY_DOCETAXEL_1_DN	37	28		
HERNANDEZ_MITOTIC_ARREST_BY_DOCETAXEL_1_UP	35	22		
HERNANDEZ_MITOTIC_ARREST_BY_DOCETAXEL_2_DN	18	9		
HERNANDEZ_MITOTIC_ARREST_BY_DOCETAXEL_2_UP	61	47		
HESSON_TUMOR_SUPPRESSOR_CLUSTER_3P21_3	8	8		
HESS_TARGETS_OF_HOXA9_AND_MEIS1_DN	84	70		
HESS_TARGETS_OF_HOXA9_AND_MEIS1_UP	69	59		
HE_PTEN_TARGETS_DN	7	7		
HE_PTEN_TARGETS_UP	18	18		
HILLION_HMGA1B_TARGETS	86	75		
HILLION_HMGA1_TARGETS	84	73		
HINATA_NFKB_TARGETS_FIBROBLAST_UP	81	67		
HINATA_NFKB_TARGETS_KERATINOCYTE_DN	23	14		
HINATA_NFKB_TARGETS_KERATINOCYTE_UP	84	67		
HIRSCH_CELLULAR_TRANSFORMATION_SIGNATURE_DN	102	93		
HIRSCH_CELLULAR_TRANSFORMATION_SIGNATURE_UP	242	216		
HOEBEKE_LYMPHOID_STEM_CELL_DN	88	75		
HOEBEKE_LYMPHOID_STEM_CELL_UP	97	81		
HOEGERKORP_CD44_TARGETS_DIRECT_DN	14	10		
HOEGERKORP_CD44_TARGETS_DIRECT_UP	26	20		
HOEGERKORP_CD44_TARGETS_TEMPORAL_DN	25	20		
HOEGERKORP_CD44_TARGETS_TEMPORAL_UP	12	11		
HOELZEL_NF1_TARGETS_DN	118	92		
HOELZEL_NF1_TARGETS_UP	141	112		
HOFFMANN_IMMATURE_TO_MATURE_B_LYMPHOCYTE_DN	48	43		
HOFFMANN_IMMATURE_TO_MATURE_B_LYMPHOCYTE_UP	40	31		
HOFFMANN_LARGE_TO_SMALL_PRE_BII_LYMPHOCYTE_DN	69	58		
HOFFMANN_LARGE_TO_SMALL_PRE_BII_LYMPHOCYTE_UP	153	143		
HOFFMANN_PRE_BI_TO_LARGE_PRE_BII_LYMPHOCYTE_DN	75	65		
HOFFMANN_PRE_BI_TO_LARGE_PRE_BII_LYMPHOCYTE_UP	29	23		
HOFFMANN_SMALL_PRE_BII_TO_IMMATURE_B_LYMPHOCYTE_DN	38	31		
HOFFMANN_SMALL_PRE_BII_TO_IMMATURE_B_LYMPHOCYTE_UP	67	52		
HOFFMAN_CLOCK_TARGETS_DN	10	5		
HOFFMAN_CLOCK_TARGETS_UP	10	6		
HOFMANN_CELL_LYMPHOMA_DN	40	34		
HOFMANN_CELL_LYMPHOMA_UP	48	42		
HOFMANN_MYELODYSPLASTIC_SYNDROM_HIGH_RISK_DN	20	11		
HOFMANN_MYELODYSPLASTIC_SYNDROM_HIGH_RISK_UP	10	10		
HOFMANN_MYELODYSPLASTIC_SYNDROM_LOW_RISK_DN	29	24		
HOFMANN_MYELODYSPLASTIC_SYNDROM_LOW_RISK_UP	21	16		
HOFMANN_MYELODYSPLASTIC_SYNDROM_RISK_DN	23	15		
HOFMANN_MYELODYSPLASTIC_SYNDROM_RISK_UP	23	18		
HOLLEMAN_ASPARAGINASE_RESISTANCE_ALL_DN	26	25		
HOLLEMAN_ASPARAGINASE_RESISTANCE_ALL_UP	23	20		
HOLLEMAN_ASPARAGINASE_RESISTANCE_B_ALL_DN	15	13		
HOLLEMAN_ASPARAGINASE_RESISTANCE_B_ALL_UP	28	28		
HOLLEMAN_DAUNORUBICIN_ALL_DN	8	7		
HOLLEMAN_DAUNORUBICIN_ALL_UP	7	6		
HOLLEMAN_DAUNORUBICIN_B_ALL_DN	12	11		
HOLLEMAN_DAUNORUBICIN_B_ALL_UP	10	9		
HOLLEMAN_PREDNISOLONE_RESISTANCE_ALL_DN	11	9		
HOLLEMAN_PREDNISOLONE_RESISTANCE_ALL_UP	20	19		
HOLLEMAN_PREDNISOLONE_RESISTANCE_B_ALL_DN	12	10		
HOLLEMAN_PREDNISOLONE_RESISTANCE_B_ALL_UP	22	21		
HOLLEMAN_VINCRISTINE_RESISTANCE_ALL_DN	20	16		
HOLLEMAN_VINCRISTINE_RESISTANCE_ALL_UP	27	25		
HOLLEMAN_VINCRISTINE_RESISTANCE_B_ALL_DN	16	15		
HOLLEMAN_VINCRISTINE_RESISTANCE_B_ALL_UP	39	34		
HOLLERN_ADENOMYOEPITHELIAL_BREAST_TUMOR	17	15		
HOLLERN_EMT_BREAST_TUMOR_DN	123	106		
HOLLERN_EMT_BREAST_TUMOR_UP	140	117		
HOLLERN_MICROACINAR_BREAST_TUMOR_DN	15	13		
HOLLERN_MICROACINAR_BREAST_TUMOR_UP	46	30		
HOLLERN_PAPILLARY_BREAST_TUMOR	19	14		
HOLLERN_SOLID_NODULAR_BREAST_TUMOR_DN	30	26		
HOLLERN_SOLID_NODULAR_BREAST_TUMOR_UP	11	9		
HOLLERN_SQUAMOUS_BREAST_TUMOR	173	103		
HOLLMANN_APOPTOSIS_VIA_CD40_DN	267	220		
HOLLMANN_APOPTOSIS_VIA_CD40_UP	203	181		
HONMA_DOCETAXEL_RESISTANCE	35	31		
HONRADO_BREAST_CANCER_BRCA1_VS_BRCA2	17	16		
HOOI_ST7_TARGETS_DN	115	90		
HOOI_ST7_TARGETS_UP	93	80		
HOQUE_METHYLATED_IN_CANCER	56	46		
HORIUCHI_WTAP_TARGETS_DN	320	287		
HORIUCHI_WTAP_TARGETS_UP	309	249		
HORTON_SREBF_TARGETS	24	23		
HOSHIDA_LIVER_CANCER_LATE_RECURRENCE_DN	70	61		
HOSHIDA_LIVER_CANCER_LATE_RECURRENCE_UP	62	53		
HOSHIDA_LIVER_CANCER_SUBCLASS_S1	235	200		
HOSHIDA_LIVER_CANCER_SUBCLASS_S2	115	104		
HOSHIDA_LIVER_CANCER_SUBCLASS_S3	266	212		
HOSHIDA_LIVER_CANCER_SURVIVAL_DN	113	96		
HOSHIDA_LIVER_CANCER_SURVIVAL_UP	73	61		
HOUNKPE_HOUSEKEEPING_GENES	1129		Rejected!	
HOUSTIS_ROS	36	32		
HOWLIN_CITED1_TARGETS_1_DN	39	34		
HOWLIN_CITED1_TARGETS_1_UP	36	26		
HOWLIN_CITED1_TARGETS_2_DN	18	16		
HOWLIN_CITED1_TARGETS_2_UP	20	16		
HOWLIN_PUBERTAL_MAMMARY_GLAND	66	45		
HO_LIVER_CANCER_VASCULAR_INVASION	13	10		
HSIAO_HOUSEKEEPING_GENES	397	349		
HSIAO_LIVER_SPECIFIC_GENES	249	165		
HUANG_AML_LSC47	47	39		
HUANG_DASATINIB_RESISTANCE_DN	70	59		
HUANG_DASATINIB_SENSITIVITY_UP	80	72		
HUANG_FOXA2_TARGETS_DN	38	31		
HUANG_FOXA2_TARGETS_UP	47	43		
HUANG_GATA2_TARGETS_DN	74	63		
HUANG_GATA2_TARGETS_UP	152	125		
HUI_MAPK14_TARGETS_UP	19	16		
HUMMEL_BURKITTS_LYMPHOMA_DN	15	14		
HUMMEL_BURKITTS_LYMPHOMA_UP	43	35		
HUMMERICH_BENIGN_SKIN_TUMOR_DN	20	17		
HUMMERICH_BENIGN_SKIN_TUMOR_UP	16	10		
HUMMERICH_MALIGNANT_SKIN_TUMOR_DN	20	16		
HUMMERICH_MALIGNANT_SKIN_TUMOR_UP	19	10		
HUMMERICH_SKIN_CANCER_PROGRESSION_DN	103	89		
HUMMERICH_SKIN_CANCER_PROGRESSION_UP	88	71		
HUNSBERGER_EXERCISE_REGULATED_GENES	31	27		
HUPER_BREAST_BASAL_VS_LUMINAL_DN	58	40		
HUPER_BREAST_BASAL_VS_LUMINAL_UP	53	38		
HUTTMANN_B_CLL_POOR_SURVIVAL_DN	59	49		
HUTTMANN_B_CLL_POOR_SURVIVAL_UP	284	227		
HU_ANGIOGENESIS_DN	37	35		
HU_ANGIOGENESIS_UP	21	17		
HU_GENOTOXIC_DAMAGE_24HR	37	31		
HU_GENOTOXIC_DAMAGE_4HR	37	35		
HU_GENOTOXIN_ACTION_DIRECT_VS_INDIRECT_24HR	52	45		
HU_GENOTOXIN_ACTION_DIRECT_VS_INDIRECT_4HR	38	32		
HWANG_PROSTATE_CANCER_MARKERS	28	21		
IBRAHIM_NRF1_DOWN	167	130		
IBRAHIM_NRF1_UP	420	387		
IBRAHIM_NRF2_DOWN	168	136		
IBRAHIM_NRF2_UP	533	483		
IBRAHIM_NRF3_DOWN	15	13		
IBRAHIM_NRF3_UP	7		Rejected!	
ICHIBA_GRAFT_VERSUS_HOST_DISEASE_35D_DN	56	38		
ICHIBA_GRAFT_VERSUS_HOST_DISEASE_35D_UP	141	100		
ICHIBA_GRAFT_VERSUS_HOST_DISEASE_D7_DN	46	37		
ICHIBA_GRAFT_VERSUS_HOST_DISEASE_D7_UP	115	80		
IGARASHI_ATF4_TARGETS_DN	98	81		
IGARASHI_ATF4_TARGETS_UP	5		Rejected!	
IGLESIAS_E2F_TARGETS_DN	14	11		
IGLESIAS_E2F_TARGETS_UP	144	117		
IIZUKA_LIVER_CANCER_EARLY_RECURRENCE	11	9		
IIZUKA_LIVER_CANCER_PROGRESSION_G1_G2_DN	25	24		
IIZUKA_LIVER_CANCER_PROGRESSION_G1_G2_UP	12	10		
IIZUKA_LIVER_CANCER_PROGRESSION_G2_G3_DN	9	9		
IIZUKA_LIVER_CANCER_PROGRESSION_G2_G3_UP	27	24		
IIZUKA_LIVER_CANCER_PROGRESSION_L0_L1_DN	17	13		
IIZUKA_LIVER_CANCER_PROGRESSION_L0_L1_UP	15	9		
IIZUKA_LIVER_CANCER_PROGRESSION_L1_G1_DN	10	10		
IIZUKA_LIVER_CANCER_PROGRESSION_L1_G1_UP	20	12		
IKEDA_MIR133_TARGETS_DN	6	5		
IKEDA_MIR133_TARGETS_UP	44	42		
IKEDA_MIR1_TARGETS_DN	7	6		
IKEDA_MIR1_TARGETS_UP	54	54		
IKEDA_MIR30_TARGETS_DN	24	22		
IKEDA_MIR30_TARGETS_UP	116	112		
IM_SREBF1A_TARGETS	5	5		
INAMURA_LUNG_CANCER_SCC_DN	13	11		
INAMURA_LUNG_CANCER_SCC_SUBTYPES_UP	14	14		
INAMURA_LUNG_CANCER_SCC_UP	13	13		
INGA_TP53_TARGETS	16	11		
INGRAM_SHH_TARGETS_DN	63	52		
INGRAM_SHH_TARGETS_UP	125	106		
IRITANI_MAD1_TARGETS_DN	46	42		
IRITANI_MAD1_TARGETS_UP	14	12		
ISHIDA_E2F_TARGETS	53	52		
ISHIDA_TARGETS_OF_SYT_SSX_FUSIONS	6	6		
ISHIKAWA_STING_SIGNALING	10	6		
ISSAEVA_MLL2_TARGETS	61	50		
ITO_PTTG1_TARGETS_DN	9	9		
ITO_PTTG1_TARGETS_UP	12	11		
IVANOVA_HEMATOPOIESIS_EARLY_PROGENITOR	458	406		
IVANOVA_HEMATOPOIESIS_INTERMEDIATE_PROGENITOR	136	125		
IVANOVA_HEMATOPOIESIS_LATE_PROGENITOR	516	453		
IVANOVA_HEMATOPOIESIS_MATURE_CELL	298	252		
IVANOVA_HEMATOPOIESIS_STEM_CELL	193	168		
IVANOVA_HEMATOPOIESIS_STEM_CELL_AND_PROGENITOR	574	481		
IVANOVA_HEMATOPOIESIS_STEM_CELL_LONG_TERM	217	191		
IVANOVA_HEMATOPOIESIS_STEM_CELL_SHORT_TERM	22	16		
IVANOVSKA_MIR106B_TARGETS	89	84		
IVANOV_MUTATED_IN_COLON_CANCER	13	13		
IWANAGA_CARCINOGENESIS_BY_KRAS_DN	126	108		
IWANAGA_CARCINOGENESIS_BY_KRAS_PTEN_DN	363	304		
IWANAGA_CARCINOGENESIS_BY_KRAS_PTEN_UP	192	157		
IWANAGA_CARCINOGENESIS_BY_KRAS_UP	177	155		
IWANAGA_E2F1_TARGETS_INDUCED_BY_SERUM	24	23		
IWANAGA_E2F1_TARGETS_NOT_INDUCED_BY_SERUM	6	6		
IYENGAR_RESPONSE_TO_ADIPOCYTE_FACTORS	10	7		
IZADPANAH_STEM_CELL_ADIPOSE_VS_BONE_DN	107	94		
IZADPANAH_STEM_CELL_ADIPOSE_VS_BONE_UP	128	108		
JAATINEN_HEMATOPOIETIC_STEM_CELL_DN	235	160		
JAATINEN_HEMATOPOIETIC_STEM_CELL_UP	323	273		
JACKSON_DNMT1_TARGETS_DN	22	18		
JACKSON_DNMT1_TARGETS_UP	84	68		
JAEGER_METASTASIS_DN	260	194		
JAEGER_METASTASIS_UP	46	37		
JAERVINEN_AMPLIFIED_IN_LARYNGEAL_CANCER	40	33		
JAIN_NFKB_SIGNALING	75	65		
JAZAERI_BREAST_CANCER_BRCA1_VS_BRCA2_DN	42	35		
JAZAERI_BREAST_CANCER_BRCA1_VS_BRCA2_UP	49	45		
JAZAG_TGFB1_SIGNALING_DN	35	32		
JAZAG_TGFB1_SIGNALING_UP	106	91		
JAZAG_TGFB1_SIGNALING_VIA_SMAD4_DN	65	50		
JAZAG_TGFB1_SIGNALING_VIA_SMAD4_UP	107	95		
JECHLINGER_EPITHELIAL_TO_MESENCHYMAL_TRANSITION_DN	62	53		
JECHLINGER_EPITHELIAL_TO_MESENCHYMAL_TRANSITION_UP	68	54		
JEON_SMAD6_TARGETS_DN	19	16		
JEON_SMAD6_TARGETS_UP	24	17		
JEPSEN_SMRT_TARGETS	33	27		
JIANG_AGING_CEREBRAL_CORTEX_DN	49	46		
JIANG_AGING_CEREBRAL_CORTEX_UP	34	31		
JIANG_AGING_HYPOTHALAMUS_DN	35	33		
JIANG_AGING_HYPOTHALAMUS_UP	49	43		
JIANG_CORE_DUPLICON_GENES	13		Rejected!	
JIANG_HYPOXIA_CANCER	58	54		
JIANG_HYPOXIA_NORMAL	200	175		
JIANG_HYPOXIA_VIA_VHL	19	17		
JIANG_MELANOMA_TRM10_LAMINA_PROPRIA	91	53		
JIANG_MELANOMA_TRM11_CD8	49	31		
JIANG_MELANOMA_TRM1_CD8	177	148		
JIANG_MELANOMA_TRM2_CD8	146	105		
JIANG_MELANOMA_TRM3_CD8	424	344		
JIANG_MELANOMA_TRM4	203	168		
JIANG_MELANOMA_TRM5_CD8	189	170		
JIANG_MELANOMA_TRM6_CD8	139	119		
JIANG_MELANOMA_TRM7_CD8	90	80		
JIANG_MELANOMA_TRM8_CD4	426	350		
JIANG_MELANOMA_TRM9_CD8	526	435		
JIANG_MELANOMA_TRM_HIGH_SURVIVAL_22_GENE_SIGNATURE	22	17		
JIANG_TIP30_TARGETS_DN	24	21		
JIANG_TIP30_TARGETS_UP	46	38		
JIANG_VHL_TARGETS	88	80		
JINESH_BLEBBISHIELD_TO_IMMUNE_CELL_FUSION_PBSHMS_DN	387	288		
JINESH_BLEBBISHIELD_TO_IMMUNE_CELL_FUSION_PBSHMS_UP	382	326		
JINESH_BLEBBISHIELD_TRANSFORMED_STEM_CELL_SPHERES_DN	302	223		
JINESH_BLEBBISHIELD_TRANSFORMED_STEM_CELL_SPHERES_UP	170	126		
JINESH_BLEBBISHIELD_VS_LIVE_CONTROL_DN	289	219		
JINESH_BLEBBISHIELD_VS_LIVE_CONTROL_UP	380	284		
JISON_SICKLE_CELL_DISEASE_DN	186	165		
JISON_SICKLE_CELL_DISEASE_UP	182	156		
JI_CARCINOGENESIS_BY_KRAS_AND_STK11_DN	17	14		
JI_CARCINOGENESIS_BY_KRAS_AND_STK11_UP	12	10		
JI_METASTASIS_REPRESSED_BY_STK11	26	21		
JI_RESPONSE_TO_FSH_DN	53	48		
JI_RESPONSE_TO_FSH_UP	68	57		
JOHANSSON_BRAIN_CANCER_EARLY_VS_LATE_DN	43	36		
JOHANSSON_BRAIN_CANCER_EARLY_VS_LATE_UP	7	5		
JOHANSSON_GLIOMAGENESIS_BY_PDGFB_DN	22	21		
JOHANSSON_GLIOMAGENESIS_BY_PDGFB_UP	57	48		
JOHNSTONE_PARVB_TARGETS_1_DN	64	55		
JOHNSTONE_PARVB_TARGETS_1_UP	7	5		
JOHNSTONE_PARVB_TARGETS_2_DN	344	313		
JOHNSTONE_PARVB_TARGETS_2_UP	145	116		
JOHNSTONE_PARVB_TARGETS_3_DN	877		Rejected!	
JOHNSTONE_PARVB_TARGETS_3_UP	433	379		
JONES_TCOF1_TARGETS	5		Rejected!	
JOSEPH_RESPONSE_TO_SODIUM_BUTYRATE_DN	60	50		
JOSEPH_RESPONSE_TO_SODIUM_BUTYRATE_UP	31	21		
JU_AGING_TERC_TARGETS_UP	7	5		
KAAB_FAILED_HEART_ATRIUM_DN	147	138		
KAAB_FAILED_HEART_ATRIUM_UP	36	29		
KAAB_FAILED_HEART_VENTRICLE_DN	44	33		
KAAB_HEART_ATRIUM_VS_VENTRICLE_DN	262	229		
KAAB_HEART_ATRIUM_VS_VENTRICLE_UP	256	221		
KALMA_E2F1_TARGETS	11	11		
KAMIKUBO_MYELOID_CEBPA_NETWORK	30	20		
KAMIKUBO_MYELOID_MN1_NETWORK	19	16		
KAMMINGA_EZH2_TARGETS	41	39		
KAMMINGA_SENESCENCE	40	38		
KANG_AR_TARGETS_DN	18	13		
KANG_AR_TARGETS_UP	17	14		
KANG_CISPLATIN_RESISTANCE_DN	8	7		
KANG_CISPLATIN_RESISTANCE_UP	21	15		
KANG_DOXORUBICIN_RESISTANCE_DN	19	19		
KANG_DOXORUBICIN_RESISTANCE_UP	54	51		
KANG_FLUOROURACIL_RESISTANCE_DN	16	15		
KANG_FLUOROURACIL_RESISTANCE_UP	22	20		
KANG_GLIS3_TARGETS	36	20		
KANG_IMMORTALIZED_BY_TERT_DN	101	75		
KANG_IMMORTALIZED_BY_TERT_UP	88	73		
KANNAN_TP53_TARGETS_DN	22	21		
KANNAN_TP53_TARGETS_UP	59	47		
KAN_RESPONSE_TO_ARSENIC_TRIOXIDE	123	89		
KAPOSI_LIVER_CANCER_MET_DN	6		Rejected!	
KAPOSI_LIVER_CANCER_MET_UP	18	17		
KARAKAS_TGFB1_SIGNALING	18	15		
KARLSSON_TGFB1_TARGETS_DN	194	171		
KARLSSON_TGFB1_TARGETS_UP	123	115		
KASLER_HDAC7_TARGETS_1_DN	17	14		
KASLER_HDAC7_TARGETS_1_UP	192	175		
KASLER_HDAC7_TARGETS_2_DN	33	29		
KASLER_HDAC7_TARGETS_2_UP	6	5		
KATSANOU_ELAVL1_TARGETS_DN	147	122		
KATSANOU_ELAVL1_TARGETS_UP	173	146		
KAUFFMANN_DNA_REPAIR_GENES	230	216		
KAUFFMANN_DNA_REPLICATION_GENES	146	132		
KAUFFMANN_MELANOMA_RELAPSE_DN	6	6		
KAUFFMANN_MELANOMA_RELAPSE_UP	61	56		
KAYO_AGING_MUSCLE_DN	124	112		
KAYO_AGING_MUSCLE_UP	242	180		
KAYO_CALORIE_RESTRICTION_MUSCLE_DN	87	72		
KAYO_CALORIE_RESTRICTION_MUSCLE_UP	94	71		
KENNY_CTNNB1_TARGETS_DN	52	45		
KENNY_CTNNB1_TARGETS_UP	50	47		
KERLEY_RESPONSE_TO_CISPLATIN_DN	5	5		
KERLEY_RESPONSE_TO_CISPLATIN_UP	45	41		
KESHELAVA_MULTIPLE_DRUG_RESISTANCE	82	69		
KHETCHOUMIAN_TRIM24_TARGETS_DN	8	7		
KHETCHOUMIAN_TRIM24_TARGETS_UP	47	35		
KIM_ALL_DISORDERS_CALB1_CORR_DN	36	25		
KIM_ALL_DISORDERS_CALB1_CORR_UP	547		Rejected!	
KIM_ALL_DISORDERS_DURATION_CORR_DN	145	136		
KIM_ALL_DISORDERS_DURATION_CORR_UP	9	8		
KIM_ALL_DISORDERS_OLIGODENDROCYTE_NUMBER_CORR_DN	33	24		
KIM_ALL_DISORDERS_OLIGODENDROCYTE_NUMBER_CORR_UP	755		Rejected!	
KIM_BIPOLAR_DISORDER_OLIGODENDROCYTE_DENSITY_CORR_DN	87	54		
KIM_BIPOLAR_DISORDER_OLIGODENDROCYTE_DENSITY_CORR_UP	680		Rejected!	
KIM_GASTRIC_CANCER_CHEMOSENSITIVITY	95	75		
KIM_GERMINAL_CENTER_T_HELPER_DN	12	10		
KIM_GERMINAL_CENTER_T_HELPER_UP	64	54		
KIM_GLIS2_TARGETS_DN	6	5		
KIM_GLIS2_TARGETS_UP	86	59		
KIM_HYPOXIA	17	14		
KIM_LIVER_CANCER_POOR_SURVIVAL_DN	43	30		
KIM_LIVER_CANCER_POOR_SURVIVAL_UP	22	17		
KIM_LRRC3B_TARGETS	30	14		
KIM_MYCL1_AMPLIFICATION_TARGETS_DN	20	16		
KIM_MYCL1_AMPLIFICATION_TARGETS_UP	14	14		
KIM_MYCN_AMPLIFICATION_TARGETS_DN	107	89		
KIM_MYCN_AMPLIFICATION_TARGETS_UP	93	80		
KIM_MYC_AMPLIFICATION_TARGETS_DN	98	78		
KIM_MYC_AMPLIFICATION_TARGETS_UP	202	178		
KIM_PTEN_TARGETS_DN	5		Rejected!	
KIM_PTEN_TARGETS_UP	18	17		
KIM_RESPONSE_TO_TSA_AND_DECITABINE_DN	10	7		
KIM_RESPONSE_TO_TSA_AND_DECITABINE_UP	136	93		
KIM_TIAL1_TARGETS	31	30		
KIM_WT1_TARGETS_12HR_DN	216	188		
KIM_WT1_TARGETS_12HR_UP	166	146		
KIM_WT1_TARGETS_8HR_DN	126	105		
KIM_WT1_TARGETS_8HR_UP	167	153		
KIM_WT1_TARGETS_DN	471	418		
KIM_WT1_TARGETS_UP	217	196		
KINNEY_DNMT1_METHYLATION_TARGETS	15	9		
KINSEY_TARGETS_OF_EWSR1_FLII_FUSION_DN	337	290		
KINSEY_TARGETS_OF_EWSR1_FLII_FUSION_UP	1290		Rejected!	
KLEIN_PRIMARY_EFFUSION_LYMPHOMA_DN	58	47		
KLEIN_PRIMARY_EFFUSION_LYMPHOMA_UP	50	45		
KLEIN_TARGETS_OF_BCR_ABL1_FUSION	46	33		
KOBAYASHI_EGFR_SIGNALING_24HR_DN	253	237		
KOBAYASHI_EGFR_SIGNALING_24HR_UP	102	75		
KOBAYASHI_EGFR_SIGNALING_6HR_DN	18	14		
KOBAYASHI_EGFR_SIGNALING_6HR_UP	7	6		
KOBAYASHI_RESPONSE_TO_ROMIDEPSIN	19	16		
KOHN_EMT_EPITHELIAL	22	20		
KOHN_EMT_MESENCHYMAL	15	14		
KOHOUTEK_CCNT1_TARGETS	52	43		
KOHOUTEK_CCNT2_TARGETS	58	41		
KOINUMA_COLON_CANCER_MSI_DN	8	7		
KOINUMA_COLON_CANCER_MSI_UP	16	13		
KOINUMA_TARGETS_OF_SMAD2_OR_SMAD3	843		Rejected!	
KOKKINAKIS_METHIONINE_DEPRIVATION_48HR_DN	61	56		
KOKKINAKIS_METHIONINE_DEPRIVATION_48HR_UP	130	116		
KOKKINAKIS_METHIONINE_DEPRIVATION_96HR_DN	72	70		
KOKKINAKIS_METHIONINE_DEPRIVATION_96HR_UP	118	102		
KOMMAGANI_TP63_GAMMA_TARGETS	9	8		
KONDO_COLON_CANCER_HCP_WITH_H3K27ME1	26	22		
KONDO_COLON_CANCER_HCP_WITH_H3K27ME3	6		Rejected!	
KONDO_EZH2_TARGETS	229	179		
KONDO_HYPOXIA	8	6		
KONDO_PROSTATE_CANCER_HCP_WITH_H3K27ME3	97	84		
KONDO_PROSTATE_CANCER_WITH_H3K27ME3	194	110		
KONG_E2F1_TARGETS	11	9		
KONG_E2F3_TARGETS	100	92		
KORKOLA_CHORIOCARCINOMA	7		Rejected!	
KORKOLA_CHORIOCARCINOMA_DN	11	10		
KORKOLA_CHORIOCARCINOMA_UP	6	5		
KORKOLA_CORRELATED_WITH_POU5F1	32	25		
KORKOLA_EMBRYONAL_CARCINOMA	11	6		
KORKOLA_EMBRYONAL_CARCINOMA_DN	13	11		
KORKOLA_EMBRYONAL_CARCINOMA_UP	42	36		
KORKOLA_EMBRYONIC_CARCINOMA_VS_SEMINOMA_DN	25	19		
KORKOLA_EMBRYONIC_CARCINOMA_VS_SEMINOMA_UP	24	15		
KORKOLA_SEMINOMA_DN	13	10		
KORKOLA_SEMINOMA_UP	44	37		
KORKOLA_TERATOMA	42	32		
KORKOLA_TERATOMA_UP	17	14		
KORKOLA_YOLK_SAC_TUMOR	65	49		
KORKOLA_YOLK_SAC_TUMOR_UP	20	19		
KOYAMA_SEMA3B_TARGETS_DN	364	303		
KOYAMA_SEMA3B_TARGETS_UP	268	212		
KRASNOSELSKAYA_ILF3_TARGETS_DN	46	43		
KRASNOSELSKAYA_ILF3_TARGETS_UP	40	27		
KREPPEL_CD99_TARGETS_DN	7	7		
KRIEG_HYPOXIA_NOT_VIA_KDM3A	746		Rejected!	
KRIEG_HYPOXIA_VIA_KDM3A	53	45		
KRIEG_KDM3A_TARGETS_NOT_HYPOXIA	200	169		
KRIGE_AMINO_ACID_DEPRIVATION	29	24		
KRIGE_RESPONSE_TO_TOSEDOSTAT_24HR_DN	1045		Rejected!	
KRIGE_RESPONSE_TO_TOSEDOSTAT_24HR_UP	778		Rejected!	
KRIGE_RESPONSE_TO_TOSEDOSTAT_6HR_DN	950		Rejected!	
KRIGE_RESPONSE_TO_TOSEDOSTAT_6HR_UP	942		Rejected!	
KRISHNAN_FURIN_TARGETS_DN	9	7		
KRISHNAN_FURIN_TARGETS_UP	10	5		
KUMAMOTO_RESPONSE_TO_NUTLIN_3A_DN	10	10		
KUMAMOTO_RESPONSE_TO_NUTLIN_3A_UP	9	9		
KUMAR_AUTOPHAGY_NETWORK	72	55		
KUMAR_PATHOGEN_LOAD_BY_MACROPHAGES	274	216		
KUMAR_TARGETS_OF_MLL_AF9_FUSION	408	325		
KUNINGER_IGF1_VS_PDGFB_TARGETS_DN	47	38		
KUNINGER_IGF1_VS_PDGFB_TARGETS_UP	82	66		
KUROKAWA_LIVER_CANCER_EARLY_RECURRENCE_DN	6		Rejected!	
KUROKAWA_LIVER_CANCER_EARLY_RECURRENCE_UP	12	11		
KUROZUMI_RESPONSE_TO_ONCOCYTIC_VIRUS	45	28		
KUROZUMI_RESPONSE_TO_ONCOCYTIC_VIRUS_AND_CYCLIC_RGD	21	12		
KUUSELO_PANCREATIC_CANCER_19Q13_AMPLIFICATION	35	19		
KUWANO_RNA_STABILIZED_BY_NO	7	6		
KYNG_DNA_DAMAGE_BY_4NQO	36	30		
KYNG_DNA_DAMAGE_BY_4NQO_OR_GAMMA_RADIATION	15	13		
KYNG_DNA_DAMAGE_BY_4NQO_OR_UV	60	51		
KYNG_DNA_DAMAGE_BY_GAMMA_AND_UV_RADIATION	77	66		
KYNG_DNA_DAMAGE_BY_GAMMA_RADIATION	77	65		
KYNG_DNA_DAMAGE_BY_UV	54	50		
KYNG_DNA_DAMAGE_DN	182	156		
KYNG_DNA_DAMAGE_UP	205	175		
KYNG_ENVIRONMENTAL_STRESS_RESPONSE_DN	17	14		
KYNG_ENVIRONMENTAL_STRESS_RESPONSE_NOT_BY_4NQO_IN_OLD	12	11		
KYNG_ENVIRONMENTAL_STRESS_RESPONSE_NOT_BY_4NQO_IN_WS	37	30		
KYNG_ENVIRONMENTAL_STRESS_RESPONSE_NOT_BY_GAMMA_IN_OLD	29	25		
KYNG_ENVIRONMENTAL_STRESS_RESPONSE_NOT_BY_GAMMA_IN_WS	31	27		
KYNG_ENVIRONMENTAL_STRESS_RESPONSE_NOT_BY_UV_IN_OLD	23	20		
KYNG_ENVIRONMENTAL_STRESS_RESPONSE_NOT_BY_UV_IN_WS	12	10		
KYNG_ENVIRONMENTAL_STRESS_RESPONSE_UP	53	44		
KYNG_NORMAL_AGING_DN	18	17		
KYNG_NORMAL_AGING_UP	15	12		
KYNG_RESPONSE_TO_H2O2	66	60		
KYNG_RESPONSE_TO_H2O2_VIA_ERCC6	17	17		
KYNG_RESPONSE_TO_H2O2_VIA_ERCC6_DN	45	42		
KYNG_RESPONSE_TO_H2O2_VIA_ERCC6_UP	36	33		
KYNG_WERNER_SYNDROM_AND_NORMAL_AGING_DN	186	155		
KYNG_WERNER_SYNDROM_AND_NORMAL_AGING_UP	77	69		
KYNG_WERNER_SYNDROM_DN	19	16		
KYNG_WERNER_SYNDROM_UP	14	13		
LAIHO_COLORECTAL_CANCER_SERRATED_DN	85	74		
LAIHO_COLORECTAL_CANCER_SERRATED_UP	115	103		
LAMB_CCND1_TARGETS	20	17		
LANDEMAINE_LUNG_METASTASIS	21	18		
LANDIS_BREAST_CANCER_PROGRESSION_DN	72	57		
LANDIS_BREAST_CANCER_PROGRESSION_UP	46	40		
LANDIS_ERBB2_BREAST_PRENEOPLASTIC_DN	57	48		
LANDIS_ERBB2_BREAST_PRENEOPLASTIC_UP	20	17		
LANDIS_ERBB2_BREAST_TUMORS_324_DN	151	125		
LANDIS_ERBB2_BREAST_TUMORS_324_UP	152	133		
LANDIS_ERBB2_BREAST_TUMORS_65_DN	39	31		
LANDIS_ERBB2_BREAST_TUMORS_65_UP	22	19		
LANG_MYB_FAMILY_TARGETS	29	28		
LASTOWSKA_COAMPLIFIED_WITH_MYCN	43	30		
LASTOWSKA_NEUROBLASTOMA_COPY_NUMBER_DN	807		Rejected!	
LASTOWSKA_NEUROBLASTOMA_COPY_NUMBER_UP	186	172		
LAU_APOPTOSIS_CDKN2A_DN	5	5		
LAU_APOPTOSIS_CDKN2A_UP	55	50		
LA_MEN1_TARGETS	25	22		
LEE_AGING_CEREBELLUM_DN	73	62		
LEE_AGING_CEREBELLUM_UP	84	68		
LEE_AGING_MUSCLE_DN	40	36		
LEE_AGING_MUSCLE_UP	38	31		
LEE_AGING_NEOCORTEX_DN	68	52		
LEE_AGING_NEOCORTEX_UP	77	61		
LEE_BMP2_TARGETS_DN	904		Rejected!	
LEE_BMP2_TARGETS_UP	780		Rejected!	
LEE_CALORIE_RESTRICTION_MUSCLE_DN	48	43		
LEE_CALORIE_RESTRICTION_MUSCLE_UP	39	32		
LEE_CALORIE_RESTRICTION_NEOCORTEX_DN	69	57		
LEE_CALORIE_RESTRICTION_NEOCORTEX_UP	68	59		
LEE_DIFFERENTIATING_T_LYMPHOCYTE	201	163		
LEE_DOUBLE_POLAR_THYMOCYTE	28	22		
LEE_EARLY_T_LYMPHOCYTE_DN	58	41		
LEE_EARLY_T_LYMPHOCYTE_UP	111	97		
LEE_INTRATHYMIC_T_PROGENITOR	20	14		
LEE_LIVER_CANCER_ACOX1_DN	65	46		
LEE_LIVER_CANCER_ACOX1_UP	65	47		
LEE_LIVER_CANCER_CIPROFIBRATE_DN	66	42		
LEE_LIVER_CANCER_CIPROFIBRATE_UP	60	48		
LEE_LIVER_CANCER_DENA_DN	74	53		
LEE_LIVER_CANCER_DENA_UP	60	45		
LEE_LIVER_CANCER_E2F1_DN	64	45		
LEE_LIVER_CANCER_E2F1_UP	63	48		
LEE_LIVER_CANCER_HEPATOBLAST	16	12		
LEE_LIVER_CANCER_MYC_DN	63	47		
LEE_LIVER_CANCER_MYC_E2F1_DN	64	44		
LEE_LIVER_CANCER_MYC_E2F1_UP	56	42		
LEE_LIVER_CANCER_MYC_TGFA_DN	65	49		
LEE_LIVER_CANCER_MYC_TGFA_UP	61	49		
LEE_LIVER_CANCER_MYC_UP	54	46		
LEE_LIVER_CANCER_SURVIVAL_DN	180	163		
LEE_LIVER_CANCER_SURVIVAL_UP	187	149		
LEE_METASTASIS_AND_ALTERNATIVE_SPLICING_DN	45	36		
LEE_METASTASIS_AND_ALTERNATIVE_SPLICING_UP	74	61		
LEE_METASTASIS_AND_RNA_PROCESSING_UP	16	16		
LEE_NAIVE_T_LYMPHOCYTE	20	16		
LEE_NEURAL_CREST_STEM_CELL_DN	122	94		
LEE_NEURAL_CREST_STEM_CELL_UP	147	116		
LEE_RECENT_THYMIC_EMIGRANT	239	198		
LEE_SP4_THYMOCYTE	15	12		
LEE_TARGETS_OF_PTCH1_AND_SUFU_DN	88	78		
LEE_TARGETS_OF_PTCH1_AND_SUFU_UP	56	52		
LEIN_ASTROCYTE_MARKERS	43	32		
LEIN_CEREBELLUM_MARKERS	85	73		
LEIN_CHOROID_PLEXUS_MARKERS	105	82		
LEIN_LOCALIZED_TO_DISTAL_AND_PROXIMAL_DENDRITES	18	17		
LEIN_LOCALIZED_TO_PROXIMAL_DENDRITES	37	35		
LEIN_MEDULLA_MARKERS	86	77		
LEIN_MIDBRAIN_MARKERS	83	74		
LEIN_NEURON_MARKERS	69	61		
LEIN_OLIGODENDROCYTE_MARKERS	76	62		
LEIN_PONS_MARKERS	92	82		
LEI_HOXC8_TARGETS_DN	17	15		
LEI_HOXC8_TARGETS_UP	11	8		
LEI_MYB_TARGETS	323	266		
LENAOUR_DENDRITIC_CELL_MATURATION_DN	130	102		
LENAOUR_DENDRITIC_CELL_MATURATION_UP	116	87		
LEONARD_HYPOXIA	41	39		
LE_EGR2_TARGETS_DN	107	93		
LE_EGR2_TARGETS_UP	110	104		
LE_NEURONAL_DIFFERENTIATION_DN	19	19		
LE_NEURONAL_DIFFERENTIATION_UP	18	18		
LE_SKI_TARGETS_DN	7	7		
LE_SKI_TARGETS_UP	17	14		
LIANG_HEMATOPOIESIS_STEM_CELL_NUMBER_LARGE_VS_TINY_DN	43	37		
LIANG_HEMATOPOIESIS_STEM_CELL_NUMBER_LARGE_VS_TINY_UP	41	30		
LIANG_HEMATOPOIESIS_STEM_CELL_NUMBER_QTL	16	10		
LIANG_HEMATOPOIESIS_STEM_CELL_NUMBER_SMALL_VS_HUGE_DN	33	25		
LIANG_HEMATOPOIESIS_STEM_CELL_NUMBER_SMALL_VS_HUGE_UP	40	36		
LIANG_SILENCED_BY_METHYLATION_2	58	31		
LIANG_SILENCED_BY_METHYLATION_DN	11	10		
LIANG_SILENCED_BY_METHYLATION_UP	33	23		
LIAN_LIPA_TARGETS_3M	66	46		
LIAN_LIPA_TARGETS_6M	82	57		
LIAN_NEUTROPHIL_GRANULE_CONSTITUENTS	25	19		
LIAO_HAVE_SOX4_BINDING_SITES	41	36		
LIAO_METASTASIS	540	482		
LIEN_BREAST_CARCINOMA_METAPLASTIC	33	27		
LIEN_BREAST_CARCINOMA_METAPLASTIC_VS_DUCTAL_DN	115	79		
LIEN_BREAST_CARCINOMA_METAPLASTIC_VS_DUCTAL_UP	83	67		
LIM_MAMMARY_LUMINAL_MATURE_DN	94	87		
LIM_MAMMARY_LUMINAL_MATURE_UP	113	101		
LIM_MAMMARY_LUMINAL_PROGENITOR_DN	14	12		
LIM_MAMMARY_LUMINAL_PROGENITOR_UP	58	40		
LIM_MAMMARY_STEM_CELL_DN	417	375		
LIM_MAMMARY_STEM_CELL_UP	479	419		
LINDGREN_BLADDER_CANCER_CLUSTER_1_DN	378	338		
LINDGREN_BLADDER_CANCER_CLUSTER_1_UP	120	109		
LINDGREN_BLADDER_CANCER_CLUSTER_2A_DN	141	117		
LINDGREN_BLADDER_CANCER_CLUSTER_2A_UP	8	6		
LINDGREN_BLADDER_CANCER_CLUSTER_2B	389	308		
LINDGREN_BLADDER_CANCER_CLUSTER_3_DN	226	202		
LINDGREN_BLADDER_CANCER_CLUSTER_3_UP	328	290		
LINDGREN_BLADDER_CANCER_HIGH_RECURRENCE	49	42		
LINDGREN_BLADDER_CANCER_WITH_LOH_IN_CHR9Q	116	107		
LINDSTEDT_DENDRITIC_CELL_MATURATION_A	61	46		
LINDSTEDT_DENDRITIC_CELL_MATURATION_B	49	43		
LINDSTEDT_DENDRITIC_CELL_MATURATION_C	63	53		
LINDSTEDT_DENDRITIC_CELL_MATURATION_D	63	50		
LINDVALL_IMMORTALIZED_BY_TERT_DN	73	55		
LINDVALL_IMMORTALIZED_BY_TERT_UP	68	57		
LINSLEY_MIR16_TARGETS	206	191		
LIN_APC_TARGETS	71	64		
LIN_MELANOMA_COPY_NUMBER_DN	41	39		
LIN_MELANOMA_COPY_NUMBER_UP	72	66		
LIN_NPAS4_TARGETS_DN	72	55		
LIN_NPAS4_TARGETS_UP	172	151		
LIN_SILENCED_BY_TUMOR_MICROENVIRONMENT	107	82		
LIN_TUMOR_ESCAPE_FROM_IMMUNE_ATTACK	19	16		
LIU_BREAST_CANCER	32	25		
LIU_CDX2_TARGETS_DN	8		Rejected!	
LIU_CDX2_TARGETS_UP	35	24		
LIU_CMYB_TARGETS_DN	6	6		
LIU_CMYB_TARGETS_UP	164	139		
LIU_COMMON_CANCER_GENES	63	51		
LIU_IL13_MEMORY_MODEL_DN	5		Rejected!	
LIU_IL13_MEMORY_MODEL_UP	17	15		
LIU_IL13_PRIMING_MODEL	15	12		
LIU_LIVER_CANCER	35	30		
LIU_NASOPHARYNGEAL_CARCINOMA	72	60		
LIU_OVARIAN_CANCER_TUMORS_AND_XENOGRAFTS_KINASES_DN	34	29		
LIU_OVARIAN_CANCER_TUMORS_AND_XENOGRAFTS_XDGS_DN	1714		Rejected!	
LIU_OVARIAN_CANCER_TUMORS_AND_XENOGRAFTS_XDGS_UP	252	61		
LIU_PROSTATE_CANCER_DN	493	407		
LIU_PROSTATE_CANCER_UP	99	84		
LIU_SMARCA4_TARGETS	50	37		
LIU_SOX4_TARGETS_DN	310	288		
LIU_SOX4_TARGETS_UP	139	122		
LIU_TARGETS_OF_VMYB_VS_CMYB_DN	44	32		
LIU_TARGETS_OF_VMYB_VS_CMYB_UP	16	15		
LIU_TOPBP1_TARGETS	14	10		
LIU_VAV3_PROSTATE_CARCINOGENESIS_DN	17	16		
LIU_VAV3_PROSTATE_CARCINOGENESIS_UP	89	66		
LIU_VMYB_TARGETS_UP	125	115		
LI_ADIPOGENESIS_BY_ACTIVATED_PPARG	18	14		
LI_AMPLIFIED_IN_LUNG_CANCER	183	154		
LI_CISPLATIN_RESISTANCE_DN	33	24		
LI_CISPLATIN_RESISTANCE_UP	26	23		
LI_CYTIDINE_ANALOGS_CYCTOTOXICITY	15	15		
LI_CYTIDINE_ANALOG_PATHWAY	17	14		
LI_DCP2_BOUND_MRNA	89	84		
LI_ESTROGENE_BIDIRECTIONAL_E2_RESPONSE	100	83		
LI_ESTROGENE_EARLY_E2_RESPONSE_DN	77	71		
LI_ESTROGENE_EARLY_E2_RESPONSE_UP	88	71		
LI_ESTROGENE_LATE_E2_RESPONSE_DN	80	66		
LI_ESTROGENE_LATE_E2_RESPONSE_UP	56	48		
LI_ESTROGENE_MCF7_E2_RESPONSE_DN	38	34		
LI_ESTROGENE_MCF7_E2_RESPONSE_UP	51	41		
LI_ESTROGENE_META_E2_RESPONSE_DN	22	21		
LI_ESTROGENE_META_E2_RESPONSE_UP	65	47		
LI_ESTROGENE_MID_E2_RESPONSE_DN	45	39		
LI_ESTROGENE_MID_E2_RESPONSE_UP	14	11		
LI_ESTROGENE_NON_MCF7_T47D_E2_RESPONSE_DN	8	8		
LI_ESTROGENE_NON_MCF7_T47D_E2_RESPONSE_UP	17	16		
LI_ESTROGENE_T47D_E2_RESPONSE_DN	34	32		
LI_ESTROGENE_T47D_E2_RESPONSE_UP	61	53		
LI_INDUCED_T_TO_NATURAL_KILLER_DN	137	115		
LI_INDUCED_T_TO_NATURAL_KILLER_UP	317	263		
LI_LUNG_CANCER	41	35		
LI_PROSTATE_CANCER_EPIGENETIC	32	27		
LI_WILMS_TUMOR	27	24		
LI_WILMS_TUMOR_ANAPLASTIC_DN	5		Rejected!	
LI_WILMS_TUMOR_ANAPLASTIC_UP	17	17		
LI_WILMS_TUMOR_VS_FETAL_KIDNEY_1_DN	164	157		
LI_WILMS_TUMOR_VS_FETAL_KIDNEY_1_UP	183	169		
LI_WILMS_TUMOR_VS_FETAL_KIDNEY_2_DN	48	44		
LI_WILMS_TUMOR_VS_FETAL_KIDNEY_2_UP	27	23		
LOCKWOOD_AMPLIFIED_IN_LUNG_CANCER	216	194		
LOPES_METHYLATED_IN_COLON_CANCER_DN	28	26		
LOPES_METHYLATED_IN_COLON_CANCER_UP	28	18		
LOPEZ_EPITHELIOID_MESOTHELIOMA	17	13		
LOPEZ_MBD_TARGETS	953		Rejected!	
LOPEZ_MBD_TARGETS_IMPRINTED_AND_X_LINKED	17	9		
LOPEZ_MESOTELIOMA_SURVIVAL_TIME_DN	7		Rejected!	
LOPEZ_MESOTELIOMA_SURVIVAL_TIME_UP	14	13		
LOPEZ_MESOTHELIOMA_SURVIVAL_DN	12	9		
LOPEZ_MESOTHELIOMA_SURVIVAL_OVERALL_DN	15	13		
LOPEZ_MESOTHELIOMA_SURVIVAL_OVERALL_UP	8		Rejected!	
LOPEZ_MESOTHELIOMA_SURVIVAL_UP	12	11		
LOPEZ_MESOTHELIOMA_SURVIVAL_WORST_VS_BEST_DN	7		Rejected!	
LOPEZ_MESOTHELIOMA_SURVIVAL_WORST_VS_BEST_UP	14	13		
LOPEZ_TRANSLATION_VIA_FN1_SIGNALING	35	33		
LUCAS_HNF4A_TARGETS_DN	8	7		
LUCAS_HNF4A_TARGETS_UP	58	50		
LUDWICZEK_TREATING_IRON_OVERLOAD	7	6		
LUI_TARGETS_OF_PAX8_PPARG_FUSION	34	31		
LUI_THYROID_CANCER_CLUSTER_1	52	44		
LUI_THYROID_CANCER_CLUSTER_2	43	41		
LUI_THYROID_CANCER_CLUSTER_3	28	27		
LUI_THYROID_CANCER_CLUSTER_4	21	8		
LUI_THYROID_CANCER_CLUSTER_5	16	11		
LUI_THYROID_CANCER_PAX8_PPARG_DN	46	42		
LUI_THYROID_CANCER_PAX8_PPARG_UP	46	37		
LUND_SILENCED_BY_METHYLATION	16	16		
LU_AGING_BRAIN_DN	153	143		
LU_AGING_BRAIN_UP	263	226		
LU_EZH2_TARGETS_DN	400	343		
LU_EZH2_TARGETS_UP	289	238		
LU_IL4_SIGNALING	91	78		
LU_TUMOR_ANGIOGENESIS_UP	25	21		
LU_TUMOR_ENDOTHELIAL_MARKERS_DN	5		Rejected!	
LU_TUMOR_ENDOTHELIAL_MARKERS_UP	22	15		
LU_TUMOR_VASCULATURE_DN	13	9		
LU_TUMOR_VASCULATURE_UP	29	20		
LY_AGING_MIDDLE_DN	16	15		
LY_AGING_MIDDLE_UP	14	8		
LY_AGING_OLD_DN	56	53		
LY_AGING_OLD_UP	7	6		
LY_AGING_PREMATURE_DN	30	27		
MACAEVA_PBMC_RESPONSE_TO_IR	106	84		
MACLACHLAN_BRCA1_TARGETS_DN	16	14		
MACLACHLAN_BRCA1_TARGETS_UP	21	18		
MADAN_DPPA4_TARGETS	62	44		
MAEKAWA_ATF2_TARGETS	24	17		
MAGRANGEAS_MULTIPLE_MYELOMA_IGG_VS_IGA_DN	28	21		
MAGRANGEAS_MULTIPLE_MYELOMA_IGG_VS_IGA_UP	20	17		
MAGRANGEAS_MULTIPLE_MYELOMA_IGLL_VS_IGLK_DN	24	20		
MAGRANGEAS_MULTIPLE_MYELOMA_IGLL_VS_IGLK_UP	41	34		
MAHADEVAN_GIST_MORPHOLOGICAL_SWITCH	15	14		
MAHADEVAN_IMATINIB_RESISTANCE_DN	20	16		
MAHADEVAN_IMATINIB_RESISTANCE_UP	22	16		
MAHAJAN_RESPONSE_TO_IL1A_DN	70	61		
MAHAJAN_RESPONSE_TO_IL1A_UP	77	60		
MAINA_HYPOXIA_VHL_TARGETS_UP	6	5		
MAINA_VHL_TARGETS_DN	16	14		
MAINA_VHL_TARGETS_UP	10	10		
MALIK_REPRESSED_BY_ESTROGEN	13	11		
MALONEY_RESPONSE_TO_17AAG_DN	77	70		
MALONEY_RESPONSE_TO_17AAG_UP	40	36		
MALTA_CURATED_STEMNESS_MARKERS	21	16		
MANALO_HYPOXIA_DN	292	272		
MANALO_HYPOXIA_UP	205	176		
MANNE_COVID19_COMBINED_COHORT_VS_HEALTHY_DONOR_PLATELETS_DN	224	169		
MANNE_COVID19_COMBINED_COHORT_VS_HEALTHY_DONOR_PLATELETS_UP	179	142		
MANNE_COVID19_ICU_VS_HEALTHY_DONOR_PLATELETS_DN	159	120		
MANNE_COVID19_ICU_VS_HEALTHY_DONOR_PLATELETS_UP	128	98		
MANNE_COVID19_NONICU_VS_HEALTHY_DONOR_PLATELETS_DN	207	160		
MANNE_COVID19_NONICU_VS_HEALTHY_DONOR_PLATELETS_UP	143	111		
MANN_RESPONSE_TO_AMIFOSTINE_DN	9	9		
MANN_RESPONSE_TO_AMIFOSTINE_UP	19	19		
MARCHINI_TRABECTEDIN_RESISTANCE_DN	46	43		
MARCHINI_TRABECTEDIN_RESISTANCE_UP	20	15		
MARCINIAK_ER_STRESS_RESPONSE_VIA_CHOP	22	19		
MARIADASON_REGULATED_BY_HISTONE_ACETYLATION_DN	42	35		
MARIADASON_REGULATED_BY_HISTONE_ACETYLATION_UP	61	56		
MARIADASON_RESPONSE_TO_BUTYRATE_CURCUMIN_SULINDAC_TSA_1	8		Rejected!	
MARIADASON_RESPONSE_TO_BUTYRATE_CURCUMIN_SULINDAC_TSA_2	8	6		
MARIADASON_RESPONSE_TO_BUTYRATE_CURCUMIN_SULINDAC_TSA_8	10	7		
MARIADASON_RESPONSE_TO_BUTYRATE_SULINDAC_4	16	15		
MARIADASON_RESPONSE_TO_BUTYRATE_SULINDAC_6	47	44		
MARIADASON_RESPONSE_TO_CURCUMIN_SULINDAC_5	23	22		
MARIADASON_RESPONSE_TO_CURCUMIN_SULINDAC_7	14	13		
MARKEY_RB1_ACUTE_LOF_DN	233	178		
MARKEY_RB1_ACUTE_LOF_UP	237	212		
MARKEY_RB1_CHRONIC_LOF_DN	120	99		
MARKEY_RB1_CHRONIC_LOF_UP	114	97		
MARKS_ACETYLATED_NON_HISTONE_PROTEINS	12	9		
MARKS_HDAC_TARGETS_DN	15	13		
MARKS_HDAC_TARGETS_UP	23	20		
MARSHALL_VIRAL_INFECTION_RESPONSE_DN	29	23		
MARSHALL_VIRAL_INFECTION_RESPONSE_UP	9	9		
MARSON_BOUND_BY_E2F4_UNSTIMULATED	714		Rejected!	
MARSON_BOUND_BY_FOXP3_STIMULATED	1024		Rejected!	
MARSON_BOUND_BY_FOXP3_UNSTIMULATED	1239		Rejected!	
MARSON_FOXP3_CORE_DIRECT_TARGETS	17	12		
MARSON_FOXP3_TARGETS_DN	54	44		
MARSON_FOXP3_TARGETS_STIMULATED_DN	10	9		
MARSON_FOXP3_TARGETS_STIMULATED_UP	30	20		
MARSON_FOXP3_TARGETS_UP	66	56		
MARTENS_BOUND_BY_PML_RARA_FUSION	456	404		
MARTENS_TRETINOIN_RESPONSE_DN	839		Rejected!	
MARTENS_TRETINOIN_RESPONSE_UP	855		Rejected!	
MARTINELLI_IMMATURE_NEUTROPHIL_DN	13	5		
MARTINELLI_IMMATURE_NEUTROPHIL_UP	11	6		
MARTINEZ_RB1_AND_TP53_TARGETS_DN	610		Rejected!	
MARTINEZ_RB1_AND_TP53_TARGETS_UP	623		Rejected!	
MARTINEZ_RB1_TARGETS_DN	569	459		
MARTINEZ_RB1_TARGETS_UP	690		Rejected!	
MARTINEZ_RESPONSE_TO_TRABECTEDIN	50	47		
MARTINEZ_RESPONSE_TO_TRABECTEDIN_DN	272	259		
MARTINEZ_RESPONSE_TO_TRABECTEDIN_UP	71	57		
MARTINEZ_TP53_TARGETS_DN	615		Rejected!	
MARTINEZ_TP53_TARGETS_UP	624		Rejected!	
MARTIN_INTERACT_WITH_HDAC	41	41		
MARTIN_NFKB_TARGETS_DN	11	9		
MARTIN_NFKB_TARGETS_UP	43	32		
MARTIN_VIRAL_GPCR_SIGNALING_DN	52	40		
MARTIN_VIRAL_GPCR_SIGNALING_UP	86	70		
MARTORIATI_MDM4_TARGETS_FETAL_LIVER_DN	519	479		
MARTORIATI_MDM4_TARGETS_FETAL_LIVER_UP	239	204		
MARTORIATI_MDM4_TARGETS_NEUROEPITHELIUM_DN	163	140		
MARTORIATI_MDM4_TARGETS_NEUROEPITHELIUM_UP	177	146		
MARZEC_IL2_SIGNALING_DN	36	32		
MARZEC_IL2_SIGNALING_UP	115	98		
MASRI_RESISTANCE_TO_TAMOXIFEN_AND_AROMATASE_INHIBITORS_DN	20	16		
MASRI_RESISTANCE_TO_TAMOXIFEN_AND_AROMATASE_INHIBITORS_UP	20	13		
MASSARWEH_RESPONSE_TO_ESTRADIOL	62	55		
MASSARWEH_TAMOXIFEN_RESISTANCE_DN	256	200		
MASSARWEH_TAMOXIFEN_RESISTANCE_UP	583		Rejected!	
MATHEW_FANCONI_ANEMIA_GENES	11	11		
MATSUDA_NATURAL_KILLER_DIFFERENTIATION	486	398		
MATTHEWS_AP1_TARGETS	17	12		
MATTHEWS_SKIN_CARCINOGENESIS_VIA_JUN	19	9		
MATTIOLI_MGUS_VS_MULTIPLE_MYELOMA	17	14		
MATTIOLI_MGUS_VS_PCL	127	87		
MATTIOLI_MULTIPLE_MYELOMA_SUBGROUPS	17	12		
MATTIOLI_MULTIPLE_MYELOMA_WITH_14Q32_TRANSLOCATIONS	37	33		
MATZUK_CENTRAL_FOR_FEMALE_FERTILITY	29	16		
MATZUK_CUMULUS_EXPANSION	9	6		
MATZUK_EARLY_ANTRAL_FOLLICLE	13	11		
MATZUK_EMBRYONIC_GERM_CELL	19	16		
MATZUK_FERTILIZATION	8	6		
MATZUK_IMPLANTATION_AND_UTERINE	22	19		
MATZUK_LUTEAL_GENES	8	7		
MATZUK_MALE_REPRODUCTION_SERTOLI	28	25		
MATZUK_MATERNAL_EFFECT	9	7		
MATZUK_MEIOTIC_AND_DNA_REPAIR	39	37		
MATZUK_OVULATION	15	12		
MATZUK_POSTIMPLANTATION_AND_POSTPARTUM	14	11		
MATZUK_PREOVULATORY_FOLLICLE	10	9		
MATZUK_SPERMATID_DIFFERENTIATION	37	33		
MATZUK_SPERMATOCYTE	72	68		
MATZUK_SPERMATOGONIA	25	22		
MATZUK_SPERMATOZOA	114	103		
MATZUK_STEROIDOGENESIS	7	6		
MAYBURD_RESPONSE_TO_L663536_DN	56	51		
MAYBURD_RESPONSE_TO_L663536_UP	31	25		
MA_MYELOID_DIFFERENTIATION_DN	42	37		
MA_MYELOID_DIFFERENTIATION_UP	38	32		
MA_RAT_AGING_DN	161	117		
MA_RAT_AGING_UP	107	78		
MCBRYAN_PUBERTAL_BREAST_3_4WK_DN	42	30		
MCBRYAN_PUBERTAL_BREAST_3_4WK_UP	214	176		
MCBRYAN_PUBERTAL_BREAST_4_5WK_DN	202	173		
MCBRYAN_PUBERTAL_BREAST_4_5WK_UP	270	226		
MCBRYAN_PUBERTAL_BREAST_5_6WK_DN	133	118		
MCBRYAN_PUBERTAL_BREAST_5_6WK_UP	123	99		
MCBRYAN_PUBERTAL_BREAST_6_7WK_DN	79	65		
MCBRYAN_PUBERTAL_BREAST_6_7WK_UP	199	172		
MCBRYAN_PUBERTAL_TGFB1_TARGETS_DN	62	51		
MCBRYAN_PUBERTAL_TGFB1_TARGETS_UP	168	156		
MCBRYAN_TERMINAL_END_BUD_DN	6	6		
MCBRYAN_TERMINAL_END_BUD_UP	12	10		
MCCABE_BOUND_BY_HOXC6	461	327		
MCCABE_HOXC6_TARGETS_CANCER_DN	20	19		
MCCABE_HOXC6_TARGETS_CANCER_UP	31	22		
MCCABE_HOXC6_TARGETS_DN	21	18		
MCCABE_HOXC6_TARGETS_UP	10	8		
MCCLUNG_COCAINE_REWARD_5D	75	70		
MCCLUNG_COCAIN_REWARD_4WK	74	54		
MCCLUNG_CREB1_TARGETS_DN	56	48		
MCCLUNG_CREB1_TARGETS_UP	100	86		
MCCLUNG_DELTA_FOSB_TARGETS_2WK	48	44		
MCCLUNG_DELTA_FOSB_TARGETS_8WK	49	48		
MCCOLLUM_GELDANAMYCIN_RESISTANCE_DN	7		Rejected!	
MCCOLLUM_GELDANAMYCIN_RESISTANCE_UP	10	9		
MCDOWELL_ACUTE_LUNG_INJURY_DN	47	36		
MCDOWELL_ACUTE_LUNG_INJURY_UP	47	36		
MCGARVEY_SILENCED_BY_METHYLATION_IN_COLON_CANCER	42	36		
MCGOWAN_RSP6_TARGETS_DN	5		Rejected!	
MCGOWAN_RSP6_TARGETS_UP	20	18		
MCLACHLAN_DENTAL_CARIES_DN	82	64		
MCLACHLAN_DENTAL_CARIES_UP	265	168		
MCMURRAY_TP53_HRAS_COOPERATION_RESPONSE_DN	67	58		
MCMURRAY_TP53_HRAS_COOPERATION_RESPONSE_UP	27	22		
MEBARKI_HCC_PROGENITOR_FZD8CRD_DN	459	297		
MEBARKI_HCC_PROGENITOR_FZD8CRD_UP	588	476		
MEBARKI_HCC_PROGENITOR_WNT_DN	92	60		
MEBARKI_HCC_PROGENITOR_WNT_DN_BLOCKED_BY_FZD8CRD	70	49		
MEBARKI_HCC_PROGENITOR_WNT_DN_CTNNB1_DEPENDENT	31	22		
MEBARKI_HCC_PROGENITOR_WNT_DN_CTNNB1_DEPENDENT_BLOCKED_BY_FZD8CRD	22	16		
MEBARKI_HCC_PROGENITOR_WNT_DN_CTNNB1_INDEPENDENT	16	11		
MEBARKI_HCC_PROGENITOR_WNT_UP	202	143		
MEBARKI_HCC_PROGENITOR_WNT_UP_BLOCKED_BY_FZD8CRD	125	95		
MEBARKI_HCC_PROGENITOR_WNT_UP_CTNNB1_DEPENDENT	90	56		
MEBARKI_HCC_PROGENITOR_WNT_UP_CTNNB1_DEPENDENT_BLOCKED_BY_FZD8CRD	47	33		
MEBARKI_HCC_PROGENITOR_WNT_UP_CTNNB1_INDEPENDENT	24	14		
MEDINA_SMARCA4_TARGETS	36	32		
MEINHOLD_OVARIAN_CANCER_LOW_GRADE_DN	19	18		
MEINHOLD_OVARIAN_CANCER_LOW_GRADE_UP	12	12		
MEISSNER_BRAIN_HCP_WITH_H3K27ME3	272	199		
MEISSNER_BRAIN_HCP_WITH_H3K4ME2	18	18		
MEISSNER_BRAIN_HCP_WITH_H3K4ME2_AND_H3K27ME3	60	47		
MEISSNER_BRAIN_HCP_WITH_H3K4ME3_AND_H3K27ME3	1074		Rejected!	
MEISSNER_BRAIN_HCP_WITH_H3_UNMETHYLATED	40	29		
MEISSNER_BRAIN_ICP_WITH_H3K4ME3	31	27		
MEISSNER_ES_ICP_WITH_H3K4ME3	32	27		
MEISSNER_ES_ICP_WITH_H3K4ME3_AND_H3K27ME3	14	13		
MEISSNER_NPC_HCP_WITH_H3K27ME3	79	62		
MEISSNER_NPC_HCP_WITH_H3K4ME2	493	431		
MEISSNER_NPC_HCP_WITH_H3K4ME2_AND_H3K27ME3	350	276		
MEISSNER_NPC_HCP_WITH_H3K4ME3_AND_H3K27ME3	143	124		
MEISSNER_NPC_HCP_WITH_H3_UNMETHYLATED	544	447		
MEISSNER_NPC_ICP_WITH_H3K4ME3	19	15		
MEISSNER_NPC_ICP_WITH_H3_UNMETHYLATED	23	19		
MELLMAN_TUT1_TARGETS_DN	47	44		
MELLMAN_TUT1_TARGETS_UP	20	19		
MENSE_HYPOXIA_UP	99	87		
MIDORIKAWA_AMPLIFIED_IN_LIVER_CANCER	55	45		
MIKHAYLOVA_OXIDATIVE_STRESS_RESPONSE_VIA_VHL_DN	6	6		
MIKHAYLOVA_OXIDATIVE_STRESS_RESPONSE_VIA_VHL_UP	7	7		
MIKI_COEXPRESSED_WITH_CYP19A1	7	6		
MIKKELSEN_DEDIFFERENTIATED_STATE_DN	7	6		
MIKKELSEN_DEDIFFERENTIATED_STATE_UP	8	7		
MIKKELSEN_ES_HCP_WITH_H3K27ME3	41	25		
MIKKELSEN_ES_HCP_WITH_H3_UNMETHYLATED	66	39		
MIKKELSEN_ES_ICP_WITH_H3K27ME3	43	32		
MIKKELSEN_ES_ICP_WITH_H3K4ME3	728		Rejected!	
MIKKELSEN_ES_ICP_WITH_H3K4ME3_AND_H3K27ME3	136	112		
MIKKELSEN_ES_LCP_WITH_H3K27ME3	14	8		
MIKKELSEN_ES_LCP_WITH_H3K4ME3	146	107		
MIKKELSEN_ES_LCP_WITH_H3K4ME3_AND_H3K27ME3	7	7		
MIKKELSEN_IPS_HCP_WITH_H3_UNMETHYLATED	86	56		
MIKKELSEN_IPS_ICP_WITH_H3K27ME3	55	46		
MIKKELSEN_IPS_ICP_WITH_H3K4ME3_AND_H327ME3	125	100		
MIKKELSEN_IPS_LCP_WITH_H3K27ME3	10		Rejected!	
MIKKELSEN_IPS_LCP_WITH_H3K4ME3	175	140		
MIKKELSEN_IPS_LCP_WITH_H3K4ME3_AND_H3K27ME3	5	5		
MIKKELSEN_IPS_WITH_HCP_H3K27ME3	103	70		
MIKKELSEN_MCV6_HCP_WITH_H3K27ME3	438	352		
MIKKELSEN_MCV6_ICP_WITH_H3K27ME3	75	53		
MIKKELSEN_MCV6_ICP_WITH_H3K4ME3_AND_H3K27ME3	34	27		
MIKKELSEN_MCV6_LCP_WITH_H3K27ME3	28	17		
MIKKELSEN_MCV6_LCP_WITH_H3K4ME3	162	126		
MIKKELSEN_MEF_HCP_WITH_H3K27ME3	591	445		
MIKKELSEN_MEF_HCP_WITH_H3_UNMETHYLATED	238	167		
MIKKELSEN_MEF_ICP_WITH_H3K27ME3	207	158		
MIKKELSEN_MEF_ICP_WITH_H3K4ME3_AND_H3K27ME3	38	34		
MIKKELSEN_MEF_LCP_WITH_H3K27ME3	71	48		
MIKKELSEN_MEF_LCP_WITH_H3K4ME3	128	104		
MIKKELSEN_NPC_HCP_WITH_H3K27ME3	345	270		
MIKKELSEN_NPC_HCP_WITH_H3K4ME3_AND_H3K27ME3	210	175		
MIKKELSEN_NPC_ICP_WITH_H3K27ME3	12	10		
MIKKELSEN_NPC_ICP_WITH_H3K4ME3	449	376		
MIKKELSEN_NPC_LCP_WITH_H3K4ME3	60	49		
MIKKELSEN_NPC_WITH_LCP_H3K27ME3	9		Rejected!	
MIKKELSEN_PARTIALLY_REPROGRAMMED_TO_PLURIPOTENCY	10	7		
MIKKELSEN_PLURIPOTENT_STATE_DN	8	8		
MIKKELSEN_PLURIPOTENT_STATE_UP	11	9		
MILICIC_FAMILIAL_ADENOMATOUS_POLYPOSIS_DN	10		Rejected!	
MILICIC_FAMILIAL_ADENOMATOUS_POLYPOSIS_UP	10	6		
MILI_PSEUDOPODIA	48	45		
MILI_PSEUDOPODIA_CHEMOTAXIS_DN	457	418		
MILI_PSEUDOPODIA_CHEMOTAXIS_UP	84	73		
MILI_PSEUDOPODIA_HAPTOTAXIS_DN	681		Rejected!	
MILI_PSEUDOPODIA_HAPTOTAXIS_UP	523	487		
MINGUEZ_LIVER_CANCER_VASCULAR_INVASION_DN	21	16		
MINGUEZ_LIVER_CANCER_VASCULAR_INVASION_UP	14	12		
MISHRA_CARCINOMA_ASSOCIATED_FIBROBLAST_DN	24	23		
MISHRA_CARCINOMA_ASSOCIATED_FIBROBLAST_UP	24	19		
MISIAK_ANAPLASTIC_THYROID_CARCINOMA_DN	20	16		
MISIAK_ANAPLASTIC_THYROID_CARCINOMA_UP	45	36		
MISSIAGLIA_REGULATED_BY_METHYLATION_DN	122	116		
MISSIAGLIA_REGULATED_BY_METHYLATION_UP	125	95		
MITSIADES_RESPONSE_TO_APLIDIN_DN	250	237		
MITSIADES_RESPONSE_TO_APLIDIN_UP	445	370		
MIYAGAWA_TARGETS_OF_EWSR1_ETS_FUSIONS_DN	235	194		
MIYAGAWA_TARGETS_OF_EWSR1_ETS_FUSIONS_UP	265	231		
MIZUKAMI_HYPOXIA_DN	6	5		
MIZUKAMI_HYPOXIA_UP	12	10		
MIZUSHIMA_AUTOPHAGOSOME_FORMATION	12	12		
MMS_MOUSE_LYMPH_HIGH_4HRS_UP	36	30		
MODY_HIPPOCAMPUS_NEONATAL	33	28		
MODY_HIPPOCAMPUS_POSTNATAL	56	51		
MODY_HIPPOCAMPUS_PRENATAL	45	44		
MOHANKUMAR_HOXA1_TARGETS_DN	176	133		
MOHANKUMAR_HOXA1_TARGETS_UP	410	378		
MOLENAAR_TARGETS_OF_CCND1_AND_CDK4_DN	59	56		
MOLENAAR_TARGETS_OF_CCND1_AND_CDK4_UP	68	53		
MONNIER_POSTRADIATION_TUMOR_ESCAPE_DN	385	329		
MONNIER_POSTRADIATION_TUMOR_ESCAPE_UP	408	372		
MONTERO_THYROID_CANCER_POOR_SURVIVAL_DN	11	10		
MONTERO_THYROID_CANCER_POOR_SURVIVAL_UP	12	12		
MOOTHA_FFA_OXYDATION	24	22		
MOOTHA_GLUCONEOGENESIS	31	31		
MOOTHA_GLYCOGEN_METABOLISM	21	18		
MOOTHA_GLYCOLYSIS	21	21		
MOOTHA_HUMAN_MITODB_6_2002	432	388		
MOOTHA_MITOCHONDRIA	451	408		
MOOTHA_PGC	421	380		
MOOTHA_PYR	8	5		
MOOTHA_ROS	7	6		
MOOTHA_TCA	16	15		
MOOTHA_VOXPHOS	87	73		
MOREAUX_B_LYMPHOCYTE_MATURATION_BY_TACI_DN	76	71		
MOREAUX_B_LYMPHOCYTE_MATURATION_BY_TACI_UP	87	69		
MOREAUX_MULTIPLE_MYELOMA_BY_TACI_DN	174	161		
MOREAUX_MULTIPLE_MYELOMA_BY_TACI_UP	376	280		
MOREIRA_RESPONSE_TO_TSA_DN	18	16		
MOREIRA_RESPONSE_TO_TSA_UP	28	24		
MORI_EMU_MYC_LYMPHOMA_BY_ONSET_TIME_DN	18	18		
MORI_EMU_MYC_LYMPHOMA_BY_ONSET_TIME_UP	112	107		
MORI_IMMATURE_B_LYMPHOCYTE_DN	91	82		
MORI_IMMATURE_B_LYMPHOCYTE_UP	53	43		
MORI_LARGE_PRE_BII_LYMPHOCYTE_DN	60	50		
MORI_LARGE_PRE_BII_LYMPHOCYTE_UP	88	81		
MORI_MATURE_B_LYMPHOCYTE_DN	76	69		
MORI_MATURE_B_LYMPHOCYTE_UP	95	71		
MORI_PLASMA_CELL_DN	36	34		
MORI_PLASMA_CELL_UP	54	45		
MORI_PRE_BI_LYMPHOCYTE_DN	80	68		
MORI_PRE_BI_LYMPHOCYTE_UP	81	69		
MORI_SMALL_PRE_BII_LYMPHOCYTE_DN	76	68		
MORI_SMALL_PRE_BII_LYMPHOCYTE_UP	77	64		
MOROSETTI_FACIOSCAPULOHUMERAL_MUSCULAR_DISTROPHY_DN	12	10		
MOROSETTI_FACIOSCAPULOHUMERAL_MUSCULAR_DISTROPHY_UP	20	16		
MOSERLE_IFNA_RESPONSE	31	23		
MOTAMED_RESPONSE_TO_ANDROGEN_DN	6	6		
MOTAMED_RESPONSE_TO_ANDROGEN_UP	6	5		
MUELLER_COMMON_TARGETS_OF_AML_FUSIONS_DN	33	27		
MUELLER_COMMON_TARGETS_OF_AML_FUSIONS_UP	14	14		
MUELLER_METHYLATED_IN_GLIOBLASTOMA	43	28		
MUELLER_PLURINET	299	277		
MULLIGAN_NTF3_SIGNALING_VIA_INSR_AND_IGF1R_DN	10	10		
MULLIGAN_NTF3_SIGNALING_VIA_INSR_AND_IGF1R_UP	21	19		
MULLIGHAN_MLL_SIGNATURE_1_DN	238	195		
MULLIGHAN_MLL_SIGNATURE_1_UP	385	333		
MULLIGHAN_MLL_SIGNATURE_2_DN	279	231		
MULLIGHAN_MLL_SIGNATURE_2_UP	420	366		
MULLIGHAN_NPM1_MUTATED_SIGNATURE_1_DN	125	108		
MULLIGHAN_NPM1_MUTATED_SIGNATURE_1_UP	265	234		
MULLIGHAN_NPM1_MUTATED_SIGNATURE_2_DN	76	65		
MULLIGHAN_NPM1_MUTATED_SIGNATURE_2_UP	130	119		
MULLIGHAN_NPM1_SIGNATURE_3_DN	161	138		
MULLIGHAN_NPM1_SIGNATURE_3_UP	335	293		
MUNSHI_MULTIPLE_MYELOMA_DN	10	8		
MUNSHI_MULTIPLE_MYELOMA_UP	77	66		
MURAKAMI_UV_RESPONSE_1HR_DN	10	6		
MURAKAMI_UV_RESPONSE_1HR_UP	15	13		
MURAKAMI_UV_RESPONSE_24HR	20	16		
MURAKAMI_UV_RESPONSE_6HR_DN	21	16		
MURAKAMI_UV_RESPONSE_6HR_UP	34	31		
MURATA_VIRULENCE_OF_H_PILORI	22	15		
MYLLYKANGAS_AMPLIFICATION_HOT_SPOT_1	6		Rejected!	
MYLLYKANGAS_AMPLIFICATION_HOT_SPOT_12	11	11		
MYLLYKANGAS_AMPLIFICATION_HOT_SPOT_13	6		Rejected!	
MYLLYKANGAS_AMPLIFICATION_HOT_SPOT_15	10	10		
MYLLYKANGAS_AMPLIFICATION_HOT_SPOT_16	9	8		
MYLLYKANGAS_AMPLIFICATION_HOT_SPOT_17	19	16		
MYLLYKANGAS_AMPLIFICATION_HOT_SPOT_18	5	5		
MYLLYKANGAS_AMPLIFICATION_HOT_SPOT_2	5	5		
MYLLYKANGAS_AMPLIFICATION_HOT_SPOT_21	6	5		
MYLLYKANGAS_AMPLIFICATION_HOT_SPOT_22	11	10		
MYLLYKANGAS_AMPLIFICATION_HOT_SPOT_23	19	17		
MYLLYKANGAS_AMPLIFICATION_HOT_SPOT_24	14	12		
MYLLYKANGAS_AMPLIFICATION_HOT_SPOT_25	9	7		
MYLLYKANGAS_AMPLIFICATION_HOT_SPOT_27	10	8		
MYLLYKANGAS_AMPLIFICATION_HOT_SPOT_29	8	6		
MYLLYKANGAS_AMPLIFICATION_HOT_SPOT_30	5	5		
MYLLYKANGAS_AMPLIFICATION_HOT_SPOT_5	6	5		
MYLLYKANGAS_AMPLIFICATION_HOT_SPOT_6	6	6		
MYLLYKANGAS_AMPLIFICATION_HOT_SPOT_7	7	6		
MYLLYKANGAS_AMPLIFICATION_HOT_SPOT_8	12	12		
MYLLYKANGAS_AMPLIFICATION_HOT_SPOT_9	8	7		
NABA_BASEMENT_MEMBRANES	40	35		
NABA_COLLAGENS	44	36		
NABA_CORE_MATRISOME	275	209		
NABA_ECM_AFFILIATED	170	106		
NABA_ECM_GLYCOPROTEINS	196	151		
NABA_ECM_REGULATORS	238	165		
NABA_MATRISOME	1026		Rejected!	
NABA_MATRISOME_ASSOCIATED	751	479		
NABA_MATRISOME_HGSOC_OMENTAL_METASTASIS	59	50		
NABA_MATRISOME_HIGHLY_METASTATIC_BREAST_CANCER	41	34		
NABA_MATRISOME_HIGHLY_METASTATIC_BREAST_CANCER_TUMOR_CELL_DERIVED	29	24		
NABA_MATRISOME_HIGHLY_METASTATIC_MELANOMA	18	14		
NABA_MATRISOME_HIGHLY_METASTATIC_MELANOMA_TUMOR_CELL_DERIVED	12	9		
NABA_MATRISOME_METASTATIC_COLORECTAL_LIVER_METASTASIS	30	27		
NABA_MATRISOME_MULTIPLE_MYELOMA	10	8		
NABA_MATRISOME_POORLY_METASTATIC_BREAST_CANCER	25	19		
NABA_MATRISOME_POORLY_METASTATIC_BREAST_CANCER_TUMOR_CELL_DERIVED	12	9		
NABA_MATRISOME_POORLY_METASTATIC_MELANOMA	38	32		
NABA_MATRISOME_POORLY_METASTATIC_MELANOMA_TUMOR_CELL_DERIVED	26	24		
NABA_MATRISOME_PRIMARY_METASTATIC_COLORECTAL_TUMOR	59	49		
NABA_PROTEOGLYCANS	35	22		
NABA_SECRETED_FACTORS	343	208		
NADELLA_PRKAR1A_TARGETS_DN	7	7		
NADELLA_PRKAR1A_TARGETS_UP	9	8		
NADERI_BREAST_CANCER_PROGNOSIS_DN	18	16		
NADERI_BREAST_CANCER_PROGNOSIS_UP	51	43		
NADLER_HYPERGLYCEMIA_AT_OBESITY	59	51		
NADLER_OBESITY_DN	49	39		
NADLER_OBESITY_UP	60	54		
NAGASHIMA_EGF_SIGNALING_UP	57	48		
NAGASHIMA_NRG1_SIGNALING_DN	55	42		
NAGASHIMA_NRG1_SIGNALING_UP	172	150		
NAGY_PCAF_COMPONENTS_HUMAN	9	8		
NAGY_STAGA_COMPONENTS_HUMAN	13	11		
NAGY_TFTC_COMPONENTS_HUMAN	18	15		
NAISHIRO_CTNNB1_TARGETS_WITH_LEF1_MOTIF	8	7		
NAKAJIMA_EOSINOPHIL	25	13		
NAKAJIMA_MAST_CELL	46	34		
NAKAMURA_ADIPOGENESIS_EARLY_DN	35	29		
NAKAMURA_ADIPOGENESIS_EARLY_UP	63	51		
NAKAMURA_ADIPOGENESIS_LATE_DN	35	29		
NAKAMURA_ADIPOGENESIS_LATE_UP	98	90		
NAKAMURA_ALVEOLAR_EPITHELIUM	5	5		
NAKAMURA_BRONCHIAL_AND_BRONCHIOLAR_EPITHELIA	7	5		
NAKAMURA_CANCER_MICROENVIRONMENT_DN	46	42		
NAKAMURA_CANCER_MICROENVIRONMENT_UP	29	16		
NAKAMURA_LUNG_CANCER	9	6		
NAKAMURA_LUNG_CANCER_DIFFERENTIATION_MARKERS	13	9		
NAKAMURA_METASTASIS	47	39		
NAKAMURA_METASTASIS_MODEL_DN	44	37		
NAKAMURA_METASTASIS_MODEL_UP	45	37		
NAKAMURA_TUMOR_ZONE_PERIPHERAL_VS_CENTRAL_DN	648		Rejected!	
NAKAMURA_TUMOR_ZONE_PERIPHERAL_VS_CENTRAL_UP	284	242		
NAKAYAMA_FRA2_TARGETS	44	38		
NAKAYAMA_SOFT_TISSUE_TUMORS_PCA1_DN	77	60		
NAKAYAMA_SOFT_TISSUE_TUMORS_PCA1_UP	83	52		
NAKAYAMA_SOFT_TISSUE_TUMORS_PCA2_DN	85	58		
NAKAYAMA_SOFT_TISSUE_TUMORS_PCA2_UP	89	79		
NAM_FXYD5_TARGETS_DN	18	16		
NATSUME_RESPONSE_TO_INTERFERON_BETA_DN	51	41		
NATSUME_RESPONSE_TO_INTERFERON_BETA_UP	70	55		
NEBEN_AML_WITH_FLT3_OR_NRAS_DN	12	12		
NEBEN_AML_WITH_FLT3_OR_NRAS_UP	8	7		
NELSON_RESPONSE_TO_ANDROGEN_DN	17	14		
NELSON_RESPONSE_TO_ANDROGEN_UP	83	66		
NEMETH_INFLAMMATORY_RESPONSE_LPS_DN	31	29		
NEMETH_INFLAMMATORY_RESPONSE_LPS_UP	84	68		
NEWMAN_ERCC6_TARGETS_DN	39	27		
NEWMAN_ERCC6_TARGETS_UP	26	17		
NGO_MALIGNANT_GLIOMA_1P_LOH	15	14		
NGUYEN_NOTCH1_TARGETS_DN	83	78		
NGUYEN_NOTCH1_TARGETS_UP	27	25		
NICK_RESPONSE_TO_PROC_TREATMENT_DN	27	23		
NICK_RESPONSE_TO_PROC_TREATMENT_UP	5		Rejected!	
NIKOLSKY_BREAST_CANCER_10Q22_AMPLICON	8	6		
NIKOLSKY_BREAST_CANCER_11Q12_Q14_AMPLICON	158	126		
NIKOLSKY_BREAST_CANCER_12Q13_Q21_AMPLICON	46	40		
NIKOLSKY_BREAST_CANCER_12Q24_AMPLICON	15	15		
NIKOLSKY_BREAST_CANCER_14Q22_AMPLICON	14	13		
NIKOLSKY_BREAST_CANCER_15Q26_AMPLICON	22	19		
NIKOLSKY_BREAST_CANCER_16P13_AMPLICON	119	94		
NIKOLSKY_BREAST_CANCER_16Q24_AMPLICON	52	43		
NIKOLSKY_BREAST_CANCER_17P11_AMPLICON	10	10		
NIKOLSKY_BREAST_CANCER_17Q11_Q21_AMPLICON	132	95		
NIKOLSKY_BREAST_CANCER_17Q21_Q25_AMPLICON	334	274		
NIKOLSKY_BREAST_CANCER_19P13_AMPLICON	5		Rejected!	
NIKOLSKY_BREAST_CANCER_19Q13.1_AMPLICON	22	12		
NIKOLSKY_BREAST_CANCER_19Q13.4_AMPLICON	7		Rejected!	
NIKOLSKY_BREAST_CANCER_1Q21_AMPLICON	38	34		
NIKOLSKY_BREAST_CANCER_1Q32_AMPLICON	13	8		
NIKOLSKY_BREAST_CANCER_20P13_AMPLICON	8	6		
NIKOLSKY_BREAST_CANCER_20Q11_AMPLICON	31	31		
NIKOLSKY_BREAST_CANCER_20Q12_Q13_AMPLICON	149	118		
NIKOLSKY_BREAST_CANCER_21Q22_AMPLICON	16	14		
NIKOLSKY_BREAST_CANCER_22Q13_AMPLICON	17	17		
NIKOLSKY_BREAST_CANCER_5P15_AMPLICON	26	22		
NIKOLSKY_BREAST_CANCER_6P24_P22_AMPLICON	21	20		
NIKOLSKY_BREAST_CANCER_7P15_AMPLICON	11	11		
NIKOLSKY_BREAST_CANCER_7P22_AMPLICON	38	32		
NIKOLSKY_BREAST_CANCER_7Q21_Q22_AMPLICON	75	61		
NIKOLSKY_BREAST_CANCER_8P12_P11_AMPLICON	57	48		
NIKOLSKY_BREAST_CANCER_8Q12_Q22_AMPLICON	132	109		
NIKOLSKY_BREAST_CANCER_8Q23_Q24_AMPLICON	157	132		
NIKOLSKY_MUTATED_AND_AMPLIFIED_IN_BREAST_CANCER	94	77		
NIKOLSKY_OVERCONNECTED_IN_BREAST_CANCER	21	19		
NOJIMA_SFRP2_TARGETS_DN	26	18		
NOJIMA_SFRP2_TARGETS_UP	32	23		
NOURUZI_NEPC_ASCL1_TARGETS	159	98		
NOUSHMEHR_GBM_GERMLINE_MUTATED	8	6		
NOUSHMEHR_GBM_SILENCED_BY_METHYLATION	50	42		
NOUSHMEHR_GBM_SOMATIC_MUTATED	9	7		
NOUZOVA_METHYLATED_IN_APL	66	53		
NOUZOVA_TRETINOIN_AND_H4_ACETYLATION	138	125		
NUMATA_CSF3_SIGNALING_VIA_STAT3	21	18		
NUNODA_RESPONSE_TO_DASATINIB_IMATINIB_DN	13	12		
NUNODA_RESPONSE_TO_DASATINIB_IMATINIB_UP	29	29		
NUTT_GBM_VS_AO_GLIOMA_DN	46	41		
NUTT_GBM_VS_AO_GLIOMA_UP	46	42		
NUYTTEN_EZH2_TARGETS_DN	1023		Rejected!	
NUYTTEN_EZH2_TARGETS_UP	1033		Rejected!	
NUYTTEN_NIPP1_TARGETS_DN	845		Rejected!	
NUYTTEN_NIPP1_TARGETS_UP	768		Rejected!	
ODONNELL_METASTASIS_DN	24	20		
ODONNELL_METASTASIS_UP	76	59		
ODONNELL_TARGETS_OF_MYC_AND_TFRC_DN	46	41		
ODONNELL_TARGETS_OF_MYC_AND_TFRC_UP	83	63		
ODONNELL_TFRC_TARGETS_DN	139	115		
ODONNELL_TFRC_TARGETS_UP	443	293		
OHASHI_AURKA_TARGETS	5	5		
OHASHI_AURKB_TARGETS	8	8		
OHGUCHI_LIVER_HNF4A_TARGETS_DN	171	114		
OHGUCHI_LIVER_HNF4A_TARGETS_UP	50	36		
OHM_EMBRYONIC_CARCINOMA_DN	8	7		
OHM_EMBRYONIC_CARCINOMA_UP	6	6		
OHM_METHYLATED_IN_ADULT_CANCERS	27	24		
OISHI_CHOLANGIOMA_STEM_CELL_LIKE_DN	274	226		
OISHI_CHOLANGIOMA_STEM_CELL_LIKE_UP	349	303		
OKAWA_NEUROBLASTOMA_1P36_31_DELETION	22	21		
OKUMURA_INFLAMMATORY_RESPONSE_LPS	182	152		
OLSSON_E2F3_TARGETS_DN	39	27		
OLSSON_E2F3_TARGETS_UP	26	19		
ONDER_CDH1_SIGNALING_VIA_CTNNB1	84	65		
ONDER_CDH1_TARGETS_1_DN	170	136		
ONDER_CDH1_TARGETS_1_UP	139	115		
ONDER_CDH1_TARGETS_2_DN	473	395		
ONDER_CDH1_TARGETS_2_UP	257	225		
ONDER_CDH1_TARGETS_3_DN	59	35		
ONDER_CDH1_TARGETS_3_UP	18	16		
ONGUSAHA_BRCA1_TARGETS_DN	11	10		
ONGUSAHA_BRCA1_TARGETS_UP	13	12		
ONGUSAHA_TP53_TARGETS	38	31		
ONKEN_UVEAL_MELANOMA_DN	533	490		
ONKEN_UVEAL_MELANOMA_UP	790		Rejected!	
ONO_AML1_TARGETS_DN	39	30		
ONO_AML1_TARGETS_UP	24	20		
ONO_FOXP3_TARGETS_DN	41	33		
ONO_FOXP3_TARGETS_UP	23	18		
OSADA_ASCL1_TARGETS_DN	24	20		
OSADA_ASCL1_TARGETS_UP	46	34		
OSAWA_TNF_TARGETS	10	8		
OSMAN_BLADDER_CANCER_DN	431	360		
OSMAN_BLADDER_CANCER_UP	402	360		
OSWALD_HEMATOPOIETIC_STEM_CELL_IN_COLLAGEN_GEL_DN	281	214		
OSWALD_HEMATOPOIETIC_STEM_CELL_IN_COLLAGEN_GEL_UP	224	187		
OUELLET_CULTURED_OVARIAN_CANCER_INVASIVE_VS_LMP_DN	35	24		
OUELLET_CULTURED_OVARIAN_CANCER_INVASIVE_VS_LMP_UP	69	62		
OUELLET_OVARIAN_CANCER_INVASIVE_VS_LMP_DN	12	12		
OUELLET_OVARIAN_CANCER_INVASIVE_VS_LMP_UP	118	107		
OUILLETTE_CLL_13Q14_DELETION_DN	55	46		
OUILLETTE_CLL_13Q14_DELETION_UP	75	62		
OUYANG_PROSTATE_CANCER_MARKERS	21	20		
OUYANG_PROSTATE_CANCER_PROGRESSION_DN	21	20		
OUYANG_PROSTATE_CANCER_PROGRESSION_UP	21	18		
OZANNE_AP1_TARGETS_UP	14	12		
OZEN_MIR125B1_TARGETS	23	21		
PACHER_TARGETS_OF_IGF1_AND_IGF2_UP	36	29		
PALOMERO_GSI_SENSITIVITY_DN	5		Rejected!	
PALOMERO_GSI_SENSITIVITY_UP	7	6		
PAL_PRMT5_TARGETS_DN	30	19		
PAL_PRMT5_TARGETS_UP	204	193		
PANGAS_TUMOR_SUPPRESSION_BY_SMAD1_AND_SMAD5_DN	148	130		
PANGAS_TUMOR_SUPPRESSION_BY_SMAD1_AND_SMAD5_UP	134	122		
PAPASPYRIDONOS_UNSTABLE_ATEROSCLEROTIC_PLAQUE_DN	43	39		
PAPASPYRIDONOS_UNSTABLE_ATEROSCLEROTIC_PLAQUE_UP	53	43		
PARENT_MTOR_SIGNALING_DN	44	36		
PARENT_MTOR_SIGNALING_UP	567		Rejected!	
PARK_APL_PATHOGENESIS_DN	48	39		
PARK_APL_PATHOGENESIS_UP	14	12		
PARK_HSC_AND_MULTIPOTENT_PROGENITORS	45	41		
PARK_HSC_MARKERS	44	42		
PARK_HSC_VS_MULTIPOTENT_PROGENITORS_DN	15	13		
PARK_HSC_VS_MULTIPOTENT_PROGENITORS_UP	19	17		
PARK_OSTEOBLAST_DIFFERENTIATION_BY_PHENYLAMIL_DN	6		Rejected!	
PARK_OSTEOBLAST_DIFFERENTIATION_BY_PHENYLAMIL_UP	12	11		
PARK_TRETINOIN_RESPONSE	12	11		
PARK_TRETINOIN_RESPONSE_AND_PML_RARA_FUSION	30	29		
PARK_TRETINOIN_RESPONSE_AND_RARA_PLZF_FUSION	23	22		
PASINI_SUZ12_TARGETS_DN	316	278		
PASINI_SUZ12_TARGETS_UP	113	84		
PASQUALUCCI_LYMPHOMA_BY_GC_STAGE_DN	172	153		
PASQUALUCCI_LYMPHOMA_BY_GC_STAGE_UP	287	258		
PASTURAL_RIZ1_TARGETS_DN	5	5		
PASTURAL_RIZ1_TARGETS_UP	10	7		
PATIL_LIVER_CANCER	660		Rejected!	
PEART_HDAC_PROLIFERATION_CLUSTER_DN	71	66		
PEART_HDAC_PROLIFERATION_CLUSTER_UP	53	51		
PECE_MAMMARY_STEM_CELL_DN	144	126		
PECE_MAMMARY_STEM_CELL_UP	139	110		
PEDERSEN_METASTASIS_BY_ERBB2_ISOFORM_1	46	38		
PEDERSEN_METASTASIS_BY_ERBB2_ISOFORM_3	20	16		
PEDERSEN_METASTASIS_BY_ERBB2_ISOFORM_4	108	90		
PEDERSEN_METASTASIS_BY_ERBB2_ISOFORM_5	11	10		
PEDERSEN_METASTASIS_BY_ERBB2_ISOFORM_6	29	20		
PEDERSEN_METASTASIS_BY_ERBB2_ISOFORM_7	399	331		
PEDERSEN_TARGETS_OF_611CTF_ISOFORM_OF_ERBB2	75	64		
PEDRIOLI_MIR31_TARGETS_DN	413	320		
PEDRIOLI_MIR31_TARGETS_UP	223	156		
PELLICCIOTTA_HDAC_IN_ANTIGEN_PRESENTATION_DN	49	45		
PELLICCIOTTA_HDAC_IN_ANTIGEN_PRESENTATION_UP	64	60		
PEPPER_CHRONIC_LYMPHOCYTIC_LEUKEMIA_DN	23	17		
PEPPER_CHRONIC_LYMPHOCYTIC_LEUKEMIA_UP	32	23		
PEREZ_TP53_AND_TP63_TARGETS	207	175		
PEREZ_TP53_TARGETS	1201		Rejected!	
PEREZ_TP63_TARGETS	356	293		
PETRETTO_BLOOD_PRESSURE_DN	8	7		
PETRETTO_BLOOD_PRESSURE_UP	12	10		
PETRETTO_CARDIAC_HYPERTROPHY	34	27		
PETRETTO_HEART_MASS_QTL_CIS_DN	28	24		
PETRETTO_HEART_MASS_QTL_CIS_UP	32	28		
PETRETTO_LEFT_VENTRICLE_MASS_QTL_CIS_DN	10	9		
PETRETTO_LEFT_VENTRICLE_MASS_QTL_CIS_UP	6		Rejected!	
PETROVA_ENDOTHELIUM_LYMPHATIC_VS_BLOOD_DN	162	129		
PETROVA_ENDOTHELIUM_LYMPHATIC_VS_BLOOD_UP	131	118		
PETROVA_PROX1_TARGETS_DN	56	47		
PETROVA_PROX1_TARGETS_UP	25	24		
PHESSE_TARGETS_OF_APC_AND_MBD2_DN	11	11		
PHESSE_TARGETS_OF_APC_AND_MBD2_UP	18	13		
PHONG_TNF_RESPONSE_NOT_VIA_P38	341	304		
PHONG_TNF_RESPONSE_VIA_P38_COMPLETE	224	202		
PHONG_TNF_RESPONSE_VIA_P38_PARTIAL	164	138		
PHONG_TNF_TARGETS_DN	8	6		
PHONG_TNF_TARGETS_UP	63	48		
PICCALUGA_ANGIOIMMUNOBLASTIC_LYMPHOMA_DN	137	121		
PICCALUGA_ANGIOIMMUNOBLASTIC_LYMPHOMA_UP	211	173		
PIEPOLI_LGI1_TARGETS_DN	17	10		
PIEPOLI_LGI1_TARGETS_UP	17	12		
PILON_KLF1_TARGETS_UP	503	427		
PIONTEK_PKD1_TARGETS_DN	18	16		
PIONTEK_PKD1_TARGETS_UP	42	33		
PLASARI_NFIC_TARGETS_BASAL_DN	22	17		
PLASARI_NFIC_TARGETS_BASAL_UP	30	23		
PLASARI_TGFB1_SIGNALING_VIA_NFIC_10HR_DN	33	26		
PLASARI_TGFB1_SIGNALING_VIA_NFIC_10HR_UP	58	49		
PLASARI_TGFB1_SIGNALING_VIA_NFIC_1HR_DN	109	91		
PLASARI_TGFB1_SIGNALING_VIA_NFIC_1HR_UP	33	26		
PLASARI_TGFB1_TARGETS_10HR_DN	258	230		
PLASARI_TGFB1_TARGETS_10HR_UP	196	165		
PLASARI_TGFB1_TARGETS_1HR_DN	5	5		
PLASARI_TGFB1_TARGETS_1HR_UP	33	28		
PODAR_RESPONSE_TO_ADAPHOSTIN_DN	18	16		
PODAR_RESPONSE_TO_ADAPHOSTIN_UP	148	124		
POMEROY_MEDULLOBLASTOMA_DESMOPLASIC_VS_CLASSIC_DN	61	49		
POMEROY_MEDULLOBLASTOMA_DESMOPLASIC_VS_CLASSIC_UP	63	55		
POMEROY_MEDULLOBLASTOMA_PROGNOSIS_DN	44	42		
POMEROY_MEDULLOBLASTOMA_PROGNOSIS_UP	48	41		
POOLA_INVASIVE_BREAST_CANCER_DN	133	107		
POOLA_INVASIVE_BREAST_CANCER_UP	292	214		
POS_HISTAMINE_RESPONSE_NETWORK	31	27		
POS_RESPONSE_TO_HISTAMINE_DN	11	11		
POS_RESPONSE_TO_HISTAMINE_UP	12	12		
PRAMOONJAGO_SOX4_TARGETS_DN	49	44		
PRAMOONJAGO_SOX4_TARGETS_UP	52	44		
PROVENZANI_METASTASIS_DN	142	118		
PROVENZANI_METASTASIS_UP	204	173		
PUIFFE_INVASION_INHIBITED_BY_ASCITES_DN	146	131		
PUIFFE_INVASION_INHIBITED_BY_ASCITES_UP	79	66		
PUJANA_ATM_PCC_NETWORK	1394		Rejected!	
PUJANA_BRCA1_PCC_NETWORK	1626		Rejected!	
PUJANA_BRCA2_PCC_NETWORK	426	389		
PUJANA_BRCA_CENTERED_NETWORK	118	115		
PUJANA_BREAST_CANCER_LIT_INT_NETWORK	101	100		
PUJANA_BREAST_CANCER_WITH_BRCA1_MUTATED_DN	9	9		
PUJANA_BREAST_CANCER_WITH_BRCA1_MUTATED_UP	55	55		
PUJANA_CHEK2_PCC_NETWORK	761		Rejected!	
PUJANA_XPRSS_INT_NETWORK	168	161		
PURBEY_TARGETS_OF_CTBP1_AND_SATB1_DN	161	142		
PURBEY_TARGETS_OF_CTBP1_AND_SATB1_UP	77	64		
PURBEY_TARGETS_OF_CTBP1_NOT_SATB1_DN	403	332		
PURBEY_TARGETS_OF_CTBP1_NOT_SATB1_UP	296	244		
PURWIN_A375_MEWO_COMMON_SOX10_TARGETS	29	25		
PURWIN_A375_SOX10_TARGETS	55	46		
PURWIN_MEWO_SOX10_TARGETS	92	81		
PYEON_CANCER_HEAD_AND_NECK_VS_CERVICAL_DN	29	12		
PYEON_CANCER_HEAD_AND_NECK_VS_CERVICAL_UP	195	169		
PYEON_HPV_POSITIVE_TUMORS_DN	10	8		
PYEON_HPV_POSITIVE_TUMORS_UP	101	80		
QI_HYPOXIA	133	125		
QI_HYPOXIA_TARGETS_OF_HIF1A_AND_FOXA2	35	32		
QI_PLASMACYTOMA_DN	98	82		
QI_PLASMACYTOMA_UP	254	219		
QUINTENS_EMBRYONIC_BRAIN_RESPONSE_TO_IR	82	76		
RADAEVA_RESPONSE_TO_IFNA1_DN	10	9		
RADAEVA_RESPONSE_TO_IFNA1_UP	47	34		
RADMACHER_AML_PROGNOSIS	81	66		
RAFFEL_VEGFA_TARGETS_DN	5		Rejected!	
RAFFEL_VEGFA_TARGETS_UP	9	8		
RAGHAVACHARI_PLATELET_SPECIFIC_GENES	71	60		
RAHMAN_TP53_TARGETS_PHOSPHORYLATED	20	20		
RAMALHO_STEMNESS_DN	72	65		
RAMALHO_STEMNESS_UP	196	184		
RAMASWAMY_METASTASIS_DN	59	50		
RAMASWAMY_METASTASIS_UP	66	58		
RAMJAUN_APOPTOSIS_BY_TGFB1_VIA_MAPK1_DN	8	8		
RAMJAUN_APOPTOSIS_BY_TGFB1_VIA_MAPK1_UP	6	5		
RAMJAUN_APOPTOSIS_BY_TGFB1_VIA_SMAD4_DN	10	9		
RAMJAUN_APOPTOSIS_BY_TGFB1_VIA_SMAD4_UP	10	10		
RAMPON_ENRICHED_LEARNING_ENVIRONMENT_EARLY_DN	10	9		
RAMPON_ENRICHED_LEARNING_ENVIRONMENT_EARLY_UP	15	15		
RAMPON_ENRICHED_LEARNING_ENVIRONMENT_LATE_UP	21	21		
RANKIN_ANGIOGENIC_TARGETS_OF_VHL_HIF2A_DN	8	6		
RANKIN_ANGIOGENIC_TARGETS_OF_VHL_HIF2A_UP	5		Rejected!	
RAO_BOUND_BY_SALL4	226	198		
RAO_BOUND_BY_SALL4_ISOFORM_A	194	139		
RAO_BOUND_BY_SALL4_ISOFORM_B	526	438		
RASHI_NFKB1_TARGETS	18	15		
RASHI_RESPONSE_TO_IONIZING_RADIATION_1	39	30		
RASHI_RESPONSE_TO_IONIZING_RADIATION_2	125	112		
RASHI_RESPONSE_TO_IONIZING_RADIATION_3	47	45		
RASHI_RESPONSE_TO_IONIZING_RADIATION_4	48	43		
RASHI_RESPONSE_TO_IONIZING_RADIATION_5	134	121		
RASHI_RESPONSE_TO_IONIZING_RADIATION_6	97	56		
RATTENBACHER_BOUND_BY_CELF1	445	350		
RAY_ALZHEIMERS_DISEASE	13	6		
RAY_TARGETS_OF_P210_BCR_ABL_FUSION_DN	15	12		
RAY_TARGETS_OF_P210_BCR_ABL_FUSION_UP	16	13		
RAY_TUMORIGENESIS_BY_ERBB2_CDC25A_DN	266	231		
RAY_TUMORIGENESIS_BY_ERBB2_CDC25A_UP	204	158		
REICHERT_G1S_REGULATORS_AS_PI3K_TARGETS	8	8		
REICHERT_MITOSIS_LIN9_TARGETS	27	26		
REN_ALVEOLAR_RHABDOMYOSARCOMA_DN	407	367		
REN_ALVEOLAR_RHABDOMYOSARCOMA_UP	99	83		
REN_BOUND_BY_E2F	62	57		
REN_MIF_TARGETS_DN	5		Rejected!	
RHEIN_ALL_GLUCOCORTICOID_THERAPY_DN	368	327		
RHEIN_ALL_GLUCOCORTICOID_THERAPY_UP	76	60		
RHODES_CANCER_META_SIGNATURE	65	61		
RHODES_UNDIFFERENTIATED_CANCER	69	61		
RICKMAN_HEAD_AND_NECK_CANCER_A	105	77		
RICKMAN_HEAD_AND_NECK_CANCER_B	55	25		
RICKMAN_HEAD_AND_NECK_CANCER_C	116	69		
RICKMAN_HEAD_AND_NECK_CANCER_D	40	11		
RICKMAN_HEAD_AND_NECK_CANCER_E	87	52		
RICKMAN_HEAD_AND_NECK_CANCER_F	55	43		
RICKMAN_METASTASIS_DN	263	223		
RICKMAN_METASTASIS_UP	350	302		
RICKMAN_TUMOR_DIFFERENTIATED_MODERATELY_VS_POORLY_DN	16	15		
RICKMAN_TUMOR_DIFFERENTIATED_MODERATELY_VS_POORLY_UP	125	111		
RICKMAN_TUMOR_DIFFERENTIATED_WELL_VS_MODERATELY_DN	113	87		
RICKMAN_TUMOR_DIFFERENTIATED_WELL_VS_MODERATELY_UP	107	91		
RICKMAN_TUMOR_DIFFERENTIATED_WELL_VS_POORLY_DN	384	332		
RICKMAN_TUMOR_DIFFERENTIATED_WELL_VS_POORLY_UP	242	221		
RIEGE_DELTANP63_DIRECT_TARGETS_UP	138	128		
RIGGINS_TAMOXIFEN_RESISTANCE_DN	221	192		
RIGGINS_TAMOXIFEN_RESISTANCE_UP	67	49		
RIGGI_EWING_SARCOMA_PROGENITOR_DN	196	161		
RIGGI_EWING_SARCOMA_PROGENITOR_UP	437	371		
RIZKI_TUMOR_INVASIVENESS_2D_DN	63	51		
RIZKI_TUMOR_INVASIVENESS_2D_UP	69	58		
RIZKI_TUMOR_INVASIVENESS_3D_DN	262	227		
RIZKI_TUMOR_INVASIVENESS_3D_UP	209	172		
RIZ_ERYTHROID_DIFFERENTIATION	82	78		
RIZ_ERYTHROID_DIFFERENTIATION_12HR	36	30		
RIZ_ERYTHROID_DIFFERENTIATION_6HR	38	31		
RIZ_ERYTHROID_DIFFERENTIATION_APOBEC2	25	20		
RIZ_ERYTHROID_DIFFERENTIATION_CCNE1	43	42		
RIZ_ERYTHROID_DIFFERENTIATION_HBZ	37	33		
RIZ_ERYTHROID_DIFFERENTIATION_HEMGN	26	24		
RODRIGUES_DCC_TARGETS_DN	119	111		
RODRIGUES_DCC_TARGETS_UP	6	5		
RODRIGUES_NTN1_AND_DCC_TARGETS	35	28		
RODRIGUES_NTN1_TARGETS_DN	161	137		
RODRIGUES_NTN1_TARGETS_UP	17	14		
RODRIGUES_THYROID_CARCINOMA_ANAPLASTIC_DN	542	459		
RODRIGUES_THYROID_CARCINOMA_ANAPLASTIC_UP	721		Rejected!	
RODRIGUES_THYROID_CARCINOMA_DN	78	63		
RODRIGUES_THYROID_CARCINOMA_POORLY_DIFFERENTIATED_DN	807		Rejected!	
RODRIGUES_THYROID_CARCINOMA_POORLY_DIFFERENTIATED_UP	644		Rejected!	
RODRIGUES_THYROID_CARCINOMA_UP	16	12		
RODWELL_AGING_KIDNEY_DN	148	118		
RODWELL_AGING_KIDNEY_NO_BLOOD_DN	148	123		
RODWELL_AGING_KIDNEY_NO_BLOOD_UP	224	182		
RODWELL_AGING_KIDNEY_UP	501	391		
ROESSLER_LIVER_CANCER_METASTASIS_DN	51	44		
ROESSLER_LIVER_CANCER_METASTASIS_UP	106	88		
ROETH_TERT_TARGETS_DN	9	7		
ROETH_TERT_TARGETS_UP	14	12		
ROPERO_HDAC2_TARGETS	112	90		
RORIE_TARGETS_OF_EWSR1_FLI1_FUSION_DN	28	24		
RORIE_TARGETS_OF_EWSR1_FLI1_FUSION_UP	28	23		
ROSS_ACUTE_MYELOID_LEUKEMIA_CBF	82	65		
ROSS_AML_OF_FAB_M7_TYPE	70	63		
ROSS_AML_WITH_AML1_ETO_FUSION	79	67		
ROSS_AML_WITH_CBFB_MYH11_FUSION	52	42		
ROSS_AML_WITH_MLL_FUSIONS	80	66		
ROSS_AML_WITH_PML_RARA_FUSION	80	67		
ROSS_LEUKEMIA_WITH_MLL_FUSIONS	79	68		
ROSTY_CERVICAL_CANCER_PROLIFERATION_CLUSTER	140	132		
ROVERSI_GLIOMA_COPY_NUMBER_DN	54	44		
ROVERSI_GLIOMA_COPY_NUMBER_UP	100	85		
ROVERSI_GLIOMA_LOH_REGIONS	45	39		
ROYLANCE_BREAST_CANCER_16Q_COPY_NUMBER_DN	26	19		
ROYLANCE_BREAST_CANCER_16Q_COPY_NUMBER_UP	64	50		
ROY_WOUND_BLOOD_VESSEL_DN	23	14		
ROY_WOUND_BLOOD_VESSEL_UP	50	41		
ROZANOV_MMP14_CORRELATED	11	11		
ROZANOV_MMP14_TARGETS_DN	35	30		
ROZANOV_MMP14_TARGETS_SUBSET	33	28		
ROZANOV_MMP14_TARGETS_UP	267	220		
RUAN_RESPONSE_TO_TNF_DN	79	68		
RUAN_RESPONSE_TO_TNF_TROGLITAZONE_DN	39	32		
RUAN_RESPONSE_TO_TNF_TROGLITAZONE_UP	17	11		
RUAN_RESPONSE_TO_TNF_UP	13	7		
RUAN_RESPONSE_TO_TROGLITAZONE_DN	17	11		
RUAN_RESPONSE_TO_TROGLITAZONE_UP	24	22		
RUIZ_TNC_TARGETS_DN	143	134		
RUIZ_TNC_TARGETS_UP	156	135		
RUNNE_GENDER_EFFECT_UP	9		Rejected!	
RUTELLA_RESPONSE_TO_CSF2RB_AND_IL4_DN	320	258		
RUTELLA_RESPONSE_TO_CSF2RB_AND_IL4_UP	341	288		
RUTELLA_RESPONSE_TO_HGF_DN	240	201		
RUTELLA_RESPONSE_TO_HGF_UP	421	345		
RUTELLA_RESPONSE_TO_HGF_VS_CSF2RB_AND_IL4_DN	250	209		
RUTELLA_RESPONSE_TO_HGF_VS_CSF2RB_AND_IL4_UP	411	337		
RYAN_MANTLE_CELL_LYMPHOMA_NOTCH_DIRECT_UP	148	124		
SABATES_COLORECTAL_ADENOMA_DN	299	212		
SABATES_COLORECTAL_ADENOMA_SIZE_DN	13	10		
SABATES_COLORECTAL_ADENOMA_SIZE_UP	24	16		
SABATES_COLORECTAL_ADENOMA_UP	140	85		
SAENZ_DETOX_PATHWAY_AND_CARCINOGENESIS_DN	15	8		
SAFFORD_T_LYMPHOCYTE_ANERGY	90	73		
SAGIV_CD24_TARGETS_DN	45	37		
SAGIV_CD24_TARGETS_UP	22	21		
SAKAI_CHRONIC_HEPATITIS_VS_LIVER_CANCER_DN	36	28		
SAKAI_CHRONIC_HEPATITIS_VS_LIVER_CANCER_UP	82	76		
SAKAI_TUMOR_INFILTRATING_MONOCYTES_DN	81	75		
SAKAI_TUMOR_INFILTRATING_MONOCYTES_UP	27	27		
SALVADOR_MARTIN_PEDIATRIC_TBD_ANTI_TNF_THERAPY_NONRESPONDER_POST_TREATMENT_DN	16		Rejected!	
SALVADOR_MARTIN_PEDIATRIC_TBD_ANTI_TNF_THERAPY_NONRESPONDER_POST_TREATMENT_UP	26	14		
SALVADOR_MARTIN_PEDIATRIC_TBD_ANTI_TNF_THERAPY_NONRESPONDER_PRE_TREATMENT_UP	29	11		
SAMOLS_TARGETS_OF_KHSV_MIRNAS_DN	60	41		
SAMOLS_TARGETS_OF_KHSV_MIRNAS_UP	8	6		
SANA_RESPONSE_TO_IFNG_DN	87	80		
SANA_RESPONSE_TO_IFNG_UP	76	49		
SANA_TNF_SIGNALING_DN	85	75		
SANA_TNF_SIGNALING_UP	83	58		
SANCHEZ_MDM2_TARGETS	15	14		
SANDERSON_PPARA_TARGETS	15	13		
SANSOM_APC_MYC_TARGETS	241	228		
SANSOM_APC_TARGETS	209	172		
SANSOM_APC_TARGETS_DN	366	285		
SANSOM_APC_TARGETS_REQUIRE_MYC	225	214		
SANSOM_APC_TARGETS_UP	132	107		
SANSOM_WNT_PATHWAY_REQUIRE_MYC	63	55		
SARRIO_EPITHELIAL_MESENCHYMAL_TRANSITION_DN	145	115		
SARRIO_EPITHELIAL_MESENCHYMAL_TRANSITION_UP	166	154		
SARTIPY_BLUNTED_BY_INSULIN_RESISTANCE_DN	18	18		
SARTIPY_BLUNTED_BY_INSULIN_RESISTANCE_UP	18	12		
SARTIPY_NORMAL_AT_INSULIN_RESISTANCE_DN	20	17		
SARTIPY_NORMAL_AT_INSULIN_RESISTANCE_UP	29	25		
SASAI_RESISTANCE_TO_NEOPLASTIC_TRANSFROMATION	50	43		
SASAI_TARGETS_OF_CXCR6_AND_PTCH1_DN	8	6		
SASAI_TARGETS_OF_CXCR6_AND_PTCH1_UP	14	9		
SASAKI_ADULT_T_CELL_LEUKEMIA	168	144		
SASAKI_TARGETS_OF_TP73_AND_TP63	12	9		
SASSON_FSH_RESPONSE	7	6		
SASSON_RESPONSE_TO_FORSKOLIN_DN	85	79		
SASSON_RESPONSE_TO_FORSKOLIN_UP	88	81		
SASSON_RESPONSE_TO_GONADOTROPHINS_DN	86	80		
SASSON_RESPONSE_TO_GONADOTROPHINS_UP	86	79		
SATO_SILENCED_BY_DEACETYLATION_IN_PANCREATIC_CANCER	47	34		
SATO_SILENCED_BY_METHYLATION_IN_PANCREATIC_CANCER_1	422	311		
SATO_SILENCED_BY_METHYLATION_IN_PANCREATIC_CANCER_2	47	39		
SATO_SILENCED_EPIGENETICALLY_IN_PANCREATIC_CANCER	47	29		
SAUL_SEN_MAYO	124	91		
SCHAEFFER_PROSTATE_DEVELOPMENT_12HR_DN	54	41		
SCHAEFFER_PROSTATE_DEVELOPMENT_12HR_UP	111	93		
SCHAEFFER_PROSTATE_DEVELOPMENT_48HR_DN	411	344		
SCHAEFFER_PROSTATE_DEVELOPMENT_48HR_UP	450	361		
SCHAEFFER_PROSTATE_DEVELOPMENT_6HR_DN	467	438		
SCHAEFFER_PROSTATE_DEVELOPMENT_6HR_UP	160	129		
SCHAEFFER_PROSTATE_DEVELOPMENT_AND_CANCER_BOX1_DN	10	9		
SCHAEFFER_PROSTATE_DEVELOPMENT_AND_CANCER_BOX1_UP	14	14		
SCHAEFFER_PROSTATE_DEVELOPMENT_AND_CANCER_BOX2_DN	7	6		
SCHAEFFER_PROSTATE_DEVELOPMENT_AND_CANCER_BOX2_UP	6	5		
SCHAEFFER_PROSTATE_DEVELOPMENT_AND_CANCER_BOX3	5	5		
SCHAEFFER_PROSTATE_DEVELOPMENT_AND_CANCER_BOX4_DN	33	31		
SCHAEFFER_PROSTATE_DEVELOPMENT_AND_CANCER_BOX4_UP	11	9		
SCHAEFFER_PROSTATE_DEVELOPMENT_AND_CANCER_BOX5_DN	8	7		
SCHAEFFER_PROSTATE_DEVELOPMENT_AND_CANCER_BOX5_UP	11	9		
SCHAEFFER_PROSTATE_DEVELOPMENT_AND_CANCER_BOX6_DN	5	5		
SCHAEFFER_PROSTATE_DEVELOPMENT_AND_CANCER_BOX6_UP	7	5		
SCHAEFFER_SOX9_TARGETS_IN_PROSTATE_DEVELOPMENT_DN	45	41		
SCHAEFFER_SOX9_TARGETS_IN_PROSTATE_DEVELOPMENT_UP	21	19		
SCHAVOLT_TARGETS_OF_TP53_AND_TP63	15	12		
SCHEIDEREIT_IKK_INTERACTING_PROTEINS	53	50		
SCHEIDEREIT_IKK_TARGETS	18	18		
SCHLESINGER_H3K27ME3_IN_NORMAL_AND_METHYLATED_IN_CANCER	28	20		
SCHLESINGER_METHYLATED_DE_NOVO_IN_CANCER	88	67		
SCHLESINGER_METHYLATED_IN_COLON_CANCER	10	8		
SCHLINGEMANN_SKIN_CARCINOGENESIS_TPA_DN	26	21		
SCHLINGEMANN_SKIN_CARCINOGENESIS_TPA_UP	40	31		
SCHLOSSER_MYC_AND_SERUM_RESPONSE_SYNERGY	33	30		
SCHLOSSER_MYC_TARGETS_AND_SERUM_RESPONSE_DN	48	44		
SCHLOSSER_MYC_TARGETS_AND_SERUM_RESPONSE_UP	48	44		
SCHLOSSER_MYC_TARGETS_REPRESSED_BY_SERUM	161	152		
SCHLOSSER_SERUM_RESPONSE_AUGMENTED_BY_MYC	106	101		
SCHLOSSER_SERUM_RESPONSE_DN	705		Rejected!	
SCHLOSSER_SERUM_RESPONSE_UP	126	110		
SCHMAHL_PDGF_SIGNALING	10	8		
SCHMIDT_POR_TARGETS_IN_LIMB_BUD_DN	8	6		
SCHMIDT_POR_TARGETS_IN_LIMB_BUD_UP	27	26		
SCHOEN_NFKB_SIGNALING	34	26		
SCHRAETS_MLL_TARGETS_DN	33	27		
SCHRAETS_MLL_TARGETS_UP	33	29		
SCHUETZ_BREAST_CANCER_DUCTAL_INVASIVE_DN	85	72		
SCHUETZ_BREAST_CANCER_DUCTAL_INVASIVE_UP	352	296		
SCHUHMACHER_MYC_TARGETS_DN	8	8		
SCHUHMACHER_MYC_TARGETS_UP	80	77		
SCHWAB_TARGETS_OF_BMYB_POLYMORPHIC_VARIANTS_DN	16	15		
SCHWAB_TARGETS_OF_BMYB_POLYMORPHIC_VARIANTS_UP	13	12		
SCIAN_CELL_CYCLE_TARGETS_OF_TP53_AND_TP73_DN	22	21		
SCIAN_CELL_CYCLE_TARGETS_OF_TP53_AND_TP73_UP	9	9		
SCIAN_INVERSED_TARGETS_OF_TP53_AND_TP73_DN	30	27		
SCIAN_INVERSED_TARGETS_OF_TP53_AND_TP73_UP	11	9		
SCIBETTA_KDM5B_TARGETS_DN	79	71		
SCIBETTA_KDM5B_TARGETS_UP	19	17		
SEAVEY_EPITHELIOID_HEMANGIOENDOTHELIOMA	93	72		
SEIDEN_MET_SIGNALING	20	17		
SEIDEN_ONCOGENESIS_BY_MET	89	80		
SEITZ_NEOPLASTIC_TRANSFORMATION_BY_8P_DELETION_DN	32	24		
SEITZ_NEOPLASTIC_TRANSFORMATION_BY_8P_DELETION_UP	75	55		
SEKI_INFLAMMATORY_RESPONSE_LPS_DN	23	21		
SEKI_INFLAMMATORY_RESPONSE_LPS_UP	76	65		
SEMBA_FHIT_TARGETS_DN	10	9		
SEMBA_FHIT_TARGETS_UP	11	8		
SEMENZA_HIF1_TARGETS	36	28		
SENESE_HDAC1_AND_HDAC2_TARGETS_DN	238	190		
SENESE_HDAC1_AND_HDAC2_TARGETS_UP	243	199		
SENESE_HDAC1_TARGETS_DN	267	204		
SENESE_HDAC1_TARGETS_UP	451	397		
SENESE_HDAC2_TARGETS_DN	133	103		
SENESE_HDAC2_TARGETS_UP	116	100		
SENESE_HDAC3_TARGETS_DN	548	476		
SENESE_HDAC3_TARGETS_UP	495	421		
SENGUPTA_EBNA1_ANTICORRELATED	161	125		
SENGUPTA_NASOPHARYNGEAL_CARCINOMA_DN	358	265		
SENGUPTA_NASOPHARYNGEAL_CARCINOMA_UP	305	264		
SENGUPTA_NASOPHARYNGEAL_CARCINOMA_WITH_LMP1_DN	175	105		
SENGUPTA_NASOPHARYNGEAL_CARCINOMA_WITH_LMP1_UP	404	331		
SERVITJA_ISLET_HNF1A_TARGETS_DN	110	74		
SERVITJA_ISLET_HNF1A_TARGETS_UP	167	135		
SERVITJA_LIVER_HNF1A_TARGETS_DN	166	108		
SERVITJA_LIVER_HNF1A_TARGETS_UP	137	107		
SESTO_RESPONSE_TO_UV_C0	109	94		
SESTO_RESPONSE_TO_UV_C1	74	59		
SESTO_RESPONSE_TO_UV_C2	54	53		
SESTO_RESPONSE_TO_UV_C3	22	16		
SESTO_RESPONSE_TO_UV_C4	20	17		
SESTO_RESPONSE_TO_UV_C5	46	45		
SESTO_RESPONSE_TO_UV_C6	39	35		
SESTO_RESPONSE_TO_UV_C7	70	55		
SESTO_RESPONSE_TO_UV_C8	71	68		
SETLUR_PROSTATE_CANCER_TMPRSS2_ERG_FUSION_DN	20	13		
SETLUR_PROSTATE_CANCER_TMPRSS2_ERG_FUSION_UP	67	60		
SHAFFER_IRF4_MULTIPLE_MYELOMA_PROGRAM	36	33		
SHAFFER_IRF4_TARGETS_IN_ACTIVATED_B_LYMPHOCYTE	81	79		
SHAFFER_IRF4_TARGETS_IN_ACTIVATED_DENDRITIC_CELL	65	60		
SHAFFER_IRF4_TARGETS_IN_MYELOMA_VS_MATURE_B_LYMPHOCYTE	101	92		
SHAFFER_IRF4_TARGETS_IN_PLASMA_CELL_VS_MATURE_B_LYMPHOCYTE	67	58		
SHANK_TAL1_TARGETS_DN	10	8		
SHARMA_ASTROCYTOMA_WITH_NF1_SYNDROM	5	5		
SHARMA_PILOCYTIC_ASTROCYTOMA_LOCATION_DN	7	6		
SHARMA_PILOCYTIC_ASTROCYTOMA_LOCATION_UP	27	22		
SHEDDEN_LUNG_CANCER_GOOD_SURVIVAL_A12	318	210		
SHEDDEN_LUNG_CANCER_GOOD_SURVIVAL_A4	197	162		
SHEDDEN_LUNG_CANCER_GOOD_SURVIVAL_A5	69	61		
SHEDDEN_LUNG_CANCER_POOR_SURVIVAL_A6	458	416		
SHEN_SMARCA2_TARGETS_DN	322	202		
SHEN_SMARCA2_TARGETS_UP	429	406		
SHEPARD_BMYB_MORPHOLINO_DN	202	173		
SHEPARD_BMYB_MORPHOLINO_UP	212	190		
SHEPARD_BMYB_TARGETS	76	64		
SHEPARD_CRASH_AND_BURN_MUTANT_DN	191	159		
SHEPARD_CRASH_AND_BURN_MUTANT_UP	205	171		
SHETH_LIVER_CANCER_VS_TXNIP_LOSS_PAM1	260	229		
SHETH_LIVER_CANCER_VS_TXNIP_LOSS_PAM2	168	145		
SHETH_LIVER_CANCER_VS_TXNIP_LOSS_PAM3	74	57		
SHETH_LIVER_CANCER_VS_TXNIP_LOSS_PAM4	288	235		
SHETH_LIVER_CANCER_VS_TXNIP_LOSS_PAM5	108	86		
SHETH_LIVER_CANCER_VS_TXNIP_LOSS_PAM6	55	49		
SHIN_B_CELL_LYMPHOMA_CLUSTER_1	13	10		
SHIN_B_CELL_LYMPHOMA_CLUSTER_2	31	28		
SHIN_B_CELL_LYMPHOMA_CLUSTER_3	28	25		
SHIN_B_CELL_LYMPHOMA_CLUSTER_5	18	11		
SHIN_B_CELL_LYMPHOMA_CLUSTER_6	12	8		
SHIN_B_CELL_LYMPHOMA_CLUSTER_7	27	25		
SHIN_B_CELL_LYMPHOMA_CLUSTER_8	37	34		
SHIN_B_CELL_LYMPHOMA_CLUSTER_9	19	18		
SHIPP_DLBCL_CURED_VS_FATAL_DN	44	38		
SHIPP_DLBCL_CURED_VS_FATAL_UP	39	27		
SHIPP_DLBCL_VS_FOLLICULAR_LYMPHOMA_DN	45	36		
SHIPP_DLBCL_VS_FOLLICULAR_LYMPHOMA_UP	45	42		
SHIRAISHI_PLZF_TARGETS_DN	9	7		
SHIRAISHI_PLZF_TARGETS_UP	10	10		
SHI_SPARC_TARGETS_DN	13	11		
SHI_SPARC_TARGETS_UP	24	22		
SILIGAN_BOUND_BY_EWS_FLT1_FUSION	46	42		
SILIGAN_TARGETS_OF_EWS_FLI1_FUSION_DN	18	17		
SILIGAN_TARGETS_OF_EWS_FLI1_FUSION_UP	15	15		
SIMBULAN_PARP1_TARGETS_DN	17	16		
SIMBULAN_PARP1_TARGETS_UP	30	26		
SIMBULAN_UV_RESPONSE_IMMORTALIZED_DN	31	30		
SIMBULAN_UV_RESPONSE_NORMAL_DN	33	31		
SIMBULAN_UV_RESPONSE_NORMAL_UP	9		Rejected!	
SINGH_NFE2L2_TARGETS	14	12		
SLEBOS_HEAD_AND_NECK_CANCER_WITH_HPV_UP	79	66		
SMID_BREAST_CANCER_BASAL_DN	699		Rejected!	
SMID_BREAST_CANCER_BASAL_UP	662		Rejected!	
SMID_BREAST_CANCER_ERBB2_DN	5		Rejected!	
SMID_BREAST_CANCER_ERBB2_UP	152	105		
SMID_BREAST_CANCER_LUMINAL_A_DN	18	17		
SMID_BREAST_CANCER_LUMINAL_A_UP	85	65		
SMID_BREAST_CANCER_LUMINAL_B_DN	587	413		
SMID_BREAST_CANCER_LUMINAL_B_UP	169	134		
SMID_BREAST_CANCER_NORMAL_LIKE_DN	6		Rejected!	
SMID_BREAST_CANCER_NORMAL_LIKE_UP	485	355		
SMID_BREAST_CANCER_RELAPSE_IN_BONE_DN	324	233		
SMID_BREAST_CANCER_RELAPSE_IN_BONE_UP	99	68		
SMID_BREAST_CANCER_RELAPSE_IN_BRAIN_DN	82	60		
SMID_BREAST_CANCER_RELAPSE_IN_BRAIN_UP	41	31		
SMID_BREAST_CANCER_RELAPSE_IN_LIVER_DN	10	10		
SMID_BREAST_CANCER_RELAPSE_IN_LIVER_UP	6		Rejected!	
SMID_BREAST_CANCER_RELAPSE_IN_LUNG_DN	38	21		
SMID_BREAST_CANCER_RELAPSE_IN_LUNG_UP	22	17		
SMID_BREAST_CANCER_RELAPSE_IN_PLEURA_DN	32	17		
SMID_BREAST_CANCER_RELAPSE_IN_PLEURA_UP	6	6		
SMIRNOV_CIRCULATING_ENDOTHELIOCYTES_IN_CANCER_DN	5	5		
SMIRNOV_CIRCULATING_ENDOTHELIOCYTES_IN_CANCER_UP	160	136		
SMIRNOV_RESPONSE_TO_IR_2HR_DN	57	50		
SMIRNOV_RESPONSE_TO_IR_2HR_UP	53	44		
SMIRNOV_RESPONSE_TO_IR_6HR_DN	114	98		
SMIRNOV_RESPONSE_TO_IR_6HR_UP	168	142		
SMITH_LIVER_CANCER	47	40		
SMITH_TERT_TARGETS_DN	87	74		
SMITH_TERT_TARGETS_UP	145	131		
SNIJDERS_AMPLIFIED_IN_HEAD_AND_NECK_TUMORS	37	34		
SOGA_COLORECTAL_CANCER_MYC_DN	71	61		
SOGA_COLORECTAL_CANCER_MYC_UP	82	78		
SONG_TARGETS_OF_IE86_CMV_PROTEIN	55	48		
SOTIRIOU_BREAST_CANCER_GRADE_1_VS_3_DN	53	48		
SOTIRIOU_BREAST_CANCER_GRADE_1_VS_3_UP	154	144		
SOUCEK_MYC_TARGETS	10		Rejected!	
SPIELMAN_LYMPHOBLAST_EUROPEAN_VS_ASIAN_2FC_DN	21	18		
SPIELMAN_LYMPHOBLAST_EUROPEAN_VS_ASIAN_2FC_UP	13	10		
SPIELMAN_LYMPHOBLAST_EUROPEAN_VS_ASIAN_DN	590		Rejected!	
SPIELMAN_LYMPHOBLAST_EUROPEAN_VS_ASIAN_UP	484	431		
SPIRA_SMOKERS_LUNG_CANCER_DN	14	11		
SPIRA_SMOKERS_LUNG_CANCER_UP	39	30		
STAEGE_EWING_FAMILY_TUMOR	32	21		
STAMBOLSKY_BOUND_BY_MUTATED_TP53	18	13		
STAMBOLSKY_RESPONSE_TO_VITAMIN_D3_DN	25	20		
STAMBOLSKY_RESPONSE_TO_VITAMIN_D3_UP	84	69		
STAMBOLSKY_TARGETS_OF_MUTATED_TP53_DN	51	38		
STAMBOLSKY_TARGETS_OF_MUTATED_TP53_UP	49	40		
STANELLE_E2F1_TARGETS	29	27		
STANHILL_HRAS_TRANSFROMATION_UP	5		Rejected!	
STARK_BRAIN_22Q11_DELETION	16	10		
STARK_HYPPOCAMPUS_22Q11_DELETION_DN	23	17		
STARK_HYPPOCAMPUS_22Q11_DELETION_UP	54	48		
STARK_PREFRONTAL_CORTEX_22Q11_DELETION_DN	524	469		
STARK_PREFRONTAL_CORTEX_22Q11_DELETION_UP	206	186		
STEARMAN_LUNG_CANCER_EARLY_VS_LATE_DN	63	51		
STEARMAN_LUNG_CANCER_EARLY_VS_LATE_UP	128	112		
STEARMAN_TUMOR_FIELD_EFFECT_UP	39	30		
STEGER_ADIPOGENESIS_DN	25	22		
STEGER_ADIPOGENESIS_UP	21	18		
STEGMEIER_PREMITOTIC_CELL_CYCLE_REGULATORS	11	11		
STEINER_ERYTHROCYTE_MEMBRANE_GENES	14	13		
STEIN_ESR1_TARGETS	83	73		
STEIN_ESRRA_TARGETS	529	472		
STEIN_ESRRA_TARGETS_DN	105	96		
STEIN_ESRRA_TARGETS_RESPONSIVE_TO_ESTROGEN_DN	41	39		
STEIN_ESRRA_TARGETS_RESPONSIVE_TO_ESTROGEN_UP	30	24		
STEIN_ESRRA_TARGETS_UP	385	341		
STEIN_ESTROGEN_RESPONSE_NOT_VIA_ESRRA	18	14		
STONER_ESOPHAGEAL_CARCINOGENESIS_DN	7	6		
STONER_ESOPHAGEAL_CARCINOGENESIS_UP	37	33		
STOSSI_RESPONSE_TO_ESTRADIOL	46	28		
STREICHER_LSM1_TARGETS_DN	19	13		
STREICHER_LSM1_TARGETS_UP	44	42		
SUBTIL_PROGESTIN_TARGETS	36	32		
SUH_COEXPRESSED_WITH_ID1_AND_ID2_UP	18	16		
SUMI_HNF4A_TARGETS	30	22		
SUNG_METASTASIS_STROMA_DN	54	43		
SUNG_METASTASIS_STROMA_UP	110	94		
SUZUKI_AMPLIFIED_IN_ORAL_CANCER	17	13		
SUZUKI_CTCFL_TARGETS_UP	13	10		
SUZUKI_RESPONSE_TO_TSA	18	11		
SUZUKI_RESPONSE_TO_TSA_AND_DECITABINE_1A	21	14		
SUZUKI_RESPONSE_TO_TSA_AND_DECITABINE_1B	16	10		
SU_KIDNEY	15	12		
SU_LIVER	58	31		
SU_PANCREAS	48	32		
SU_PLACENTA	30	21		
SU_SALIVARY_GLAND	14	5		
SU_TESTIS	80	70		
SU_THYMUS	20	15		
SWEET_KRAS_ONCOGENIC_SIGNATURE	89	76		
SWEET_KRAS_TARGETS_DN	66	50		
SWEET_KRAS_TARGETS_UP	83	72		
SWEET_LUNG_CANCER_KRAS_DN	422	336		
SWEET_LUNG_CANCER_KRAS_UP	484	402		
SYED_ESTRADIOL_RESPONSE	18	17		
TAGHAVI_NEOPLASTIC_TRANSFORMATION	11	9		
TAKADA_GASTRIC_CANCER_COPY_NUMBER_DN	29	27		
TAKADA_GASTRIC_CANCER_COPY_NUMBER_UP	7	7		
TAKAO_RESPONSE_TO_UVB_RADIATION_DN	98	93		
TAKAO_RESPONSE_TO_UVB_RADIATION_UP	87	69		
TAKAYAMA_BOUND_BY_AR	10	8		
TAKEDA_TARGETS_OF_NUP98_HOXA9_FUSION_10D_DN	150	103		
TAKEDA_TARGETS_OF_NUP98_HOXA9_FUSION_10D_UP	193	139		
TAKEDA_TARGETS_OF_NUP98_HOXA9_FUSION_16D_DN	132	86		
TAKEDA_TARGETS_OF_NUP98_HOXA9_FUSION_16D_UP	176	121		
TAKEDA_TARGETS_OF_NUP98_HOXA9_FUSION_3D_DN	30	19		
TAKEDA_TARGETS_OF_NUP98_HOXA9_FUSION_3D_UP	183	142		
TAKEDA_TARGETS_OF_NUP98_HOXA9_FUSION_6HR_DN	45	40		
TAKEDA_TARGETS_OF_NUP98_HOXA9_FUSION_6HR_UP	87	71		
TAKEDA_TARGETS_OF_NUP98_HOXA9_FUSION_8D_DN	206	145		
TAKEDA_TARGETS_OF_NUP98_HOXA9_FUSION_8D_UP	156	113		
TANAKA_METHYLATED_IN_ESOPHAGEAL_CARCINOMA	102	74		
TANG_SENESCENCE_TP53_TARGETS_DN	56	52		
TANG_SENESCENCE_TP53_TARGETS_UP	33	27		
TARTE_PLASMA_CELL_VS_B_LYMPHOCYTE_DN	38	33		
TARTE_PLASMA_CELL_VS_B_LYMPHOCYTE_UP	81	66		
TARTE_PLASMA_CELL_VS_PLASMABLAST_DN	307	284		
TARTE_PLASMA_CELL_VS_PLASMABLAST_UP	398	282		
TAVAZOIE_METASTASIS	108	75		
TAVOR_CEBPA_TARGETS_DN	32	22		
TAVOR_CEBPA_TARGETS_UP	51	46		
TAYLOR_METHYLATED_IN_ACUTE_LYMPHOBLASTIC_LEUKEMIA	78	71		
TCGA_GLIOBLASTOMA_COPY_NUMBER_DN	31	26		
TCGA_GLIOBLASTOMA_COPY_NUMBER_UP	75	64		
TCGA_GLIOBLASTOMA_MUTATED	8	8		
TENEDINI_MEGAKARYOCYTE_MARKERS	62	52		
TERAMOTO_OPN_TARGETS_CLUSTER_1	14	13		
TERAMOTO_OPN_TARGETS_CLUSTER_3	7	7		
TERAMOTO_OPN_TARGETS_CLUSTER_4	15	11		
TERAMOTO_OPN_TARGETS_CLUSTER_5	7	5		
TERAMOTO_OPN_TARGETS_CLUSTER_6	26	21		
TERAMOTO_OPN_TARGETS_CLUSTER_7	18	14		
TERAMOTO_OPN_TARGETS_CLUSTER_8	8	6		
TERAO_AOX4_TARGETS_HG_DN	6		Rejected!	
TERAO_AOX4_TARGETS_HG_UP	28	27		
TERAO_AOX4_TARGETS_SKIN_DN	23	18		
TERAO_AOX4_TARGETS_SKIN_UP	31	29		
TESAR_ALK_AND_JAK_TARGETS_MOUSE_ES_D4_DN	6		Rejected!	
TESAR_ALK_AND_JAK_TARGETS_MOUSE_ES_D4_UP	5	5		
TESAR_ALK_TARGETS_EPISC_3D_UP	7	6		
TESAR_ALK_TARGETS_EPISC_4D_UP	6	6		
TESAR_ALK_TARGETS_HUMAN_ES_4D_DN	6		Rejected!	
TESAR_ALK_TARGETS_HUMAN_ES_5D_DN	7		Rejected!	
TESAR_ALK_TARGETS_HUMAN_ES_5D_UP	5		Rejected!	
TESAR_JAK_TARGETS_MOUSE_ES_D3_DN	8	7		
THEILGAARD_NEUTROPHIL_AT_SKIN_WOUND_DN	227	210		
THEILGAARD_NEUTROPHIL_AT_SKIN_WOUND_UP	76	65		
THEODOROU_MAMMARY_TUMORIGENESIS	31	25		
THILLAINADESAN_ZNF217_TARGETS_DN	9	9		
THILLAINADESAN_ZNF217_TARGETS_UP	41	41		
THUM_MIR21_TARGETS_HEART_DISEASE_DN	9	8		
THUM_MIR21_TARGETS_HEART_DISEASE_UP	18	13		
THUM_SYSTOLIC_HEART_FAILURE_DN	227	184		
THUM_SYSTOLIC_HEART_FAILURE_UP	430	353		
TIAN_BHLHA15_TARGETS	16	14		
TIAN_TNF_SIGNALING_NOT_VIA_NFKB	22	17		
TIAN_TNF_SIGNALING_VIA_NFKB	26	18		
TIEN_INTESTINE_PROBIOTICS_24HR_DN	215	187		
TIEN_INTESTINE_PROBIOTICS_24HR_UP	561		Rejected!	
TIEN_INTESTINE_PROBIOTICS_2HR_DN	89	82		
TIEN_INTESTINE_PROBIOTICS_2HR_UP	30	27		
TIEN_INTESTINE_PROBIOTICS_6HR_DN	170	160		
TIEN_INTESTINE_PROBIOTICS_6HR_UP	53	44		
TIMOFEEVA_GROWTH_STRESS_VIA_STAT1_DN	16	14		
TING_SILENCED_BY_DICER	30	22		
TOMIDA_LUNG_CANCER_POOR_SURVIVAL	5	5		
TOMIDA_METASTASIS_DN	18	16		
TOMIDA_METASTASIS_UP	26	20		
TOMLINS_METASTASIS_DN	20	18		
TOMLINS_METASTASIS_UP	14	14		
TOMLINS_PROSTATE_CANCER_DN	40	37		
TOMLINS_PROSTATE_CANCER_UP	40	37		
TONG_INTERACT_WITH_PTTG1	57	50		
TONKS_TARGETS_OF_RUNX1_RUNX1T1_FUSION_ERYTHROCYTE_DN	18	8		
TONKS_TARGETS_OF_RUNX1_RUNX1T1_FUSION_ERYTHROCYTE_UP	159	128		
TONKS_TARGETS_OF_RUNX1_RUNX1T1_FUSION_GRANULOCYTE_DN	18	14		
TONKS_TARGETS_OF_RUNX1_RUNX1T1_FUSION_GRANULOCYTE_UP	54	49		
TONKS_TARGETS_OF_RUNX1_RUNX1T1_FUSION_HSC_DN	193	151		
TONKS_TARGETS_OF_RUNX1_RUNX1T1_FUSION_HSC_UP	184	149		
TONKS_TARGETS_OF_RUNX1_RUNX1T1_FUSION_MONOCYTE_DN	56	40		
TONKS_TARGETS_OF_RUNX1_RUNX1T1_FUSION_MONOCYTE_UP	203	185		
TONKS_TARGETS_OF_RUNX1_RUNX1T1_FUSION_SUSTAINDED_IN_ERYTHROCYTE_UP	44	36		
TONKS_TARGETS_OF_RUNX1_RUNX1T1_FUSION_SUSTAINED_IN_GRANULOCYTE_DN	7	5		
TONKS_TARGETS_OF_RUNX1_RUNX1T1_FUSION_SUSTAINED_IN_GRANULOCYTE_UP	15	13		
TONKS_TARGETS_OF_RUNX1_RUNX1T1_FUSION_SUSTAINED_IN_MONOCYTE_DN	10	5		
TONKS_TARGETS_OF_RUNX1_RUNX1T1_FUSION_SUSTAINED_IN_MONOCYTE_UP	21	18		
TOOKER_GEMCITABINE_RESISTANCE_DN	123	112		
TOOKER_GEMCITABINE_RESISTANCE_UP	80	69		
TORCHIA_TARGETS_OF_EWSR1_FLI1_FUSION_DN	327	273		
TORCHIA_TARGETS_OF_EWSR1_FLI1_FUSION_TOP20_DN	19	15		
TORCHIA_TARGETS_OF_EWSR1_FLI1_FUSION_TOP20_UP	20	16		
TORCHIA_TARGETS_OF_EWSR1_FLI1_FUSION_UP	274	225		
TOYOTA_TARGETS_OF_MIR34B_AND_MIR34C	454	396		
TRAYNOR_RETT_SYNDROM_DN	15	14		
TRAYNOR_RETT_SYNDROM_UP	40	31		
TSAI_DNAJB4_TARGETS_DN	6	6		
TSAI_DNAJB4_TARGETS_UP	13	10		
TSAI_RESPONSE_TO_IONIZING_RADIATION	149	131		
TSAI_RESPONSE_TO_RADIATION_THERAPY	32	21		
TSENG_ADIPOGENIC_POTENTIAL_DN	47	33		
TSENG_ADIPOGENIC_POTENTIAL_UP	30	26		
TSENG_IRS1_TARGETS_DN	134	103		
TSENG_IRS1_TARGETS_UP	116	96		
TSUDA_ALVEOLAR_SOFT_PART_SARCOMA	10	10		
TSUNODA_CISPLATIN_RESISTANCE_DN	50	33		
TSUNODA_CISPLATIN_RESISTANCE_UP	15	12		
TSUTSUMI_FBXW8_TARGETS	9	7		
TUOMISTO_TUMOR_SUPPRESSION_BY_COL13A1_DN	19	12		
TUOMISTO_TUMOR_SUPPRESSION_BY_COL13A1_UP	20	12		
TURASHVILI_BREAST_CARCINOMA_DUCTAL_VS_LOBULAR_DN	7		Rejected!	
TURASHVILI_BREAST_CARCINOMA_DUCTAL_VS_LOBULAR_UP	24	18		
TURASHVILI_BREAST_DUCTAL_CARCINOMA_VS_DUCTAL_NORMAL_DN	206	150		
TURASHVILI_BREAST_DUCTAL_CARCINOMA_VS_DUCTAL_NORMAL_UP	47	38		
TURASHVILI_BREAST_DUCTAL_CARCINOMA_VS_LOBULAR_NORMAL_DN	73	48		
TURASHVILI_BREAST_DUCTAL_CARCINOMA_VS_LOBULAR_NORMAL_UP	74	68		
TURASHVILI_BREAST_LOBULAR_CARCINOMA_VS_DUCTAL_NORMAL_DN	92	76		
TURASHVILI_BREAST_LOBULAR_CARCINOMA_VS_DUCTAL_NORMAL_UP	69	55		
TURASHVILI_BREAST_LOBULAR_CARCINOMA_VS_LOBULAR_NORMAL_DN	74	58		
TURASHVILI_BREAST_LOBULAR_CARCINOMA_VS_LOBULAR_NORMAL_UP	96	85		
TURASHVILI_BREAST_NORMAL_DUCTAL_VS_LOBULAR_DN	7		Rejected!	
TURASHVILI_BREAST_NORMAL_DUCTAL_VS_LOBULAR_UP	66	50		
TURJANSKI_MAPK11_TARGETS	5		Rejected!	
TURJANSKI_MAPK14_TARGETS	10	9		
TURJANSKI_MAPK1_AND_MAPK2_TARGETS	12	11		
TURJANSKI_MAPK7_TARGETS	7	6		
TURJANSKI_MAPK8_AND_MAPK9_TARGETS	8	7		
UDAYAKUMAR_MED1_TARGETS_DN	244	215		
UDAYAKUMAR_MED1_TARGETS_UP	136	121		
UEDA_CENTRAL_CLOCK	90	80		
UEDA_PERIFERAL_CLOCK	171	148		
ULE_SPLICING_VIA_NOVA2	43	39		
UNTERMAN_IPF_VS_CTRL_B_CELL_DN	36	27		
UNTERMAN_IPF_VS_CTRL_CD4T_DN	10	8		
UNTERMAN_IPF_VS_CTRL_CD8T_DN	9		Rejected!	
UNTERMAN_IPF_VS_CTRL_CD8T_UP	6		Rejected!	
UNTERMAN_IPF_VS_CTRL_DC_DN	7	6		
UNTERMAN_IPF_VS_CTRL_DC_UP	5		Rejected!	
UNTERMAN_IPF_VS_CTRL_MONOCYTE_DN	20	12		
UNTERMAN_IPF_VS_CTRL_MONOCYTE_UP	12	8		
UNTERMAN_IPF_VS_CTRL_NK_CELL_DN	10	7		
UNTERMAN_IPF_VS_CTRL_NK_CELL_UP	5		Rejected!	
UNTERMAN_IPF_VS_CTRL_TREG_CELL_DN	21	15		
UNTERMAN_IPF_VS_CTRL_TREG_CELL_UP	15	13		
UNTERMAN_PROGRESSIVE_VS_STABLE_IPF_B_CELL_DN	8		Rejected!	
UNTERMAN_PROGRESSIVE_VS_STABLE_IPF_CD8T_DN	17	7		
UNTERMAN_PROGRESSIVE_VS_STABLE_IPF_CD8T_UP	9		Rejected!	
UNTERMAN_PROGRESSIVE_VS_STABLE_IPF_MONOCYTE_DN	27	19		
UNTERMAN_PROGRESSIVE_VS_STABLE_IPF_NK_CELL_DN	12	5		
UNTERMAN_PROGRESSIVE_VS_STABLE_IPF_NK_CELL_UP	8	6		
UROSEVIC_RESPONSE_TO_IMIQUIMOD	19	9		
URS_ADIPOCYTE_DIFFERENTIATION_DN	31	26		
URS_ADIPOCYTE_DIFFERENTIATION_UP	66	58		
UZONYI_RESPONSE_TO_LEUKOTRIENE_AND_THROMBIN	36	28		
VALK_AML_CLUSTER_1	29	19		
VALK_AML_CLUSTER_10	33	28		
VALK_AML_CLUSTER_11	38	31		
VALK_AML_CLUSTER_12	30	26		
VALK_AML_CLUSTER_13	31	28		
VALK_AML_CLUSTER_15	31	28		
VALK_AML_CLUSTER_16	28	19		
VALK_AML_CLUSTER_2	29	20		
VALK_AML_CLUSTER_3	34	30		
VALK_AML_CLUSTER_4	30	22		
VALK_AML_CLUSTER_5	32	21		
VALK_AML_CLUSTER_6	34	31		
VALK_AML_CLUSTER_7	27	19		
VALK_AML_CLUSTER_8	25	21		
VALK_AML_CLUSTER_9	35	26		
VALK_AML_WITH_11Q23_REARRANGED	23	11		
VALK_AML_WITH_CEBPA	37	29		
VALK_AML_WITH_EVI1	25	19		
VALK_AML_WITH_FLT3_ITD	41	36		
VALK_AML_WITH_T_8_21_TRANSLOCATION	5	5		
VANASSE_BCL2_TARGETS_DN	61	50		
VANASSE_BCL2_TARGETS_UP	34	24		
VANDESLUIS_COMMD1_TARGETS_GROUP_2_UP	15	12		
VANDESLUIS_COMMD1_TARGETS_GROUP_3_DN	37	32		
VANDESLUIS_COMMD1_TARGETS_GROUP_3_UP	82	67		
VANDESLUIS_COMMD1_TARGETS_GROUP_4_DN	17	12		
VANDESLUIS_COMMD1_TARGETS_GROUP_4_UP	17	14		
VANDESLUIS_NORMAL_EMBRYOS_DN	21	13		
VANDESLUIS_NORMAL_EMBRYOS_UP	5		Rejected!	
VANHARANTA_UTERINE_FIBROID_DN	67	56		
VANHARANTA_UTERINE_FIBROID_UP	44	39		
VANHARANTA_UTERINE_FIBROID_WITH_7Q_DELETION_DN	36	35		
VANHARANTA_UTERINE_FIBROID_WITH_7Q_DELETION_UP	66	62		
VANLOO_SP3_TARGETS_DN	89	73		
VANLOO_SP3_TARGETS_UP	9	7		
VANOEVELEN_MYOGENESIS_SIN3A_TARGETS	221	205		
VANTVEER_BREAST_CANCER_BRCA1_DN	41	35		
VANTVEER_BREAST_CANCER_BRCA1_UP	34	32		
VANTVEER_BREAST_CANCER_ESR1_DN	224	199		
VANTVEER_BREAST_CANCER_ESR1_UP	149	126		
VANTVEER_BREAST_CANCER_METASTASIS_DN	109	101		
VANTVEER_BREAST_CANCER_METASTASIS_UP	45	38		
VANTVEER_BREAST_CANCER_POOR_PROGNOSIS	49	44		
VARELA_ZMPSTE24_TARGETS_DN	42	30		
VARELA_ZMPSTE24_TARGETS_UP	44	39		
VART_KSHV_INFECTION_ANGIOGENIC_MARKERS_DN	135	99		
VART_KSHV_INFECTION_ANGIOGENIC_MARKERS_UP	163	127		
VECCHI_GASTRIC_CANCER_ADVANCED_VS_EARLY_DN	146	99		
VECCHI_GASTRIC_CANCER_ADVANCED_VS_EARLY_UP	178	152		
VECCHI_GASTRIC_CANCER_EARLY_DN	382	258		
VECCHI_GASTRIC_CANCER_EARLY_UP	436	365		
VERHAAK_AML_WITH_NPM1_MUTATED_DN	250	195		
VERHAAK_AML_WITH_NPM1_MUTATED_UP	187	135		
VERHAAK_GLIOBLASTOMA_CLASSICAL	161	144		
VERHAAK_GLIOBLASTOMA_MESENCHYMAL	216	173		
VERHAAK_GLIOBLASTOMA_NEURAL	128	108		
VERHAAK_GLIOBLASTOMA_PRONEURAL	177	159		
VERNELL_RETINOBLASTOMA_PATHWAY_DN	23	18		
VERNELL_RETINOBLASTOMA_PATHWAY_UP	69	64		
VERNOCHET_ADIPOGENESIS	19	10		
VERRECCHIA_DELAYED_RESPONSE_TO_TGFB1	37	29		
VERRECCHIA_EARLY_RESPONSE_TO_TGFB1	54	47		
VERRECCHIA_RESPONSE_TO_TGFB1_C1	19	15		
VERRECCHIA_RESPONSE_TO_TGFB1_C2	21	18		
VERRECCHIA_RESPONSE_TO_TGFB1_C3	14	14		
VERRECCHIA_RESPONSE_TO_TGFB1_C4	11	7		
VERRECCHIA_RESPONSE_TO_TGFB1_C5	21	19		
VERRECCHIA_RESPONSE_TO_TGFB1_C6	5		Rejected!	
VETTER_TARGETS_OF_PRKCA_AND_ETS1_DN	16	11		
VETTER_TARGETS_OF_PRKCA_AND_ETS1_UP	16	16		
VICENT_METASTASIS_UP	14	14		
VIETOR_IFRD1_TARGETS	24	20		
VILIMAS_NOTCH1_TARGETS_DN	27	15		
VILIMAS_NOTCH1_TARGETS_UP	52	38		
VILLANUEVA_LIVER_CANCER_KRT19_DN	63	43		
VILLANUEVA_LIVER_CANCER_KRT19_UP	175	156		
VISALA_AGING_LYMPHOCYTE_DN	19	18		
VISALA_AGING_LYMPHOCYTE_UP	7	7		
VISALA_RESPONSE_TO_HEAT_SHOCK_AND_AGING_DN	13	10		
VISALA_RESPONSE_TO_HEAT_SHOCK_AND_AGING_UP	15	13		
WACKER_HYPOXIA_TARGETS_OF_VHL	13	12		
WAESCH_ANAPHASE_PROMOTING_COMPLEX	13	13		
WAGNER_APO2_SENSITIVITY	26	18		
WAGSCHAL_EHMT2_TARGETS_UP	14	9		
WAKABAYASHI_ADIPOGENESIS_PPARG_BOUND_36HR	29	26		
WAKABAYASHI_ADIPOGENESIS_PPARG_BOUND_8D	646		Rejected!	
WAKABAYASHI_ADIPOGENESIS_PPARG_RXRA_BOUND_36HR	152	134		
WAKABAYASHI_ADIPOGENESIS_PPARG_RXRA_BOUND_8D	865		Rejected!	
WAKABAYASHI_ADIPOGENESIS_PPARG_RXRA_BOUND_WITH_H4K20ME1_MARK	148	137		
WAKASUGI_HAVE_ZNF143_BINDING_SITES	54	53		
WALLACE_JAK2_TARGETS_UP	23	20		
WALLACE_PROSTATE_CANCER_DN	6	6		
WALLACE_PROSTATE_CANCER_RACE_DN	86	69		
WALLACE_PROSTATE_CANCER_RACE_UP	303	206		
WALLACE_PROSTATE_CANCER_UP	20	19		
WAMUNYOKOLI_OVARIAN_CANCER_GRADES_1_2_DN	71	59		
WAMUNYOKOLI_OVARIAN_CANCER_GRADES_1_2_UP	140	125		
WAMUNYOKOLI_OVARIAN_CANCER_LMP_DN	200	179		
WAMUNYOKOLI_OVARIAN_CANCER_LMP_UP	270	234		
WANG_ADIPOGENIC_GENES_REPRESSED_BY_SIRT1	28	24		
WANG_BARRETTS_ESOPHAGUS_AND_ESOPHAGUS_CANCER_DN	37	28		
WANG_BARRETTS_ESOPHAGUS_AND_ESOPHAGUS_CANCER_UP	26	19		
WANG_BARRETTS_ESOPHAGUS_DN	25	22		
WANG_BARRETTS_ESOPHAGUS_UP	52	39		
WANG_CISPLATIN_RESPONSE_AND_XPC_DN	219	195		
WANG_CISPLATIN_RESPONSE_AND_XPC_UP	185	149		
WANG_CLASSIC_ADIPOGENIC_TARGETS_OF_PPARG	27	24		
WANG_CLIM2_TARGETS_DN	182	161		
WANG_CLIM2_TARGETS_UP	270	205		
WANG_ESOPHAGUS_CANCER_PROGRESSION_UP	9	7		
WANG_ESOPHAGUS_CANCER_VS_NORMAL_DN	101	91		
WANG_ESOPHAGUS_CANCER_VS_NORMAL_UP	121	88		
WANG_HCP_PROSTATE_CANCER	106	93		
WANG_IMMORTALIZED_BY_HOXA9_AND_MEIS1_DN	24	21		
WANG_IMMORTALIZED_BY_HOXA9_AND_MEIS1_UP	32	21		
WANG_LMO4_TARGETS_DN	361	325		
WANG_LMO4_TARGETS_UP	371	307		
WANG_LSD1_TARGETS_DN	37	30		
WANG_LSD1_TARGETS_UP	24	19		
WANG_METASTASIS_OF_BREAST_CANCER	16	13		
WANG_METASTASIS_OF_BREAST_CANCER_ESR1_DN	32	23		
WANG_METASTASIS_OF_BREAST_CANCER_ESR1_UP	22	22		
WANG_METHYLATED_IN_BREAST_CANCER	35	31		
WANG_MLL_TARGETS	294	248		
WANG_NEOPLASTIC_TRANSFORMATION_BY_CCND1_MYC	22	14		
WANG_NFKB_TARGETS	24	21		
WANG_PROSTATE_CANCER_ANDROGEN_INDEPENDENT	66	52		
WANG_RECURRENT_LIVER_CANCER_DN	16	15		
WANG_RECURRENT_LIVER_CANCER_UP	20	19		
WANG_RESPONSE_TO_ANDROGEN_UP	29	26		
WANG_RESPONSE_TO_BEXAROTENE_DN	30	28		
WANG_RESPONSE_TO_BEXAROTENE_UP	34	26		
WANG_RESPONSE_TO_FORSKOLIN_DN	9	8		
WANG_RESPONSE_TO_FORSKOLIN_UP	23	20		
WANG_RESPONSE_TO_GSK3_INHIBITOR_SB216763_DN	371	324		
WANG_RESPONSE_TO_GSK3_INHIBITOR_SB216763_UP	392	279		
WANG_SMARCE1_TARGETS_DN	385	310		
WANG_SMARCE1_TARGETS_UP	294	246		
WANG_TARGETS_OF_MLL_CBP_FUSION_DN	46	43		
WANG_TARGETS_OF_MLL_CBP_FUSION_UP	45	39		
WANG_THOC1_TARGETS_DN	20	17		
WANG_THOC1_TARGETS_UP	5		Rejected!	
WANG_TNF_TARGETS	26	20		
WANG_TUMOR_INVASIVENESS_DN	211	199		
WANG_TUMOR_INVASIVENESS_UP	384	348		
WARTERS_IR_RESPONSE_5GY	50	42		
WARTERS_RESPONSE_TO_IR_SKIN	83	67		
WATANABE_COLON_CANCER_MSI_VS_MSS_DN	69	46		
WATANABE_COLON_CANCER_MSI_VS_MSS_UP	30	22		
WATANABE_RECTAL_CANCER_RADIOTHERAPY_RESPONSIVE_DN	93	80		
WATANABE_RECTAL_CANCER_RADIOTHERAPY_RESPONSIVE_UP	113	96		
WATANABE_ULCERATIVE_COLITIS_WITH_CANCER_DN	15	11		
WATANABE_ULCERATIVE_COLITIS_WITH_CANCER_UP	19	14		
WEBER_METHYLATED_HCP_IN_FIBROBLAST_DN	43	36		
WEBER_METHYLATED_HCP_IN_FIBROBLAST_UP	6	6		
WEBER_METHYLATED_HCP_IN_SPERM_DN	29	25		
WEBER_METHYLATED_HCP_IN_SPERM_UP	20	17		
WEBER_METHYLATED_ICP_IN_FIBROBLAST	21	15		
WEBER_METHYLATED_ICP_IN_SPERM_DN	13	10		
WEBER_METHYLATED_ICP_IN_SPERM_UP	8	5		
WEBER_METHYLATED_IN_COLON_CANCER	18	14		
WEBER_METHYLATED_LCP_IN_FIBROBLAST_DN	10	9		
WEBER_METHYLATED_LCP_IN_FIBROBLAST_UP	13	12		
WEBER_METHYLATED_LCP_IN_SPERM_DN	8	8		
WEBER_METHYLATED_LCP_IN_SPERM_UP	15	13		
WEIGEL_OXIDATIVE_STRESS_BY_HNE_AND_H2O2	36	32		
WEIGEL_OXIDATIVE_STRESS_BY_HNE_AND_TBH	59	55		
WEIGEL_OXIDATIVE_STRESS_BY_TBH_AND_H2O2	35	31		
WEIGEL_OXIDATIVE_STRESS_RESPONSE	33	29		
WEINMANN_ADAPTATION_TO_HYPOXIA_DN	38	33		
WEINMANN_ADAPTATION_TO_HYPOXIA_UP	26	24		
WEI_MIR34A_TARGETS	146	134		
WEI_MYCN_TARGETS_WITH_E_BOX	792		Rejected!	
WELCH_GATA1_TARGETS	25	17		
WELCSH_BRCA1_TARGETS_DN	141	132		
WELCSH_BRCA1_TARGETS_UP	201	173		
WENDT_COHESIN_TARGETS_UP	32	30		
WENG_POR_DOSAGE	23	15		
WENG_POR_TARGETS_GLOBAL_DN	25	19		
WENG_POR_TARGETS_GLOBAL_UP	19	14		
WENG_POR_TARGETS_LIVER_DN	23	19		
WENG_POR_TARGETS_LIVER_UP	42	34		
WESTON_VEGFA_TARGETS	95	71		
WESTON_VEGFA_TARGETS_12HR	27	18		
WESTON_VEGFA_TARGETS_3HR	66	49		
WESTON_VEGFA_TARGETS_6HR	50	38		
WEST_ADRENOCORTICAL_CARCINOMA_VS_ADENOMA_DN	25	18		
WEST_ADRENOCORTICAL_CARCINOMA_VS_ADENOMA_UP	21	16		
WEST_ADRENOCORTICAL_TUMOR_DN	546	467		
WEST_ADRENOCORTICAL_TUMOR_MARKERS_DN	20	15		
WEST_ADRENOCORTICAL_TUMOR_MARKERS_UP	22	19		
WEST_ADRENOCORTICAL_TUMOR_UP	298	279		
WHITEFORD_PEDIATRIC_CANCER_MARKERS	117	106		
WHITEHURST_PACLITAXEL_SENSITIVITY	38	33		
WHITESIDE_CISPLATIN_RESISTANCE_DN	13	12		
WHITESIDE_CISPLATIN_RESISTANCE_UP	11	10		
WHITE_NEUROBLASTOMA_WITH_1P36.3_DELETION	20	19		
WHITFIELD_CELL_CYCLE_G1_S	133	121		
WHITFIELD_CELL_CYCLE_G2	168	153		
WHITFIELD_CELL_CYCLE_G2_M	198	184		
WHITFIELD_CELL_CYCLE_LITERATURE	44	44		
WHITFIELD_CELL_CYCLE_M_G1	126	115		
WHITFIELD_CELL_CYCLE_S	150	135		
WIEDERSCHAIN_TARGETS_OF_BMI1_AND_PCGF2	57	46		
WIELAND_UP_BY_HBV_INFECTION	103	76		
WIEMANN_TELOMERE_SHORTENING_AND_CHRONIC_LIVER_DAMAGE_DN	5		Rejected!	
WIEMANN_TELOMERE_SHORTENING_AND_CHRONIC_LIVER_DAMAGE_UP	11	8		
WIERENGA_PML_INTERACTOME	42	38		
WIERENGA_STAT5A_TARGETS_DN	193	163		
WIERENGA_STAT5A_TARGETS_GROUP1	127	107		
WIERENGA_STAT5A_TARGETS_GROUP2	54	44		
WIERENGA_STAT5A_TARGETS_UP	202	167		
WIKMAN_ASBESTOS_LUNG_CANCER_DN	30	24		
WIKMAN_ASBESTOS_LUNG_CANCER_UP	17	15		
WILCOX_RESPONSE_TO_PROGESTERONE_DN	62	48		
WILCOX_RESPONSE_TO_PROGESTERONE_UP	153	131		
WILENSKY_RESPONSE_TO_DARAPLADIB	28	24		
WILLERT_WNT_SIGNALING	23	19		
WILLIAMS_ESR1_TARGETS_DN	6	6		
WILLIAMS_ESR1_TARGETS_UP	26	21		
WILLIAMS_ESR2_TARGETS_DN	11	10		
WILLIAMS_ESR2_TARGETS_UP	29	23		
WILSON_PROTEASES_AT_TUMOR_BONE_INTERFACE_DN	5		Rejected!	
WILSON_PROTEASES_AT_TUMOR_BONE_INTERFACE_UP	20	18		
WINNEPENNINCKX_MELANOMA_METASTASIS_DN	45	32		
WINNEPENNINCKX_MELANOMA_METASTASIS_UP	162	150		
WINTER_HYPOXIA_DN	52	43		
WINTER_HYPOXIA_METAGENE	243	202		
WINTER_HYPOXIA_UP	95	84		
WINZEN_DEGRADED_VIA_KHSRP	100	79		
WONG_ADULT_TISSUE_STEM_MODULE	721		Rejected!	
WONG_EMBRYONIC_STEM_CELL_CORE	335	317		
WONG_ENDMETRIUM_CANCER_DN	78	68		
WONG_ENDMETRIUM_CANCER_UP	25	15		
WONG_ENDOMETRIAL_CANCER_LATE	9	5		
WONG_MITOCHONDRIA_GENE_MODULE	218	192		
WONG_PROTEASOME_GENE_MODULE	50	49		
WOOD_EBV_EBNA1_TARGETS_DN	48	42		
WOOD_EBV_EBNA1_TARGETS_UP	110	95		
WOO_LIVER_CANCER_RECURRENCE_DN	78	60		
WOO_LIVER_CANCER_RECURRENCE_UP	105	89		
WORSCHECH_TUMOR_EVASION_AND_TOLEROGENICITY_DN	14	11		
WORSCHECH_TUMOR_EVASION_AND_TOLEROGENICITY_UP	31	20		
WORSCHECH_TUMOR_REJECTION_DN	10	9		
WORSCHECH_TUMOR_REJECTION_UP	61	37		
WOTTON_RUNX_TARGETS_DN	29	26		
WOTTON_RUNX_TARGETS_UP	20	18		
WUNDER_INFLAMMATORY_RESPONSE_AND_CHOLESTEROL_DN	13	6		
WUNDER_INFLAMMATORY_RESPONSE_AND_CHOLESTEROL_UP	64	41		
WU_ALZHEIMER_DISEASE_DN	19	17		
WU_ALZHEIMER_DISEASE_UP	14	9		
WU_APOPTOSIS_BY_CDKN1A_NOT_VIA_TP53	11	8		
WU_APOPTOSIS_BY_CDKN1A_VIA_TP53	53	48		
WU_CELL_MIGRATION	183	151		
WU_HBX_TARGETS_1_DN	23	20		
WU_HBX_TARGETS_1_UP	16	10		
WU_HBX_TARGETS_2_DN	16	11		
WU_HBX_TARGETS_2_UP	23	19		
WU_HBX_TARGETS_3_DN	13	9		
WU_HBX_TARGETS_3_UP	18	15		
WU_SILENCED_BY_METHYLATION_IN_BLADDER_CANCER	52	37		
XIE_LT_HSC_S1PR3_OE_UP	29	27		
XIE_ST_HSC_S1PR3_OE_DN	23	13		
XIE_ST_HSC_S1PR3_OE_UP	189	147		
XU_AKT1_TARGETS_48HR	9	7		
XU_AKT1_TARGETS_6HR	27	21		
XU_CREBBP_TARGETS_DN	40	32		
XU_CREBBP_TARGETS_UP	22	17		
XU_GH1_AUTOCRINE_TARGETS_DN	131	108		
XU_GH1_AUTOCRINE_TARGETS_UP	201	149		
XU_GH1_EXOGENOUS_TARGETS_DN	105	78		
XU_GH1_EXOGENOUS_TARGETS_UP	56	32		
XU_HGF_SIGNALING_NOT_VIA_AKT1_48HR_DN	19	15		
XU_HGF_SIGNALING_NOT_VIA_AKT1_48HR_UP	35	32		
XU_HGF_SIGNALING_NOT_VIA_AKT1_6HR	25	20		
XU_HGF_TARGETS_INDUCED_BY_AKT1_48HR_DN	23	19		
XU_HGF_TARGETS_INDUCED_BY_AKT1_48HR_UP	13	9		
XU_HGF_TARGETS_INDUCED_BY_AKT1_6HR	19	13		
XU_HGF_TARGETS_REPRESSED_BY_AKT1_DN	89	68		
XU_HGF_TARGETS_REPRESSED_BY_AKT1_UP	10	9		
XU_RESPONSE_TO_TRETINOIN_AND_NSC682994_DN	14	13		
XU_RESPONSE_TO_TRETINOIN_AND_NSC682994_UP	15	12		
XU_RESPONSE_TO_TRETINOIN_DN	12	12		
XU_RESPONSE_TO_TRETINOIN_UP	16	14		
YAGI_AML_FAB_MARKERS	194	166		
YAGI_AML_RELAPSE_PROGNOSIS	35	30		
YAGI_AML_SURVIVAL	123	107		
YAGI_AML_WITH_11Q23_REARRANGED	346	305		
YAGI_AML_WITH_INV_16_TRANSLOCATION	411	344		
YAGI_AML_WITH_T_8_21_TRANSLOCATION	372	310		
YAGI_AML_WITH_T_9_11_TRANSLOCATION	131	114		
YAGUE_PRETUMOR_DRUG_RESISTANCE_DN	13	10		
YAGUE_PRETUMOR_DRUG_RESISTANCE_UP	8	5		
YAMANAKA_GLIOBLASTOMA_SURVIVAL_DN	8	8		
YAMANAKA_GLIOBLASTOMA_SURVIVAL_UP	11	8		
YAMASHITA_LIVER_CANCER_STEM_CELL_DN	76	48		
YAMASHITA_LIVER_CANCER_STEM_CELL_UP	47	42		
YAMASHITA_LIVER_CANCER_WITH_EPCAM_DN	17	8		
YAMASHITA_LIVER_CANCER_WITH_EPCAM_UP	53	48		
YAMASHITA_METHYLATED_IN_PROSTATE_CANCER	66	38		
YAMASHITA_SILENCED_BY_METHYLATION	8	6		
YAMAZAKI_TCEB3_TARGETS_DN	201	167		
YAMAZAKI_TCEB3_TARGETS_UP	166	146		
YANAGIHARA_ESX1_TARGETS	29	26		
YANAGISAWA_LUNG_CANCER_RECURRENCE	9	5		
YANG_BCL3_TARGETS_DN	8	7		
YANG_BCL3_TARGETS_UP	333	287		
YANG_BREAST_CANCER_ESR1_BULK_DN	22	21		
YANG_BREAST_CANCER_ESR1_BULK_UP	26	21		
YANG_BREAST_CANCER_ESR1_DN	24	19		
YANG_BREAST_CANCER_ESR1_LASER_DN	47	41		
YANG_BREAST_CANCER_ESR1_LASER_UP	32	27		
YANG_BREAST_CANCER_ESR1_UP	36	30		
YAN_ESCAPE_FROM_ANOIKIS	23	19		
YAO_HOXA10_TARGETS_VIA_PROGESTERONE_DN	20	16		
YAO_HOXA10_TARGETS_VIA_PROGESTERONE_UP	83	68		
YAO_TEMPORAL_RESPONSE_TO_PROGESTERONE_CLUSTER_0	72	58		
YAO_TEMPORAL_RESPONSE_TO_PROGESTERONE_CLUSTER_1	69	60		
YAO_TEMPORAL_RESPONSE_TO_PROGESTERONE_CLUSTER_10	70	63		
YAO_TEMPORAL_RESPONSE_TO_PROGESTERONE_CLUSTER_11	100	92		
YAO_TEMPORAL_RESPONSE_TO_PROGESTERONE_CLUSTER_12	80	73		
YAO_TEMPORAL_RESPONSE_TO_PROGESTERONE_CLUSTER_13	178	149		
YAO_TEMPORAL_RESPONSE_TO_PROGESTERONE_CLUSTER_14	143	131		
YAO_TEMPORAL_RESPONSE_TO_PROGESTERONE_CLUSTER_15	36	27		
YAO_TEMPORAL_RESPONSE_TO_PROGESTERONE_CLUSTER_16	79	67		
YAO_TEMPORAL_RESPONSE_TO_PROGESTERONE_CLUSTER_17	184	172		
YAO_TEMPORAL_RESPONSE_TO_PROGESTERONE_CLUSTER_2	58	48		
YAO_TEMPORAL_RESPONSE_TO_PROGESTERONE_CLUSTER_3	23	12		
YAO_TEMPORAL_RESPONSE_TO_PROGESTERONE_CLUSTER_4	16	12		
YAO_TEMPORAL_RESPONSE_TO_PROGESTERONE_CLUSTER_5	31	25		
YAO_TEMPORAL_RESPONSE_TO_PROGESTERONE_CLUSTER_6	79	64		
YAO_TEMPORAL_RESPONSE_TO_PROGESTERONE_CLUSTER_7	73	67		
YAO_TEMPORAL_RESPONSE_TO_PROGESTERONE_CLUSTER_8	50	45		
YAO_TEMPORAL_RESPONSE_TO_PROGESTERONE_CLUSTER_9	78	62		
YAUCH_HEDGEHOG_SIGNALING_PARACRINE_DN	259	197		
YAUCH_HEDGEHOG_SIGNALING_PARACRINE_UP	154	122		
YEGNASUBRAMANIAN_PROSTATE_CANCER	135	89		
YEMELYANOV_GR_TARGETS_DN	11	9		
YIH_RESPONSE_TO_ARSENITE_C1	22	22		
YIH_RESPONSE_TO_ARSENITE_C2	14	14		
YIH_RESPONSE_TO_ARSENITE_C3	31	26		
YIH_RESPONSE_TO_ARSENITE_C4	17	15		
YIH_RESPONSE_TO_ARSENITE_C5	11	8		
YOKOE_CANCER_TESTIS_ANTIGENS	35	33		
YORDY_RECIPROCAL_REGULATION_BY_ETS1_AND_SP100_DN	72	57		
YORDY_RECIPROCAL_REGULATION_BY_ETS1_AND_SP100_UP	22	22		
YOSHIMURA_MAPK8_TARGETS_DN	379	337		
YOSHIMURA_MAPK8_TARGETS_UP	1281		Rejected!	
YUAN_ZNF143_PARTNERS	22	22		
YU_BAP1_TARGETS	29	25		
YU_MYC_TARGETS_DN	60	40		
YU_MYC_TARGETS_UP	43	42		
ZAIDI_OSTEOBLAST_TRANSCRIPTION_FACTORS	14	11		
ZAMORA_NOS2_TARGETS_DN	82	74		
ZAMORA_NOS2_TARGETS_UP	57	52		
ZEILSTRA_CD44_TARGETS_DN	9	6		
ZEILSTRA_CD44_TARGETS_UP	8	7		
ZERBINI_RESPONSE_TO_SULINDAC_DN	6	6		
ZERBINI_RESPONSE_TO_SULINDAC_UP	9	5		
ZHANG_ADIPOGENESIS_BY_BMP7	14	14		
ZHANG_ANTIVIRAL_RESPONSE_TO_RIBAVIRIN_DN	45	37		
ZHANG_ANTIVIRAL_RESPONSE_TO_RIBAVIRIN_UP	28	19		
ZHANG_BREAST_CANCER_PROGENITORS_DN	142	127		
ZHANG_BREAST_CANCER_PROGENITORS_UP	434	401		
ZHANG_GATA6_TARGETS_DN	63	59		
ZHANG_GATA6_TARGETS_UP	16	11		
ZHANG_INTERFERON_RESPONSE	24	15		
ZHANG_PROLIFERATING_VS_QUIESCENT	49	43		
ZHANG_RESPONSE_TO_CANTHARIDIN_DN	67	59		
ZHANG_RESPONSE_TO_CANTHARIDIN_UP	15	12		
ZHANG_RESPONSE_TO_IKK_INHIBITOR_AND_TNF_DN	106	93		
ZHANG_RESPONSE_TO_IKK_INHIBITOR_AND_TNF_UP	223	183		
ZHANG_TARGETS_OF_EWSR1_FLI1_FUSION	87	80		
ZHAN_EARLY_DIFFERENTIATION_GENES_DN	42	38		
ZHAN_EARLY_DIFFERENTIATION_GENES_UP	7	7		
ZHAN_LATE_DIFFERENTIATION_GENES_DN	17	16		
ZHAN_LATE_DIFFERENTIATION_GENES_UP	33	30		
ZHAN_MULTIPLE_MYELOMA_CD1_AND_CD2_DN	55	48		
ZHAN_MULTIPLE_MYELOMA_CD1_AND_CD2_UP	93	80		
ZHAN_MULTIPLE_MYELOMA_CD1_DN	47	38		
ZHAN_MULTIPLE_MYELOMA_CD1_UP	46	38		
ZHAN_MULTIPLE_MYELOMA_CD1_VS_CD2_DN	53	44		
ZHAN_MULTIPLE_MYELOMA_CD1_VS_CD2_UP	69	55		
ZHAN_MULTIPLE_MYELOMA_CD2_DN	47	42		
ZHAN_MULTIPLE_MYELOMA_CD2_UP	48	37		
ZHAN_MULTIPLE_MYELOMA_DN	42	29		
ZHAN_MULTIPLE_MYELOMA_HP_DN	47	40		
ZHAN_MULTIPLE_MYELOMA_HP_UP	50	39		
ZHAN_MULTIPLE_MYELOMA_LB_DN	40	31		
ZHAN_MULTIPLE_MYELOMA_LB_UP	47	40		
ZHAN_MULTIPLE_MYELOMA_MF_DN	43	37		
ZHAN_MULTIPLE_MYELOMA_MF_UP	48	37		
ZHAN_MULTIPLE_MYELOMA_MS_DN	45	37		
ZHAN_MULTIPLE_MYELOMA_MS_UP	50	40		
ZHAN_MULTIPLE_MYELOMA_PR_DN	49	44		
ZHAN_MULTIPLE_MYELOMA_PR_UP	46	41		
ZHAN_MULTIPLE_MYELOMA_SPIKED	24	18		
ZHAN_MULTIPLE_MYELOMA_SUBGROUPS	30	29		
ZHAN_MULTIPLE_MYELOMA_UP	64	53		
ZHAN_V1_LATE_DIFFERENTIATION_GENES_DN	16	15		
ZHAN_V1_LATE_DIFFERENTIATION_GENES_UP	33	26		
ZHAN_V2_LATE_DIFFERENTIATION_GENES	45	42		
ZHAN_VARIABLE_EARLY_DIFFERENTIATION_GENES_DN	31	28		
ZHAN_VARIABLE_EARLY_DIFFERENTIATION_GENES_UP	17	12		
ZHENG_BOUND_BY_FOXP3	498	437		
ZHENG_FOXP3_TARGETS_DN	6	6		
ZHENG_FOXP3_TARGETS_IN_THYMUS_DN	13	8		
ZHENG_FOXP3_TARGETS_IN_THYMUS_UP	199	183		
ZHENG_FOXP3_TARGETS_IN_T_LYMPHOCYTE_DN	38	37		
ZHENG_FOXP3_TARGETS_IN_T_LYMPHOCYTE_UP	12	12		
ZHENG_FOXP3_TARGETS_UP	26	23		
ZHENG_GLIOBLASTOMA_PLASTICITY_DN	60	51		
ZHENG_GLIOBLASTOMA_PLASTICITY_UP	249	216		
ZHENG_IL22_SIGNALING_DN	41	32		
ZHENG_IL22_SIGNALING_UP	58	41		
ZHENG_RESPONSE_TO_ARSENITE_DN	12	10		
ZHENG_RESPONSE_TO_ARSENITE_UP	15	10		
ZHONG_RESPONSE_TO_AZACITIDINE_AND_TSA_DN	71	62		
ZHONG_RESPONSE_TO_AZACITIDINE_AND_TSA_UP	186	146		
ZHONG_SECRETOME_OF_LUNG_CANCER_AND_ENDOTHELIUM	67	57		
ZHONG_SECRETOME_OF_LUNG_CANCER_AND_FIBROBLAST	131	120		
ZHONG_SECRETOME_OF_LUNG_CANCER_AND_MACROPHAGE	76	67		
ZHOU_CELL_CYCLE_GENES_IN_IR_RESPONSE_24HR	127	121		
ZHOU_CELL_CYCLE_GENES_IN_IR_RESPONSE_2HR	8	7		
ZHOU_CELL_CYCLE_GENES_IN_IR_RESPONSE_6HR	84	82		
ZHOU_INFLAMMATORY_RESPONSE_FIMA_DN	279	237		
ZHOU_INFLAMMATORY_RESPONSE_FIMA_UP	517	388		
ZHOU_INFLAMMATORY_RESPONSE_LIVE_DN	377	312		
ZHOU_INFLAMMATORY_RESPONSE_LIVE_UP	452	357		
ZHOU_INFLAMMATORY_RESPONSE_LPS_UP	406	281		
ZHOU_PANCREATIC_BETA_CELL	11	9		
ZHOU_PANCREATIC_ENDOCRINE_PROGENITOR	14	10		
ZHOU_PANCREATIC_EXOCRINE_PROGENITOR	11	7		
ZHOU_TNF_SIGNALING_30MIN	51	40		
ZHOU_TNF_SIGNALING_4HR	50	45		
ZHU_CMV_24_HR_DN	84	65		
ZHU_CMV_24_HR_UP	82	75		
ZHU_CMV_8_HR_DN	50	43		
ZHU_CMV_8_HR_UP	41	30		
ZHU_CMV_ALL_DN	119	95		
ZHU_CMV_ALL_UP	107	93		
ZHU_SKIL_TARGETS_DN	9	9		
ZHU_SKIL_TARGETS_UP	20	18		
ZIRN_TRETINOIN_RESPONSE_DN	6	5		
ZIRN_TRETINOIN_RESPONSE_UP	20	17		
ZIRN_TRETINOIN_RESPONSE_WT1_DN	6	5		
ZIRN_TRETINOIN_RESPONSE_WT1_UP	23	20		
ZWANG_CLASS_1_TRANSIENTLY_INDUCED_BY_EGF	550	426		
ZWANG_CLASS_2_TRANSIENTLY_INDUCED_BY_EGF	54	42		
ZWANG_CLASS_3_TRANSIENTLY_INDUCED_BY_EGF	232	195		
ZWANG_DOWN_BY_2ND_EGF_PULSE	321	176		
ZWANG_EGF_INTERVAL_DN	238	184		
ZWANG_EGF_INTERVAL_UP	112	64		
ZWANG_EGF_PERSISTENTLY_DN	62	49		
ZWANG_EGF_PERSISTENTLY_UP	34	30		
ZWANG_TRANSIENTLY_UP_BY_2ND_EGF_PULSE_ONLY	1959		Rejected!	
SA_B_CELL_RECEPTOR_COMPLEXES	24	21		
SA_CASPASE_CASCADE	19	17		
SA_FAS_SIGNALING	9	9		
SA_G1_AND_S_PHASES	15	13		
SA_G2_AND_M_PHASES	8	8		
SA_MMP_CYTOKINE_CONNECTION	15	13		
SA_PROGRAMMED_CELL_DEATH	12	11		
SA_PTEN_PATHWAY	17	17		
SA_REG_CASCADE_OF_CYCLIN_EXPR	13	11		
SA_TRKA_RECEPTOR	17	17		
SIG_BCR_SIGNALING_PATHWAY	46	44		
SIG_CD40PATHWAYMAP	34	33		
SIG_CHEMOTAXIS	45	40		
SIG_IL4RECEPTOR_IN_B_LYPHOCYTES	27	27		
SIG_INSULIN_RECEPTOR_PATHWAY_IN_CARDIAC_MYOCYTES	51	47		
SIG_PIP3_SIGNALING_IN_B_LYMPHOCYTES	36	30		
SIG_PIP3_SIGNALING_IN_CARDIAC_MYOCTES	67	63		
SIG_REGULATION_OF_THE_ACTIN_CYTOSKELETON_BY_RHO_GTPASES	35	32		
WNT_SIGNALING	89	77		
BIOCARTA_41BB_PATHWAY	18	15		
BIOCARTA_ACE2_PATHWAY	13	12		
BIOCARTA_ACETAMINOPHEN_PATHWAY	5		Rejected!	
BIOCARTA_ACH_PATHWAY	14	14		
BIOCARTA_ACTINY_PATHWAY	12	12		
BIOCARTA_AGPCR_PATHWAY	11	10		
BIOCARTA_AGR_PATHWAY	33	31		
BIOCARTA_AHSP_PATHWAY	13	10		
BIOCARTA_AKAP13_PATHWAY	11	10		
BIOCARTA_AKAP95_PATHWAY	11	10		
BIOCARTA_AKAPCENTROSOME_PATHWAY	14	13		
BIOCARTA_AKT_PATHWAY	22	19		
BIOCARTA_ALK_PATHWAY	37	31		
BIOCARTA_ALTERNATIVE_PATHWAY	9	5		
BIOCARTA_AMAN_PATHWAY	15	11		
BIOCARTA_AMI_PATHWAY	20	15		
BIOCARTA_ARAP_PATHWAY	17	16		
BIOCARTA_ARENRF2_PATHWAY	20	16		
BIOCARTA_ARF_PATHWAY	17	16		
BIOCARTA_ASBCELL_PATHWAY	15	7		
BIOCARTA_AT1R_PATHWAY	27	25		
BIOCARTA_ATM_PATHWAY	20	19		
BIOCARTA_ATRBRCA_PATHWAY	22	22		
BIOCARTA_BAD_PATHWAY	25	23		
BIOCARTA_BARD1_PATHWAY	8	8		
BIOCARTA_BARRESTIN_PATHWAY	12	11		
BIOCARTA_BARRESTIN_SRC_PATHWAY	17	16		
BIOCARTA_BARR_MAPK_PATHWAY	14	13		
BIOCARTA_BBCELL_PATHWAY	11	5		
BIOCARTA_BCELLSURVIVAL_PATHWAY	15	14		
BIOCARTA_BCR_PATHWAY	33	30		
BIOCARTA_BIOPEPTIDES_PATHWAY	29	28		
BIOCARTA_BLYMPHOCYTE_PATHWAY	14	6		
BIOCARTA_BOTULIN_PATHWAY	5		Rejected!	
BIOCARTA_BTG2_PATHWAY	11	11		
BIOCARTA_CACAM_PATHWAY	9	9		
BIOCARTA_CALCINEURIN_PATHWAY	18	18		
BIOCARTA_CARDIACEGF_PATHWAY	18	15		
BIOCARTA_CARM1_PATHWAY	12	11		
BIOCARTA_CARM_ER_PATHWAY	26	26		
BIOCARTA_CASPASE_PATHWAY	22	19		
BIOCARTA_CB1R_PATHWAY	7	6		
BIOCARTA_CBL_PATHWAY	12	10		
BIOCARTA_CCR3_PATHWAY	19	16		
BIOCARTA_CCR5_PATHWAY	17	14		
BIOCARTA_CD40_PATHWAY	15	13		
BIOCARTA_CDC25_PATHWAY	9	9		
BIOCARTA_CDC42RAC_PATHWAY	8	7		
BIOCARTA_CDK5_PATHWAY	13	12		
BIOCARTA_CDMAC_PATHWAY	16	13		
BIOCARTA_CELL2CELL_PATHWAY	12	11		
BIOCARTA_CELLCYCLE_PATHWAY	23	22		
BIOCARTA_CERAMIDE_PATHWAY	21	21		
BIOCARTA_CFTR_PATHWAY	11	8		
BIOCARTA_CHEMICAL_PATHWAY	18	18		
BIOCARTA_CHREBP_PATHWAY	19	17		
BIOCARTA_CIRCADIAN_PATHWAY	6	5		
BIOCARTA_CK1_PATHWAY	16	14		
BIOCARTA_CLASSIC_PATHWAY	15	8		
BIOCARTA_COMP_PATHWAY	20	12		
BIOCARTA_CPSF_PATHWAY	10	8		
BIOCARTA_CREB_PATHWAY	22	21		
BIOCARTA_CREM_PATHWAY	6	5		
BIOCARTA_CSK_PATHWAY	22	16		
BIOCARTA_CTBP1_PATHWAY	8	8		
BIOCARTA_CTCF_PATHWAY	24	23		
BIOCARTA_CTLA4_PATHWAY	22	13		
BIOCARTA_CTL_PATHWAY	13	8		
BIOCARTA_CXCR4_PATHWAY	19	18		
BIOCARTA_CYTOKINE_PATHWAY	19	9		
BIOCARTA_D4GDI_PATHWAY	12	8		
BIOCARTA_DC_PATHWAY	17	11		
BIOCARTA_DEATH_PATHWAY	29	29		
BIOCARTA_DICER_PATHWAY	5	5		
BIOCARTA_DNAFRAGMENT_PATHWAY	10	9		
BIOCARTA_DREAM_PATHWAY	13	8		
BIOCARTA_DSP_PATHWAY	9	7		
BIOCARTA_ECM_PATHWAY	19	18		
BIOCARTA_EDG1_PATHWAY	22	20		
BIOCARTA_EEA1_PATHWAY	7	6		
BIOCARTA_EFP_PATHWAY	16	16		
BIOCARTA_EGFR_SMRTE_PATHWAY	11	11		
BIOCARTA_EGF_PATHWAY	27	25		
BIOCARTA_EICOSANOID_PATHWAY	22	18		
BIOCARTA_EIF2_PATHWAY	10	9		
BIOCARTA_EIF4_PATHWAY	24	23		
BIOCARTA_EIF_PATHWAY	16	14		
BIOCARTA_EOSINOPHILS_PATHWAY	11	5		
BIOCARTA_EPHA4_PATHWAY	8	8		
BIOCARTA_EPONFKB_PATHWAY	11	11		
BIOCARTA_EPO_PATHWAY	19	17		
BIOCARTA_ERAD_PATHWAY	19	18		
BIOCARTA_ERBB3_PATHWAY	5	5		
BIOCARTA_ERBB4_PATHWAY	7	7		
BIOCARTA_ERK5_PATHWAY	14	14		
BIOCARTA_ERK_PATHWAY	27	26		
BIOCARTA_ERYTH_PATHWAY	15	11		
BIOCARTA_ETC_PATHWAY	10	10		
BIOCARTA_ETS_PATHWAY	17	15		
BIOCARTA_EXTRINSIC_PATHWAY	13	9		
BIOCARTA_FAS_PATHWAY	30	29		
BIOCARTA_FBW7_PATHWAY	9	9		
BIOCARTA_FCER1_PATHWAY	39	35		
BIOCARTA_FEEDER_PATHWAY	9	8		
BIOCARTA_FIBRINOLYSIS_PATHWAY	12	7		
BIOCARTA_FLUMAZENIL_PATHWAY	9	7		
BIOCARTA_FMLP_PATHWAY	34	32		
BIOCARTA_FOSB_PATHWAY	5		Rejected!	
BIOCARTA_FREE_PATHWAY	10	7		
BIOCARTA_FXR_PATHWAY	7	7		
BIOCARTA_G1_PATHWAY	28	27		
BIOCARTA_G2_PATHWAY	24	24		
BIOCARTA_GABA_PATHWAY	10	8		
BIOCARTA_GATA3_PATHWAY	14	12		
BIOCARTA_GCR_PATHWAY	17	16		
BIOCARTA_GHRELIN_PATHWAY	13	7		
BIOCARTA_GH_PATHWAY	27	25		
BIOCARTA_GLEEVEC_PATHWAY	23	21		
BIOCARTA_GPCR_PATHWAY	30	26		
BIOCARTA_GRANULOCYTES_PATHWAY	15	11		
BIOCARTA_GSK3_PATHWAY	20	19		
BIOCARTA_HBX_PATHWAY	7	7		
BIOCARTA_HCMV_PATHWAY	17	17		
BIOCARTA_HDAC_PATHWAY	25	23		
BIOCARTA_HER2_PATHWAY	23	22		
BIOCARTA_HES_PATHWAY	12	12		
BIOCARTA_HIF_PATHWAY	15	14		
BIOCARTA_HIVNEF_PATHWAY	56	52		
BIOCARTA_HSP27_PATHWAY	14	13		
BIOCARTA_HSWI_SNF_PATHWAY	12	12		
BIOCARTA_IFNA_PATHWAY	9	7		
BIOCARTA_IFNG_PATHWAY	6	6		
BIOCARTA_IGF1MTOR_PATHWAY	19	18		
BIOCARTA_IGF1R_PATHWAY	23	22		
BIOCARTA_IGF1_PATHWAY	21	19		
BIOCARTA_IL10_PATHWAY	13	11		
BIOCARTA_IL12_PATHWAY	19	15		
BIOCARTA_IL17_PATHWAY	15	9		
BIOCARTA_IL1R_PATHWAY	31	26		
BIOCARTA_IL22BP_PATHWAY	9	8		
BIOCARTA_IL2RB_PATHWAY	37	34		
BIOCARTA_IL2_PATHWAY	22	18		
BIOCARTA_IL3_PATHWAY	15	13		
BIOCARTA_IL4_PATHWAY	11	10		
BIOCARTA_IL5_PATHWAY	13	6		
BIOCARTA_IL6_PATHWAY	21	18		
BIOCARTA_IL7_PATHWAY	16	15		
BIOCARTA_INFLAM_PATHWAY	29	16		
BIOCARTA_INSULIN_PATHWAY	21	19		
BIOCARTA_INTEGRIN_PATHWAY	34	33		
BIOCARTA_INTRINSIC_PATHWAY	23	17		
BIOCARTA_ION_PATHWAY	5	5		
BIOCARTA_IRES_PATHWAY	7	7		
BIOCARTA_KERATINOCYTE_PATHWAY	46	43		
BIOCARTA_KREB_PATHWAY	8	8		
BIOCARTA_LAIR_PATHWAY	17	11		
BIOCARTA_LDL_PATHWAY	6	5		
BIOCARTA_LECTIN_PATHWAY	13	5		
BIOCARTA_LEPTIN_PATHWAY	11	11		
BIOCARTA_LIS1_PATHWAY	19	19		
BIOCARTA_LONGEVITY_PATHWAY	15	13		
BIOCARTA_LYMPHOCYTE_PATHWAY	9	8		
BIOCARTA_LYM_PATHWAY	14	10		
BIOCARTA_MALATEX_PATHWAY	8	7		
BIOCARTA_MAL_PATHWAY	19	19		
BIOCARTA_MAPK_PATHWAY	81	78		
BIOCARTA_MCALPAIN_PATHWAY	19	16		
BIOCARTA_MCM_PATHWAY	18	17		
BIOCARTA_MEF2D_PATHWAY	18	18		
BIOCARTA_MELANOCYTE_PATHWAY	7	7		
BIOCARTA_MET_PATHWAY	33	31		
BIOCARTA_MHC_PATHWAY	14	9		
BIOCARTA_MITOCHONDRIA_PATHWAY	19	19		
BIOCARTA_MITR_PATHWAY	5		Rejected!	
BIOCARTA_MONOCYTE_PATHWAY	11	10		
BIOCARTA_MPR_PATHWAY	21	20		
BIOCARTA_MRP_PATHWAY	6	5		
BIOCARTA_MSP_PATHWAY	6	5		
BIOCARTA_MTA3_PATHWAY	18	14		
BIOCARTA_MTOR_PATHWAY	22	21		
BIOCARTA_MYOSIN_PATHWAY	11	11		
BIOCARTA_NDKDYNAMIN_PATHWAY	17	16		
BIOCARTA_NEUTROPHIL_PATHWAY	8	7		
BIOCARTA_NFAT_PATHWAY	51	46		
BIOCARTA_NFKB_PATHWAY	21	19		
BIOCARTA_NGF_PATHWAY	20	18		
BIOCARTA_NKCELLS_PATHWAY	20	14		
BIOCARTA_NKT_PATHWAY	26	18		
BIOCARTA_NO1_PATHWAY	28	24		
BIOCARTA_NO2IL12_PATHWAY	15	12		
BIOCARTA_NOS1_PATHWAY	21	20		
BIOCARTA_NOTCH_PATHWAY	6	6		
BIOCARTA_NPC_PATHWAY	11	11		
BIOCARTA_NPP1_PATHWAY	10	7		
BIOCARTA_NTHI_PATHWAY	23	21		
BIOCARTA_NUCLEARRS_PATHWAY	34	27		
BIOCARTA_P27_PATHWAY	13	13		
BIOCARTA_P35ALZHEIMERS_PATHWAY	8	8		
BIOCARTA_P38MAPK_PATHWAY	36	36		
BIOCARTA_P53HYPOXIA_PATHWAY	21	18		
BIOCARTA_P53_PATHWAY	16	16		
BIOCARTA_PAR1_PATHWAY	19	18		
BIOCARTA_PARKIN_PATHWAY	8	8		
BIOCARTA_PCAF_PATHWAY	13	11		
BIOCARTA_PDGF_PATHWAY	28	25		
BIOCARTA_PDZS_PATHWAY	18	17		
BIOCARTA_PELP1_PATHWAY	6	6		
BIOCARTA_PEPI_PATHWAY	8		Rejected!	
BIOCARTA_PGC1A_PATHWAY	15	15		
BIOCARTA_PITX2_PATHWAY	16	16		
BIOCARTA_PKC_PATHWAY	7	7		
BIOCARTA_PLATELETAPP_PATHWAY	14	10		
BIOCARTA_PLCD_PATHWAY	5	5		
BIOCARTA_PLCE_PATHWAY	11	10		
BIOCARTA_PLC_PATHWAY	9	9		
BIOCARTA_PLK3_PATHWAY	8	8		
BIOCARTA_PML_PATHWAY	17	16		
BIOCARTA_PPARA_PATHWAY	52	46		
BIOCARTA_PPARG_PATHWAY	8	8		
BIOCARTA_PRC2_PATHWAY	14	13		
BIOCARTA_PRION_PATHWAY	12	10		
BIOCARTA_PROTEASOME_PATHWAY	19	18		
BIOCARTA_PS1_PATHWAY	14	14		
BIOCARTA_PTC1_PATHWAY	11	11		
BIOCARTA_PTDINS_PATHWAY	23	21		
BIOCARTA_PTEN_PATHWAY	18	18		
BIOCARTA_PYK2_PATHWAY	27	26		
BIOCARTA_RAB_PATHWAY	13	11		
BIOCARTA_RAC1_PATHWAY	21	18		
BIOCARTA_RACCYCD_PATHWAY	26	25		
BIOCARTA_RACC_PATHWAY	15	11		
BIOCARTA_RANBP2_PATHWAY	11	11		
BIOCARTA_RANKL_PATHWAY	14	12		
BIOCARTA_RANMS_PATHWAY	10	10		
BIOCARTA_RAN_PATHWAY	5	5		
BIOCARTA_RARRXR_PATHWAY	7	7		
BIOCARTA_RAS_PATHWAY	22	22		
BIOCARTA_RB_PATHWAY	13	13		
BIOCARTA_RECK_PATHWAY	9	9		
BIOCARTA_REELIN_PATHWAY	7	7		
BIOCARTA_RELA_PATHWAY	15	13		
BIOCARTA_RHODOPSIN_PATHWAY	11	5		
BIOCARTA_RHO_PATHWAY	21	20		
BIOCARTA_RNAPOL3_PATHWAY	7	7		
BIOCARTA_RNA_PATHWAY	10	10		
BIOCARTA_S1P_PATHWAY	8	7		
BIOCARTA_SALMONELLA_PATHWAY	5	5		
BIOCARTA_SAM68_PATHWAY	6	6		
BIOCARTA_SARS_PATHWAY	7	6		
BIOCARTA_SET_PATHWAY	10	8		
BIOCARTA_SHH_PATHWAY	16	13		
BIOCARTA_SKP2E2F_PATHWAY	10	10		
BIOCARTA_SLRP_PATHWAY	6		Rejected!	
BIOCARTA_SM_PATHWAY	14	13		
BIOCARTA_SODD_PATHWAY	10	9		
BIOCARTA_SPPA_PATHWAY	16	15		
BIOCARTA_SPRY_PATHWAY	17	17		
BIOCARTA_SRCRPTP_PATHWAY	11	11		
BIOCARTA_STAT3_PATHWAY	8	8		
BIOCARTA_STATHMIN_PATHWAY	20	18		
BIOCARTA_STEM_PATHWAY	15	7		
BIOCARTA_STRESS_PATHWAY	24	21		
BIOCARTA_SUMO_PATHWAY	6	6		
BIOCARTA_TALL1_PATHWAY	15	13		
BIOCARTA_TCAPOPTOSIS_PATHWAY	9	7		
BIOCARTA_TCRA_PATHWAY	14	9		
BIOCARTA_TCR_PATHWAY	44	41		
BIOCARTA_TCYTOTOXIC_PATHWAY	12	8		
BIOCARTA_TEL_PATHWAY	17	17		
BIOCARTA_TERC_PATHWAY	6	6		
BIOCARTA_TERT_PATHWAY	8	8		
BIOCARTA_TFF_PATHWAY	24	18		
BIOCARTA_TGFB_PATHWAY	19	18		
BIOCARTA_TH1TH2_PATHWAY	23	10		
BIOCARTA_THELPER_PATHWAY	12	9		
BIOCARTA_TID_PATHWAY	19	17		
BIOCARTA_TNFR1_PATHWAY	29	27		
BIOCARTA_TNFR2_PATHWAY	17	15		
BIOCARTA_TOB1_PATHWAY	19	13		
BIOCARTA_TOLL_PATHWAY	25	22		
BIOCARTA_TPO_PATHWAY	24	22		
BIOCARTA_TRKA_PATHWAY	14	14		
BIOCARTA_TSP1_PATHWAY	7		Rejected!	
BIOCARTA_TUBBY_PATHWAY	5	5		
BIOCARTA_UCALPAIN_PATHWAY	14	14		
BIOCARTA_VDR_PATHWAY	24	24		
BIOCARTA_VEGF_PATHWAY	27	25		
BIOCARTA_VIP_PATHWAY	26	23		
BIOCARTA_VITCB_PATHWAY	11	11		
BIOCARTA_VOBESITY_PATHWAY	8	6		
BIOCARTA_WNT_LRP6_PATHWAY	6	6		
BIOCARTA_WNT_PATHWAY	24	22		
KEGG_ABC_TRANSPORTERS	44	38		
KEGG_ACUTE_MYELOID_LEUKEMIA	57	54		
KEGG_ADHERENS_JUNCTION	73	71		
KEGG_ADIPOCYTOKINE_SIGNALING_PATHWAY	67	61		
KEGG_ALANINE_ASPARTATE_AND_GLUTAMATE_METABOLISM	32	26		
KEGG_ALDOSTERONE_REGULATED_SODIUM_REABSORPTION	42	36		
KEGG_ALLOGRAFT_REJECTION	37	9		
KEGG_ALPHA_LINOLENIC_ACID_METABOLISM	19	10		
KEGG_ALZHEIMERS_DISEASE	166	136		
KEGG_AMINOACYL_TRNA_BIOSYNTHESIS	41	41		
KEGG_AMINO_SUGAR_AND_NUCLEOTIDE_SUGAR_METABOLISM	44	40		
KEGG_AMYOTROPHIC_LATERAL_SCLEROSIS_ALS	53	51		
KEGG_ANTIGEN_PROCESSING_AND_PRESENTATION	88	32		
KEGG_APOPTOSIS	87	78		
KEGG_ARACHIDONIC_ACID_METABOLISM	58	34		
KEGG_ARGININE_AND_PROLINE_METABOLISM	54	40		
KEGG_ARRHYTHMOGENIC_RIGHT_VENTRICULAR_CARDIOMYOPATHY_ARVC	74	66		
KEGG_ASCORBATE_AND_ALDARATE_METABOLISM	25	7		
KEGG_ASTHMA	30	7		
KEGG_AUTOIMMUNE_THYROID_DISEASE	52	12		
KEGG_AXON_GUIDANCE	129	121		
KEGG_BASAL_CELL_CARCINOMA	55	49		
KEGG_BASAL_TRANSCRIPTION_FACTORS	35	29		
KEGG_BASE_EXCISION_REPAIR	35	32		
KEGG_BETA_ALANINE_METABOLISM	22	20		
KEGG_BIOSYNTHESIS_OF_UNSATURATED_FATTY_ACIDS	22	19		
KEGG_BLADDER_CANCER	42	37		
KEGG_BUTANOATE_METABOLISM	34	24		
KEGG_B_CELL_RECEPTOR_SIGNALING_PATHWAY	75	65		
KEGG_CALCIUM_SIGNALING_PATHWAY	178	158		
KEGG_CARDIAC_MUSCLE_CONTRACTION	79	51		
KEGG_CELL_ADHESION_MOLECULES_CAMS	133	96		
KEGG_CELL_CYCLE	125	120		
KEGG_CHEMOKINE_SIGNALING_PATHWAY	188	142		
KEGG_CHRONIC_MYELOID_LEUKEMIA	73	70		
KEGG_CIRCADIAN_RHYTHM_MAMMAL	13	12		
KEGG_CITRATE_CYCLE_TCA_CYCLE	31	28		
KEGG_COLORECTAL_CANCER	62	58		
KEGG_COMPLEMENT_AND_COAGULATION_CASCADES	69	43		
KEGG_CYSTEINE_AND_METHIONINE_METABOLISM	34	30		
KEGG_CYTOKINE_CYTOKINE_RECEPTOR_INTERACTION	264	159		
KEGG_CYTOSOLIC_DNA_SENSING_PATHWAY	55	35		
KEGG_DILATED_CARDIOMYOPATHY	90	74		
KEGG_DNA_REPLICATION	36	32		
KEGG_DORSO_VENTRAL_AXIS_FORMATION	24	22		
KEGG_DRUG_METABOLISM_CYTOCHROME_P450	72	24		
KEGG_DRUG_METABOLISM_OTHER_ENZYMES	51	21		
KEGG_ECM_RECEPTOR_INTERACTION	84	71		
KEGG_ENDOCYTOSIS	181	158		
KEGG_ENDOMETRIAL_CANCER	52	50		
KEGG_EPITHELIAL_CELL_SIGNALING_IN_HELICOBACTER_PYLORI_INFECTION	68	62		
KEGG_ERBB_SIGNALING_PATHWAY	87	84		
KEGG_ETHER_LIPID_METABOLISM	33	23		
KEGG_FATTY_ACID_METABOLISM	42	33		
KEGG_FC_EPSILON_RI_SIGNALING_PATHWAY	79	63		
KEGG_FC_GAMMA_R_MEDIATED_PHAGOCYTOSIS	96	91		
KEGG_FOCAL_ADHESION	199	184		
KEGG_FOLATE_BIOSYNTHESIS	11	7		
KEGG_FRUCTOSE_AND_MANNOSE_METABOLISM	34	32		
KEGG_GALACTOSE_METABOLISM	26	22		
KEGG_GAP_JUNCTION	90	74		
KEGG_GLIOMA	65	60		
KEGG_GLUTATHIONE_METABOLISM	50	34		
KEGG_GLYCEROLIPID_METABOLISM	49	40		
KEGG_GLYCEROPHOSPHOLIPID_METABOLISM	77	61		
KEGG_GLYCINE_SERINE_AND_THREONINE_METABOLISM	31	26		
KEGG_GLYCOLYSIS_GLUCONEOGENESIS	62	48		
KEGG_GLYCOSAMINOGLYCAN_BIOSYNTHESIS_CHONDROITIN_SULFATE	22	20		
KEGG_GLYCOSAMINOGLYCAN_BIOSYNTHESIS_HEPARAN_SULFATE	26	24		
KEGG_GLYCOSAMINOGLYCAN_BIOSYNTHESIS_KERATAN_SULFATE	15	14		
KEGG_GLYCOSAMINOGLYCAN_DEGRADATION	21	19		
KEGG_GLYCOSPHINGOLIPID_BIOSYNTHESIS_GANGLIO_SERIES	15	14		
KEGG_GLYCOSPHINGOLIPID_BIOSYNTHESIS_GLOBO_SERIES	14	11		
KEGG_GLYCOSPHINGOLIPID_BIOSYNTHESIS_LACTO_AND_NEOLACTO_SERIES	26	20		
KEGG_GLYCOSYLPHOSPHATIDYLINOSITOL_GPI_ANCHOR_BIOSYNTHESIS	25	24		
KEGG_GLYOXYLATE_AND_DICARBOXYLATE_METABOLISM	16	14		
KEGG_GNRH_SIGNALING_PATHWAY	101	79		
KEGG_GRAFT_VERSUS_HOST_DISEASE	41	8		
KEGG_HEDGEHOG_SIGNALING_PATHWAY	56	47		
KEGG_HEMATOPOIETIC_CELL_LINEAGE	87	58		
KEGG_HISTIDINE_METABOLISM	29	21		
KEGG_HOMOLOGOUS_RECOMBINATION	28	26		
KEGG_HUNTINGTONS_DISEASE	182	156		
KEGG_HYPERTROPHIC_CARDIOMYOPATHY_HCM	83	70		
KEGG_INOSITOL_PHOSPHATE_METABOLISM	54	52		
KEGG_INSULIN_SIGNALING_PATHWAY	137	125		
KEGG_INTESTINAL_IMMUNE_NETWORK_FOR_IGA_PRODUCTION	48	24		
KEGG_JAK_STAT_SIGNALING_PATHWAY	155	106		
KEGG_LEISHMANIA_INFECTION	72	45		
KEGG_LEUKOCYTE_TRANSENDOTHELIAL_MIGRATION	116	100		
KEGG_LIMONENE_AND_PINENE_DEGRADATION	10	9		
KEGG_LINOLEIC_ACID_METABOLISM	29	11		
KEGG_LONG_TERM_DEPRESSION	70	58		
KEGG_LONG_TERM_POTENTIATION	70	65		
KEGG_LYSINE_DEGRADATION	44	41		
KEGG_LYSOSOME	121	106		
KEGG_MAPK_SIGNALING_PATHWAY	267	226		
KEGG_MATURITY_ONSET_DIABETES_OF_THE_YOUNG	25	16		
KEGG_MELANOGENESIS	101	90		
KEGG_MELANOMA	71	62		
KEGG_METABOLISM_OF_XENOBIOTICS_BY_CYTOCHROME_P450	70	25		
KEGG_MISMATCH_REPAIR	23	21		
KEGG_MTOR_SIGNALING_PATHWAY	52	48		
KEGG_NATURAL_KILLER_CELL_MEDIATED_CYTOTOXICITY	137	79		
KEGG_NEUROACTIVE_LIGAND_RECEPTOR_INTERACTION	272	189		
KEGG_NEUROTROPHIN_SIGNALING_PATHWAY	126	119		
KEGG_NICOTINATE_AND_NICOTINAMIDE_METABOLISM	24	23		
KEGG_NITROGEN_METABOLISM	23	16		
KEGG_NOD_LIKE_RECEPTOR_SIGNALING_PATHWAY	62	44		
KEGG_NON_HOMOLOGOUS_END_JOINING	13	12		
KEGG_NON_SMALL_CELL_LUNG_CANCER	54	52		
KEGG_NOTCH_SIGNALING_PATHWAY	47	45		
KEGG_NUCLEOTIDE_EXCISION_REPAIR	44	40		
KEGG_N_GLYCAN_BIOSYNTHESIS	46	42		
KEGG_OLFACTORY_TRANSDUCTION	389	57		
KEGG_ONE_CARBON_POOL_BY_FOLATE	17	17		
KEGG_OOCYTE_MEIOSIS	113	103		
KEGG_OTHER_GLYCAN_DEGRADATION	16	13		
KEGG_OXIDATIVE_PHOSPHORYLATION	132	97		
KEGG_O_GLYCAN_BIOSYNTHESIS	30	23		
KEGG_P53_SIGNALING_PATHWAY	68	60		
KEGG_PANCREATIC_CANCER	70	67		
KEGG_PANTOTHENATE_AND_COA_BIOSYNTHESIS	16	14		
KEGG_PARKINSONS_DISEASE	130	97		
KEGG_PATHOGENIC_ESCHERICHIA_COLI_INFECTION	56	48		
KEGG_PATHWAYS_IN_CANCER	325	298		
KEGG_PENTOSE_AND_GLUCURONATE_INTERCONVERSIONS	28	10		
KEGG_PENTOSE_PHOSPHATE_PATHWAY	27	22		
KEGG_PEROXISOME	78	68		
KEGG_PHENYLALANINE_METABOLISM	18	16		
KEGG_PHOSPHATIDYLINOSITOL_SIGNALING_SYSTEM	76	69		
KEGG_PORPHYRIN_AND_CHLOROPHYLL_METABOLISM	41	22		
KEGG_PPAR_SIGNALING_PATHWAY	69	58		
KEGG_PRIMARY_BILE_ACID_BIOSYNTHESIS	16	14		
KEGG_PRIMARY_IMMUNODEFICIENCY	35	26		
KEGG_PRION_DISEASES	35	28		
KEGG_PROGESTERONE_MEDIATED_OOCYTE_MATURATION	85	77		
KEGG_PROPANOATE_METABOLISM	33	30		
KEGG_PROSTATE_CANCER	89	83		
KEGG_PROTEASOME	46	43		
KEGG_PROTEIN_EXPORT	24	21		
KEGG_PROXIMAL_TUBULE_BICARBONATE_RECLAMATION	23	20		
KEGG_PURINE_METABOLISM	159	139		
KEGG_PYRIMIDINE_METABOLISM	98	90		
KEGG_PYRUVATE_METABOLISM	40	36		
KEGG_REGULATION_OF_ACTIN_CYTOSKELETON	213	191		
KEGG_REGULATION_OF_AUTOPHAGY	35	22		
KEGG_RENAL_CELL_CARCINOMA	70	68		
KEGG_RENIN_ANGIOTENSIN_SYSTEM	17	14		
KEGG_RETINOL_METABOLISM	64	23		
KEGG_RIBOFLAVIN_METABOLISM	16	14		
KEGG_RIBOSOME	88	81		
KEGG_RIG_I_LIKE_RECEPTOR_SIGNALING_PATHWAY	71	47		
KEGG_RNA_DEGRADATION	59	54		
KEGG_RNA_POLYMERASE	29	26		
KEGG_SELENOAMINO_ACID_METABOLISM	26	20		
KEGG_SMALL_CELL_LUNG_CANCER	84	79		
KEGG_SNARE_INTERACTIONS_IN_VESICULAR_TRANSPORT	38	38		
KEGG_SPHINGOLIPID_METABOLISM	39	36		
KEGG_SPLICEOSOME	127	116		
KEGG_STARCH_AND_SUCROSE_METABOLISM	52	28		
KEGG_STEROID_BIOSYNTHESIS	17	16		
KEGG_STEROID_HORMONE_BIOSYNTHESIS	55	28		
KEGG_SULFUR_METABOLISM	13	9		
KEGG_SYSTEMIC_LUPUS_ERYTHEMATOSUS	139	82		
KEGG_TASTE_TRANSDUCTION	52	24		
KEGG_TAURINE_AND_HYPOTAURINE_METABOLISM	10	8		
KEGG_TERPENOID_BACKBONE_BIOSYNTHESIS	15	12		
KEGG_TGF_BETA_SIGNALING_PATHWAY	86	75		
KEGG_THYROID_CANCER	29	27		
KEGG_TIGHT_JUNCTION	132	120		
KEGG_TOLL_LIKE_RECEPTOR_SIGNALING_PATHWAY	102	74		
KEGG_TRYPTOPHAN_METABOLISM	40	34		
KEGG_TYPE_II_DIABETES_MELLITUS	47	41		
KEGG_TYPE_I_DIABETES_MELLITUS	43	15		
KEGG_TYROSINE_METABOLISM	42	28		
KEGG_T_CELL_RECEPTOR_SIGNALING_PATHWAY	108	93		
KEGG_UBIQUITIN_MEDIATED_PROTEOLYSIS	135	129		
KEGG_VALINE_LEUCINE_AND_ISOLEUCINE_BIOSYNTHESIS	11	9		
KEGG_VALINE_LEUCINE_AND_ISOLEUCINE_DEGRADATION	44	40		
KEGG_VASCULAR_SMOOTH_MUSCLE_CONTRACTION	115	89		
KEGG_VASOPRESSIN_REGULATED_WATER_REABSORPTION	44	39		
KEGG_VEGF_SIGNALING_PATHWAY	76	64		
KEGG_VIBRIO_CHOLERAE_INFECTION	54	47		
KEGG_VIRAL_MYOCARDITIS	70	46		
KEGG_WNT_SIGNALING_PATHWAY	151	134		
KEGG_MEDICUS_ENV_FACTOR_ARSENIC_TO_ELECTRON_TRANSFER_IN_COMPLEX_IV	21	10		
KEGG_MEDICUS_ENV_FACTOR_BENZO_A_PYRENRE_TO_CYP_MEDIATED_METABOLISM	11	7		
KEGG_MEDICUS_ENV_FACTOR_DCE_TO_DNA_ADDUCTS	19	7		
KEGG_MEDICUS_ENV_FACTOR_E2_TO_NUCLEAR_INITIATED_ESTROGEN_SIGNALING_PATHWAY	7	7		
KEGG_MEDICUS_ENV_FACTOR_E2_TO_RAS_ERK_SIGNALING_PATHWAY	16	14		
KEGG_MEDICUS_ENV_FACTOR_IRON_TO_ANTEROGRADE_AXONAL_TRANSPORT	19	12		
KEGG_MEDICUS_ENV_FACTOR_METALS_TO_JNK_SIGNALING_PATHWAY	8	6		
KEGG_MEDICUS_ENV_FACTOR_METALS_TO_KEAP1_NRF2_SIGNALIG_PATHWAY	9	6		
KEGG_MEDICUS_ENV_FACTOR_METALS_TO_NFKB_SIGNALING_PATHWAY	15	14		
KEGG_MEDICUS_ENV_FACTOR_METALS_TO_RAS_ERK_SIGNALING_PATHWAY	12	10		
KEGG_MEDICUS_ENV_FACTOR_NICOTINE_NNK_TO_PI3K_SIGNALING_PATHWAY	11	11		
KEGG_MEDICUS_ENV_FACTOR_NICOTINE_TO_JAK_STAT_SIGNALING_PATHWAY	5	5		
KEGG_MEDICUS_ENV_FACTOR_NNK_NNN_TO_CHRNA7_E2F_SIGNALING_PATHWAY	10	10		
KEGG_MEDICUS_ENV_FACTOR_NNK_NNN_TO_PI3K_SIGNALING_PATHWAY_N01339	11	11		
KEGG_MEDICUS_ENV_FACTOR_NNK_NNN_TO_PI3K_SIGNALING_PATHWAY_N01350	12	10		
KEGG_MEDICUS_ENV_FACTOR_NNK_NNN_TO_RAS_ERK_SIGNALING_PATHWAY	19	17		
KEGG_MEDICUS_ENV_FACTOR_NNK_TO_DNA_ADDUCTS	5		Rejected!	
KEGG_MEDICUS_ENV_FACTOR_PARAQUAT_TO_FAS_JNK_SIGNALING_PATHWAY	5	5		
KEGG_MEDICUS_ENV_FACTOR_PHIP_TO_DNA_ADDUCTS	5		Rejected!	
KEGG_MEDICUS_ENV_FACTOR_TCDD_TO_AHR_SIGNALING_PATHWAY	23	11		
KEGG_MEDICUS_ENV_FACTOR_ZN_TO_ANTEROGRADE_AXONAL_TRANSPORT	19	12		
KEGG_MEDICUS_PATHOGEN_ARSENIC_TO_ELECTRON_TRANSFER_IN_COMPLEX_II	6	6		
KEGG_MEDICUS_PATHOGEN_EBV_BARF1_TO_INTRINSIC_APOPTOTIC_PATHWAY	7	7		
KEGG_MEDICUS_PATHOGEN_EBV_EBNA1_TO_P53_MEDIATED_TRANSCRIPTION	10	10		
KEGG_MEDICUS_PATHOGEN_EBV_EBNA2_TO_RBP_JK_MEDIATED_TRANSCRIPTION	7	5		
KEGG_MEDICUS_PATHOGEN_EBV_EBNA3C_TO_CELL_CYCLE_G1_S_N00483	9	9		
KEGG_MEDICUS_PATHOGEN_EBV_EBNA3C_TO_CELL_CYCLE_G1_S_N00484	5	5		
KEGG_MEDICUS_PATHOGEN_EBV_EBNA3C_TO_P27_CELL_CYCLE_G1_S_N00264	11	11		
KEGG_MEDICUS_PATHOGEN_EBV_EBNA3C_TO_P27_CELL_CYCLE_G1_S_N00482	9	9		
KEGG_MEDICUS_PATHOGEN_EBV_EBNA3C_TO_P53_MEDIATED_TRANSCRIPTION	10	10		
KEGG_MEDICUS_PATHOGEN_EBV_LMP1_TO_NFKB_SIGNALING_PATHWAY	11	10		
KEGG_MEDICUS_PATHOGEN_EBV_LMP1_TO_PI3K_SIGNALING_PATHWAY	5	5		
KEGG_MEDICUS_PATHOGEN_EBV_LMP2A_TO_PI3K_SIGNALING_PATHWAY	5	5		
KEGG_MEDICUS_PATHOGEN_ESCHERICHIA_EAE_TIR_TCCP_TO_ACTIN_SIGNALING_PATHWAY	14	14		
KEGG_MEDICUS_PATHOGEN_ESCHERICHIA_EAE_TIR_TO_ACTIN_SIGNALING_PATHWAY	17	17		
KEGG_MEDICUS_PATHOGEN_ESCHERICHIA_ESPG_TO_MICROTUBULE_RHOA_SIGNALING_PATHWAY	17	10		
KEGG_MEDICUS_PATHOGEN_ESCHERICHIA_ESPJ_TO_IGG_FCGR_RAC_SIGNALING_PATHWAY	5		Rejected!	
KEGG_MEDICUS_PATHOGEN_ESCHERICHIA_ESPT_TO_RAC_SIGNALING_PATHWAY	14	14		
KEGG_MEDICUS_PATHOGEN_ESCHERICHIA_MAP_TO_CDC42_SIGNALING_PATHWAY	13	13		
KEGG_MEDICUS_PATHOGEN_ESCHERICHIA_MAP_TO_LPA_GNA12_13_RHOA_SIGNALING_PATHWAY	5		Rejected!	
KEGG_MEDICUS_PATHOGEN_ESCHERICHIA_TIR_TO_TLR2_4_MAPK_SIGNALING_PATHWAY	5	5		
KEGG_MEDICUS_PATHOGEN_HBV_HBX_TO_CREB_MEDIATED_TRANSCRIPTION	13	12		
KEGG_MEDICUS_PATHOGEN_HBV_HBX_TO_ERK_SIGNALING_PATHWAY	5		Rejected!	
KEGG_MEDICUS_PATHOGEN_HBV_HBX_TO_RAS_ERK_SIGNALING_PATHWAY	15	15		
KEGG_MEDICUS_PATHOGEN_HBV_LHBS_TO_PKC_ERK_SIGNALING_PATHWAY	12	10		
KEGG_MEDICUS_PATHOGEN_HCMV_GB_TO_PDGFR_RAS_ERK_SIGNALING_PATHWAY	15	14		
KEGG_MEDICUS_PATHOGEN_HCMV_GH_TO_ITGA_B_RHOA_SIGNALING_PATHWAY	7	7		
KEGG_MEDICUS_PATHOGEN_HCMV_UL33_TO_GNAI_AC_PKA_SIGNALING_PATHWAY	26	23		
KEGG_MEDICUS_PATHOGEN_HCMV_UL33_TO_GNAQ_PLCB_G_CALCINEURIN_SIGNALING_PATHWAY	6	6		
KEGG_MEDICUS_PATHOGEN_HCMV_UL33_TO_GNB_G_RHO_SIGNALING_PATHWAY	33	31		
KEGG_MEDICUS_PATHOGEN_HCMV_US27_TO_CXCR4_GNB_G_PLCB_PKC_SIGNALING_PATHWAY	8	8		
KEGG_MEDICUS_PATHOGEN_HCMV_US28_TO_GNA12_13_RHO_SIGNALING_PATHWAY	13	12		
KEGG_MEDICUS_PATHOGEN_HCMV_US28_TO_GNAQ_PLCB_G_CALCINEURIN_SIGNALING_PATHWAY	19	17		
KEGG_MEDICUS_PATHOGEN_HCMV_US28_TO_GNB_G_PI3K_NFKB_SIGNALING_PATHWAY	31	26		
KEGG_MEDICUS_PATHOGEN_HCV_CORE_TO_ERK_SIGNALING_PATHWAY	13	13		
KEGG_MEDICUS_PATHOGEN_HCV_CORE_TO_RXRA_LXRA_MEDIATED_TRANSCRIPTION	6	6		
KEGG_MEDICUS_PATHOGEN_HCV_CORE_TO_RXRA_PPARA_MEDIATED_TRANSCRIPTION	5	5		
KEGG_MEDICUS_PATHOGEN_HIV_GP120_TO_CXCR4_GNAI_PI3K_BAD_SIGNALING_PATHWAY	12	11		
KEGG_MEDICUS_PATHOGEN_HIV_GP120_TO_CXCR4_GNAQ_PLCB_G_CALCINEURIN	17	16		
KEGG_MEDICUS_PATHOGEN_HIV_GP120_TO_CXCR4_GNB_G_RAC_SIGNALING_PATHWAY	26	23		
KEGG_MEDICUS_PATHOGEN_HIV_GP120_TO_TNF_NFKB_SIGNALING_PATHWAY	15	14		
KEGG_MEDICUS_PATHOGEN_HIV_NEF_TO_TNF_NFKB_SIGNALING_PATHWAY	14	13		
KEGG_MEDICUS_PATHOGEN_HIV_TAT_NEF_TO_CROSSTALK_BETWEEN_EXTRINSIC_AND_INTRINSIC_APOPTOTIC_PATHWAYS	8	8		
KEGG_MEDICUS_PATHOGEN_HIV_TAT_TO_TLR2_4_NFKB_SIGNALING_PATHWAY	17		Rejected!	
KEGG_MEDICUS_PATHOGEN_HIV_VPR_TAT_TO_TNF_JNK_SIGNALING_PATHWAY	5		Rejected!	
KEGG_MEDICUS_PATHOGEN_HIV_VPR_TO_CDC25_CELL_CYCLE_G2M	11	11		
KEGG_MEDICUS_PATHOGEN_HIV_VPR_TO_WEE1_CELL_CYCLE_G2M	5	5		
KEGG_MEDICUS_PATHOGEN_HPV_E5_TO_ANTIGEN_PROCESSING_AND_PRESENTATION_BY_MHC_CLASS_I_MOLECULES	7		Rejected!	
KEGG_MEDICUS_PATHOGEN_HPV_E5_TO_EGFR_RAS_ERK_SIGNALING_PATHWAY	15	15		
KEGG_MEDICUS_PATHOGEN_HPV_E6_TO_NOTCH_SIGNALING_PATHWAY_N00380	12	12		
KEGG_MEDICUS_PATHOGEN_HPV_E6_TO_NOTCH_SIGNALING_PATHWAY_N00381	12	12		
KEGG_MEDICUS_PATHOGEN_HPV_E6_TO_NOTCH_SIGNALING_PATHWAY_N00382	13	13		
KEGG_MEDICUS_PATHOGEN_HPV_E7_TO_CELL_CYCLE_G1_S	6	6		
KEGG_MEDICUS_PATHOGEN_HPV_E7_TO_P27_CELL_CYCLE_G1_S	7	7		
KEGG_MEDICUS_PATHOGEN_HSV_GD_TO_HVEM_NFKB_SIGNALING_PATHWAY	12	11		
KEGG_MEDICUS_PATHOGEN_HTLV_1_P12_TO_ANTIGEN_PROCESSING_AND_PRESENTATION_BY_MHC_CLASS_I_MOLECULES	7		Rejected!	
KEGG_MEDICUS_PATHOGEN_HTLV_1_P12_TO_JAK_STAT_SIGNALING_PATHWAY	7	6		
KEGG_MEDICUS_PATHOGEN_HTLV_1_TAX_TO_E47_MEDIATED_TRANSCRIPTION	5	5		
KEGG_MEDICUS_PATHOGEN_HTLV_1_TAX_TO_NFY_MEDIATED_TRANSCRIPTION	15		Rejected!	
KEGG_MEDICUS_PATHOGEN_HTLV_1_TAX_TO_P21_CELL_CYCLE_G1_S_N00497	9	9		
KEGG_MEDICUS_PATHOGEN_HTLV_1_TAX_TO_P21_CELL_CYCLE_G1_S_N00498	8	8		
KEGG_MEDICUS_PATHOGEN_HTLV_1_TAX_TO_SPINDLE_ASSEMBLY_CHECKPOINT_SIGNALING	16	15		
KEGG_MEDICUS_PATHOGEN_HTLV_1_TAX_TO_SRF_MEDIATED_TRANSCRIPTION	5		Rejected!	
KEGG_MEDICUS_PATHOGEN_HTLV_1_TAX_TO_TNF_JNK_SIGNALING_PATHWAY	5		Rejected!	
KEGG_MEDICUS_PATHOGEN_KSHV_K15_TO_TNF_NFKB_SIGNALING_PATHWAY	8	7		
KEGG_MEDICUS_PATHOGEN_KSHV_LANA_TO_WNT_SIGNALING_PATHWAY	7	6		
KEGG_MEDICUS_PATHOGEN_KSHV_MIR1_2_TO_ANTIGEN_PROCESSING_AND_PRESENTATION_BY_MHC_CLASS_I_MOLECULES	6		Rejected!	
KEGG_MEDICUS_PATHOGEN_KSHV_MIR2_TO_CELL_SURFACE_MOLECULE_ENDOCYTOSIS	6		Rejected!	
KEGG_MEDICUS_PATHOGEN_KSHV_VCYCLIN_TO_CELL_CYCLE_G1_S	6	6		
KEGG_MEDICUS_PATHOGEN_KSHV_VFLIP_TO_NFKB_SIGNALING_PATHWAY	6	5		
KEGG_MEDICUS_PATHOGEN_KSHV_VFLIP_TO_TNF_NFKB_SIGNALING_PATHWAY	7	6		
KEGG_MEDICUS_PATHOGEN_KSHV_VGPCR_TO_GNB_G_ERK_SIGNALING_PATHWAY	31	27		
KEGG_MEDICUS_PATHOGEN_KSHV_VGPCR_TO_GNB_G_PI3K_AKT_SIGNALING_PATHWAY	24	22		
KEGG_MEDICUS_PATHOGEN_KSHV_VGPCR_TO_GNB_G_PI3K_JNK_SIGNALING_PATHWAY	29	25		
KEGG_MEDICUS_PATHOGEN_SALMONELLA_AVRA_TO_BETA_CATENIN_SIGNALING_PATHWAY	6	5		
KEGG_MEDICUS_PATHOGEN_SALMONELLA_SIFA_TO_MICROTUBULE_PLUS_END_DIRECTED_TRANSPORT	25	18		
KEGG_MEDICUS_PATHOGEN_SALMONELLA_SIFA_TO_TETHERING_OF_LATE_ENDOSOMES_AND_LYSOSOMES	9	9		
KEGG_MEDICUS_PATHOGEN_SALMONELLA_SOPB_TO_ARNO_ARF_ACTB_G_SIGNALING_PATHWAY	30	30		
KEGG_MEDICUS_PATHOGEN_SALMONELLA_SOPB_TO_RHOA_SIGNALING_PATHWAY	10	7		
KEGG_MEDICUS_PATHOGEN_SALMONELLA_SOPB_TO_RHOG_SIGNALING_PATHWAY	5		Rejected!	
KEGG_MEDICUS_PATHOGEN_SALMONELLA_SOPE_E2_TO_NOD_NFKB_SIGNALING_PATHWAY	9	8		
KEGG_MEDICUS_PATHOGEN_SALMONELLA_SOPE_TO_RAC_SIGNALING_PATHWAY	20	20		
KEGG_MEDICUS_PATHOGEN_SALMONELLA_SPVD_TO_TNF_NFKB_SIGNALING_PATHWAY	5	5		
KEGG_MEDICUS_PATHOGEN_SARS_COV_2_S_N_TO_LECTIN_PATHWAY_OF_COAGULATION_CASCADE	6		Rejected!	
KEGG_MEDICUS_PATHOGEN_SARS_COV_2_S_TO_ANGII_AT1R_NOX2_SIGNALING_PATHWAY	14	8		
KEGG_MEDICUS_PATHOGEN_SARS_COV_2_S_TO_CLASSICAL_PATHWAY_OF_COMPLEMENT_CASCADE	6	5		
KEGG_MEDICUS_PATHOGEN_SHIGELLA_FIMA_TO_CROSSTALK_BETWEEN_EXTRINSIC_AND_INTRINSIC_APOPTOTIC_PATHWAYS	6	6		
KEGG_MEDICUS_PATHOGEN_SHIGELLA_IPAA_TO_ITGA_B_RHOGEF_RHOA_SIGNALING_PATHWAY	11	8		
KEGG_MEDICUS_PATHOGEN_SHIGELLA_IPAB_C_D_TO_ITGA_B_TALIN_VINCULIN_SIGNALING_PATHWAY	9	9		
KEGG_MEDICUS_PATHOGEN_SHIGELLA_IPAC_TO_ACTIN_SIGNALING_PATHWAY	13	13		
KEGG_MEDICUS_PATHOGEN_SHIGELLA_IPAH7.8_TO_NLRP3_INFLAMMASOME_SIGNALING_PATHWAY	5		Rejected!	
KEGG_MEDICUS_PATHOGEN_SHIGELLA_IPGB1_TO_ITGA_B_RHOG_RAC_SIGNALING_PATHWAY	5		Rejected!	
KEGG_MEDICUS_PATHOGEN_SHIGELLA_IPGD_TO_ARNO_ARF_ACTB_G_SIGNALING_PATHWAY	29	29		
KEGG_MEDICUS_PATHOGEN_SHIGELLA_OSPF_TO_TLR2_4_MAPK_SIGNALING_PATHWAY	6	6		
KEGG_MEDICUS_PATHOGEN_SHIGELLA_OSPG_TO_TNF_NFKB_SIGNALING_PATHWAY	7	7		
KEGG_MEDICUS_PATHOGEN_YERSINIA_YOPH_TO_TCR_NFAT_SIGNALING_PATHWAY	5		Rejected!	
KEGG_MEDICUS_PATHOGEN_YERSINIA_YOPP_J_TO_TLR2_4_MAPK_SIGNALING_PATHWAY	6	6		
KEGG_MEDICUS_REFERENCE_26S_PROTEASOME_MEDIATED_PROTEIN_DEGRADATION	39	39		
KEGG_MEDICUS_REFERENCE_ACH_CHRN_PI3K_SIGNALING_PATHWAY	7	7		
KEGG_MEDICUS_REFERENCE_ACH_CHRN_RAS_ERK_SIGNALING_PATHWAY	21	21		
KEGG_MEDICUS_REFERENCE_ACTH_CORTISOL_SIGNALING_PATHWAY	32	26		
KEGG_MEDICUS_REFERENCE_ACTIVATION_OF_PRC2.2_BY_UBIQUITINATION_OF_H2AK119	22	22		
KEGG_MEDICUS_REFERENCE_ACTIVATION_OF_PRC2.2_BY_UBIQUITINATION_OF_H2AK119_IN_GERMLINE_GENES	27	27		
KEGG_MEDICUS_REFERENCE_ACTIVIN_SIGNALING_PATHWAY	8	8		
KEGG_MEDICUS_REFERENCE_ADRB3_UCP1_SIGNALING_PATHWAY	35	31		
KEGG_MEDICUS_REFERENCE_AGE_RAGE_SIGNALING_PATHWAY	16	14		
KEGG_MEDICUS_REFERENCE_AHR_SIGNALING_PATHWAY	8	5		
KEGG_MEDICUS_REFERENCE_ALTERNATIVE_PATHWAY_OF_COMPLEMENT_CASCADE_C3B_BREAKDOWN	5		Rejected!	
KEGG_MEDICUS_REFERENCE_AMH_SIGNALING_PATHWAY	9	9		
KEGG_MEDICUS_REFERENCE_ANGII_AT1R_NOX2_SIGNALING_PATHWAY	8	7		
KEGG_MEDICUS_REFERENCE_ANGIOTENSIN_ALDOSTERONE_SIGNALING_PATHWAY	28	27		
KEGG_MEDICUS_REFERENCE_ANTEROGRADE_AXONAL_TRANSPORT	24	17		
KEGG_MEDICUS_REFERENCE_ANTIGEN_PROCESSING_AND_PRESENTATION_BY_MHC_CLASS_II_MOLECULES	15		Rejected!	
KEGG_MEDICUS_REFERENCE_ANTIGEN_PROCESSING_AND_PRESENTATION_BY_MHC_CLASS_I_MOLECULES	12	5		
KEGG_MEDICUS_REFERENCE_ANXA2_S100A10_REGULATED_ACTIN_CYTOSKELETON	5	5		
KEGG_MEDICUS_REFERENCE_AREG_EGFR_PI3K_SIGNALING_PATHWAY	11	11		
KEGG_MEDICUS_REFERENCE_AREG_EGFR_RAS_ERK_SIGNALING_PATHWAY	15	15		
KEGG_MEDICUS_REFERENCE_ARL8_REGULATED_MICROTUBULE_PLUS_END_DIRECTED_TRANSPORT	35	28		
KEGG_MEDICUS_REFERENCE_ARNO_ARF_ACTB_G_SIGNALING_PATHWAY	25	25		
KEGG_MEDICUS_REFERENCE_ASSEMBLY_AND_TRAFFICKING_OF_TELOMERASE	19	18		
KEGG_MEDICUS_REFERENCE_ATR_P21_CELL_CYCLE_G2_M	9	9		
KEGG_MEDICUS_REFERENCE_ATR_SIGNALING	12	11		
KEGG_MEDICUS_REFERENCE_AUTOPHAGOSOME_AND_LYSOSOME_FUSION_TETHERING_FACTOR	16	15		
KEGG_MEDICUS_REFERENCE_AUTOPHAGOSOME_AND_LYSOSOME_FUSION_TETHERING_FACTOR_GRASP55	6		Rejected!	
KEGG_MEDICUS_REFERENCE_AUTOPHAGOSOME_AND_LYSOSOME_FUSION_TRANS_SNARE	5	5		
KEGG_MEDICUS_REFERENCE_AUTOPHAGY_VESICLE_NUCLEATION_ELONGATION_MATURATION_E3_UBIQUITIN_LIGASE_MALIN	7	7		
KEGG_MEDICUS_REFERENCE_AUTOPHAGY_VESICLE_NUCLEATION_ELONGATION_MATURATION_LC3_II_FORMATION	13	12		
KEGG_MEDICUS_REFERENCE_AUTOPHAGY_VESICLE_NUCLEATION_ELONGATION_MATURATION_MTORC1_PI3KC3_C1	16	15		
KEGG_MEDICUS_REFERENCE_AUTOPHAGY_VESICLE_NUCLEATION_ELONGATION_MATURATION_PACER_RUBCN_PI3KC3_C2	7	7		
KEGG_MEDICUS_REFERENCE_AUTOPHAGY_VESICLE_NUCLEATION_ELONGATION_MATURATION_PI3P_SYNTHESIS_BY_PI3KC3_C1	10	9		
KEGG_MEDICUS_REFERENCE_AUTOPHAGY_VESICLE_NUCLEATION_ELONGATION_MATURATION_SEQUESTOSOME_1_LIKE_RECEPTOR	14	13		
KEGG_MEDICUS_REFERENCE_AVP_V2R_PKA_SIGNALING_PATHWAY	10	5		
KEGG_MEDICUS_REFERENCE_BASE_EXCISION_AND_STRAND_CLEAVAGE_BY_BIFUNCTIONAL_GLYCOSYLASE	9	9		
KEGG_MEDICUS_REFERENCE_BASE_EXCISION_AND_STRAND_CLEAVAGE_BY_MONOFUNCTIONAL_GLYCOSYLASE	8	8		
KEGG_MEDICUS_REFERENCE_BASE_EXCISION_AND_STRAND_CLEAVAGE_BY_NEIL_GLYCOSYLASE	9	9		
KEGG_MEDICUS_REFERENCE_BCR_BCAP_CD19_PI3K_SIGNALING_PATHWAY	15	11		
KEGG_MEDICUS_REFERENCE_BCR_PLCG_CALCINEURIN_SIGNALING_PATHWAY	18	16		
KEGG_MEDICUS_REFERENCE_BCR_PLCG_ITPR_SIGNALING_PATHWAY	9	7		
KEGG_MEDICUS_REFERENCE_BETA_OXIDATION	11	11		
KEGG_MEDICUS_REFERENCE_BETA_OXIDATION_ACYL_COA_SYNTHESIS	11	10		
KEGG_MEDICUS_REFERENCE_BETA_OXIDATION_PEROXISOME_VLCFA	5	5		
KEGG_MEDICUS_REFERENCE_BILE_ACID_BIOSYNTHESIS	14	13		
KEGG_MEDICUS_REFERENCE_BLOCKING_UBIQUITINATION_OF_H2AK119_BY_CK2	12	12		
KEGG_MEDICUS_REFERENCE_BLOOD_GROUP_H_O_ANTIGEN_TYPE_1_BIOSYNTHESIS	6	5		
KEGG_MEDICUS_REFERENCE_BLOOD_GROUP_H_O_ANTIGEN_TYPE_2_BIOSYNTHESIS	7	7		
KEGG_MEDICUS_REFERENCE_BMP15_SIGNALING_PATHWAY	7	6		
KEGG_MEDICUS_REFERENCE_BMP9_10_SIGNALING_PATHWAY	9	8		
KEGG_MEDICUS_REFERENCE_BMP_HAMP_SIGNALING_PATHWAY	11	10		
KEGG_MEDICUS_REFERENCE_BMP_HAMP_SIGNALING_PATHWAY_AUXILIARY_FACTOR	7	7		
KEGG_MEDICUS_REFERENCE_BMP_SIGNALING_PATHWAY	20	16		
KEGG_MEDICUS_REFERENCE_BMP_SIGNALING_PATHWAY_BMP_ANTAGONIST	15	10		
KEGG_MEDICUS_REFERENCE_BRANCHING_MICROTUBULE_NUCLEATION	33	23		
KEGG_MEDICUS_REFERENCE_BREAK_INDUCED_REPLICATION	8	6		
KEGG_MEDICUS_REFERENCE_C9ORF72_MEDIATED_AUTOPHAGY_INITIATION	8	6		
KEGG_MEDICUS_REFERENCE_CA2_CAM_CAMK_SIGNALING_PATHWAY	19	16		
KEGG_MEDICUS_REFERENCE_CA2_CAM_CN_SIGNALING_PATHWAY	12	12		
KEGG_MEDICUS_REFERENCE_CA2_CAM_VGCC_RYR_SIGNALING_PATHWAY	11	11		
KEGG_MEDICUS_REFERENCE_CA2_ENTRY_LIGAND_GATED_CA2_CHANNEL	12	12		
KEGG_MEDICUS_REFERENCE_CA2_ENTRY_STORE_OPERATED_CA2_CHANNEL	5	5		
KEGG_MEDICUS_REFERENCE_CA2_ENTRY_VOLTAGE_GATED_CA2_CHANNEL	25	20		
KEGG_MEDICUS_REFERENCE_CA2_PLCD_ITPR_SIGNALING_PATHWAY	6	6		
KEGG_MEDICUS_REFERENCE_CA2_PYK2_RAS_ERK_SIGNALING_PATHWAY	15	15		
KEGG_MEDICUS_REFERENCE_CARDIAC_TYPE_VGCC_RYR_SIGNALING	21	17		
KEGG_MEDICUS_REFERENCE_CASR_PTH_SIGNALING_PATHWAY	7	7		
KEGG_MEDICUS_REFERENCE_CCR2_GNB_G_PI3K_NFKB_SIGNALING_PATHWAY	31	28		
KEGG_MEDICUS_REFERENCE_CCR5_GNB_G_PLCB_G_PKC_SIGNALING_PATHWAY	26	24		
KEGG_MEDICUS_REFERENCE_CCR_CXCR_GNB_G_PI3K_RAC_SIGNALING_PATHWAY	31	25		
KEGG_MEDICUS_REFERENCE_CD40_NFKB_SIGNALING_PATHWAY	8	7		
KEGG_MEDICUS_REFERENCE_CD80_CD86_CD28_PI3K_SIGNALING_PATHWAY	10	9		
KEGG_MEDICUS_REFERENCE_CD80_CD86_CTLA4_PP2A_SIGNALING_PATHWAY	22	20		
KEGG_MEDICUS_REFERENCE_CDC25_CELL_CYCLE_G2_M	10	10		
KEGG_MEDICUS_REFERENCE_CENPE_INTERACTION_WITH_NDC80_COMPLEX	12	12		
KEGG_MEDICUS_REFERENCE_CGAS_STING_SIGNALING_PATHWAY	18	5		
KEGG_MEDICUS_REFERENCE_CHOLESTEROL_BIOSYNTHESIS	13	13		
KEGG_MEDICUS_REFERENCE_CHONDROITIN_SULFATE_BIOSYNTHESIS	8	7		
KEGG_MEDICUS_REFERENCE_CHRNA7_E2F_SIGNALING_PATHWAY	6	6		
KEGG_MEDICUS_REFERENCE_CITRATE_CYCLE_FIRST_CARBON_OXIDATION	9	9		
KEGG_MEDICUS_REFERENCE_CITRATE_CYCLE_SECOND_CARBON_OXIDATION_2	10	10		
KEGG_MEDICUS_REFERENCE_CLASSICAL_PATHWAY_OF_COMPLEMENT_CASCADE_C4_C2_TO_C3_CONVERTASE_FORMATION	8	6		
KEGG_MEDICUS_REFERENCE_COHESIN_ACETYLATION	5	5		
KEGG_MEDICUS_REFERENCE_COHESIN_DISSOCIATION_IN_ANAPHASE	16	16		
KEGG_MEDICUS_REFERENCE_COHESIN_DISSOCIATION_IN_PROPHASE	16	16		
KEGG_MEDICUS_REFERENCE_COHESIN_LOADING	9	9		
KEGG_MEDICUS_REFERENCE_COMMON_PATHWAY_OF_COMPLEMENT_CASCADE_MAC_FORMATION	7		Rejected!	
KEGG_MEDICUS_REFERENCE_CONDENSIN_LOADING	20	20		
KEGG_MEDICUS_REFERENCE_COPII_VESICLE_FORMATION	12	12		
KEGG_MEDICUS_REFERENCE_COPI_VESICLE_FORMATION	23	22		
KEGG_MEDICUS_REFERENCE_CORE_NER_REACTION	29	25		
KEGG_MEDICUS_REFERENCE_CREATINE_PATHWAY	7		Rejected!	
KEGG_MEDICUS_REFERENCE_CRHR_PKA_ACTH_SIGNALING_PATHWAY	27	24		
KEGG_MEDICUS_REFERENCE_CROSSTALK_BETWEEN_EXTRINSIC_AND_INTRINSIC_APOPTOTIC_PATHWAYS	15	14		
KEGG_MEDICUS_REFERENCE_CX3CR1_GNAI_AC_PKA_SIGNALING_PATHWAY	17	14		
KEGG_MEDICUS_REFERENCE_CXCL12_CXCR4_PKC_ERK_SIGNALING_PATHAWAY	19	18		
KEGG_MEDICUS_REFERENCE_CXCR4_GNA12_13_RHO_SIGNALING_PATHWAY	9	8		
KEGG_MEDICUS_REFERENCE_CXCR4_GNAI_PI3K_BAD_SIGNALING_PATHWAY	12	11		
KEGG_MEDICUS_REFERENCE_CXCR4_GNAQ_PLCB_G_CALCINEURIN_SIGNALING_PATHWAY	21	20		
KEGG_MEDICUS_REFERENCE_CXCR4_GNB_G_PLCB_PKC_SIGNALING_PATHWAY	31	28		
KEGG_MEDICUS_REFERENCE_CXCR4_GNB_G_RAC_SIGNALING_PATHWAY	26	23		
KEGG_MEDICUS_REFERENCE_CXCR_GNB_G_ERK_SIGNALING_PATHWAY	27	24		
KEGG_MEDICUS_REFERENCE_CXCR_GNB_G_PI3K_AKT_SIGNALING_PATHWAY	26	23		
KEGG_MEDICUS_REFERENCE_CYTOKINE_JAK_STAT_SIGNALING_PATHWAY	45	35		
KEGG_MEDICUS_REFERENCE_DEPHOSPHORYLATION_OF_KINETOCHORE	12	12		
KEGG_MEDICUS_REFERENCE_DERMATAN_SULFATE_DEGRADATION	8	7		
KEGG_MEDICUS_REFERENCE_DEUBIQUITINATION_OF_H2AK119	26	25		
KEGG_MEDICUS_REFERENCE_DISASSEMBLY_OF_MCC	17	16		
KEGG_MEDICUS_REFERENCE_DNA_DEGRADATION_BY_EXTRACELLULAR_ENDOLYSOSOMAL_DNASE	7	5		
KEGG_MEDICUS_REFERENCE_DNA_END_RESECTION_AND_RPA_LOADING	18	17		
KEGG_MEDICUS_REFERENCE_DNA_REPLICATION_LICENSING	24	23		
KEGG_MEDICUS_REFERENCE_DNA_REPLICATION_TERMINATION	21	19		
KEGG_MEDICUS_REFERENCE_DOUBLE_HOLLIDAY_JUNCTION_RESOLUTION	6	5		
KEGG_MEDICUS_REFERENCE_DOUBLE_STRAND_BREAK_SIGNALING	13	13		
KEGG_MEDICUS_REFERENCE_DRD1_GNAS_AC_PKA_SIGNALING_PATHWAY	16	15		
KEGG_MEDICUS_REFERENCE_DYNEIN_RECRUITMENT_TO_THE_KINETOCHORE	30	30		
KEGG_MEDICUS_REFERENCE_E2_ER_RAS_ERK_SIGNALING_PATHWAY	23	23		
KEGG_MEDICUS_REFERENCE_EARLY_ENDOSOMAL_FUSION	8	8		
KEGG_MEDICUS_REFERENCE_EGF_EGFR_ACTIN_SIGNALING_PATHWAY	21	21		
KEGG_MEDICUS_REFERENCE_EGF_EGFR_PI3K_NFKB_SIGNALING_PATHWAY	14	13		
KEGG_MEDICUS_REFERENCE_EGF_EGFR_PI3K_SIGNALING_PATHWAY	9	9		
KEGG_MEDICUS_REFERENCE_EGF_EGFR_PLCG_CALCINEURIN_SIGNALING_PATHWAY	16	16		
KEGG_MEDICUS_REFERENCE_EGF_EGFR_PLCG_CAMK_SIGNALING_PATHWAY	15	14		
KEGG_MEDICUS_REFERENCE_EGF_EGFR_PLCG_ERK_SIGNALING_PATHWAY	15	15		
KEGG_MEDICUS_REFERENCE_EGF_EGFR_RAS_ERK_SIGNALING_PATHWAY	16	16		
KEGG_MEDICUS_REFERENCE_EGF_EGFR_RAS_JNK_SIGNALING_PATHWAY	13	13		
KEGG_MEDICUS_REFERENCE_EGF_EGFR_RAS_PI3K_SIGNALING_PATHWAY	15	15		
KEGG_MEDICUS_REFERENCE_EGF_EGFR_RAS_RALGDS_SIGNALING_PATHWAY	11	11		
KEGG_MEDICUS_REFERENCE_EGF_EGFR_RAS_RASSF1_SIGNALING_PATHWAY	11	11		
KEGG_MEDICUS_REFERENCE_EGF_ERBB2_RAS_ERK_SIGNALING_PATHWAY	16	16		
KEGG_MEDICUS_REFERENCE_EGF_JAK_STAT_SIGNALING_PATHWAY	7	7		
KEGG_MEDICUS_REFERENCE_ELECTRON_TRANSFER_IN_COMPLEX_I	44	36		
KEGG_MEDICUS_REFERENCE_ELECTRON_TRANSFER_IN_COMPLEX_III	11	8		
KEGG_MEDICUS_REFERENCE_ELECTRON_TRANSFER_IN_COMPLEX_IV	19	8		
KEGG_MEDICUS_REFERENCE_EP_NE_ADRB_CAMP_SIGNALING_PATHWAY	15	12		
KEGG_MEDICUS_REFERENCE_EREG_EGFR_PI3K_SIGNALING_PATHWAY	11	11		
KEGG_MEDICUS_REFERENCE_EREG_EGFR_RAS_ERK_SIGNALING_PATHWAY	15	15		
KEGG_MEDICUS_REFERENCE_ERK_RSK_SIGNALING	6	5		
KEGG_MEDICUS_REFERENCE_ESTABLISHMENT_OF_COHESION	7	7		
KEGG_MEDICUS_REFERENCE_EXTRINSIC_APOPTOTIC_PATHWAY	10	9		
KEGG_MEDICUS_REFERENCE_FANCONI_ANEMIA_PATHWAY	19	19		
KEGG_MEDICUS_REFERENCE_FASLG_RIPK1_3_SIGNALING_PATHWAY	5	5		
KEGG_MEDICUS_REFERENCE_FAS_JNK_SIGNALING_PATHWAY	7	7		
KEGG_MEDICUS_REFERENCE_FE3_FERRITIN_TRANSPORT	5		Rejected!	
KEGG_MEDICUS_REFERENCE_FE_TF_TRANSPORT	7	6		
KEGG_MEDICUS_REFERENCE_FGF_FGFR_PI3K_SIGNALING_PATHWAY	31	24		
KEGG_MEDICUS_REFERENCE_FGF_FGFR_RAS_ERK_SIGNALING_PATHWAY	35	28		
KEGG_MEDICUS_REFERENCE_FLCN_MTORC1_SIGNALING_PATHWAY	14	13		
KEGG_MEDICUS_REFERENCE_FLT3LG_FLT3_RAS_ERK_SIGNALING_PATHWAY	15	15		
KEGG_MEDICUS_REFERENCE_FLT3LG_FLT3_RAS_PI3K_SIGNALING_PATHWAY	15	15		
KEGG_MEDICUS_REFERENCE_FSHR_GNAS_PKA_SIGNALING_PATHWAY	16	11		
KEGG_MEDICUS_REFERENCE_GATOR1_MTORC1_SIGNALING_PATHWAY	14	13		
KEGG_MEDICUS_REFERENCE_GENE_SILENCING_BY_METHYLATION_OF_H3K27_AND_UBIQUITINATION_OF_H2AK119	40	38		
KEGG_MEDICUS_REFERENCE_GF_RTK_PI3K_SIGNALING_PATHWAY	83	70		
KEGG_MEDICUS_REFERENCE_GF_RTK_RAS_ERK_SIGNALING_PATHWAY	92	77		
KEGG_MEDICUS_REFERENCE_GF_RTK_RAS_PI3K_SIGNALING_PATHWAY	89	76		
KEGG_MEDICUS_REFERENCE_GHRHR_PKA_GH_SIGNALING_PATHWAY	28	22		
KEGG_MEDICUS_REFERENCE_GH_JAK_STAT_SIGNALING_PATHWAY	7		Rejected!	
KEGG_MEDICUS_REFERENCE_GLOBAL_GENOME_NER	18	16		
KEGG_MEDICUS_REFERENCE_GLUCONEOGENESIS	5	5		
KEGG_MEDICUS_REFERENCE_GLUTATHIONE_BIOSYNTHESIS	11	11		
KEGG_MEDICUS_REFERENCE_GLYCOGEN_BIOSYNTHESIS	6	5		
KEGG_MEDICUS_REFERENCE_GLYCOGEN_DEGRADATION	9	8		
KEGG_MEDICUS_REFERENCE_GLYCOGEN_DEGRADATION_AMYLASE_	9		Rejected!	
KEGG_MEDICUS_REFERENCE_GLYCOLYSIS	25	21		
KEGG_MEDICUS_REFERENCE_GLYCOSAMINOGLYCAN_BIOSYNTHESIS_LINKAGE_TETRASACCHARIDE	5	5		
KEGG_MEDICUS_REFERENCE_GNRH_GNRHR_PLCB_PKC_SIGNALING_PATHWAY	21	15		
KEGG_MEDICUS_REFERENCE_GPCR_PI3K_SIGNALING_PATHWAY	32	28		
KEGG_MEDICUS_REFERENCE_GPCR_PLCB_ITPR_SIGNALING_PATHWAY	50	43		
KEGG_MEDICUS_REFERENCE_GPI_ANCHOR_BIOSYNTHESIS	24	23		
KEGG_MEDICUS_REFERENCE_HEDGEHOG_SIGNALING_PATHWAY	14	12		
KEGG_MEDICUS_REFERENCE_HEDGEHOG_SIGNALING_PATHWAY_HH_LIGAND_SECRETION	6	6		
KEGG_MEDICUS_REFERENCE_HEDGEHOG_SIGNALING_PATHWAY_PTCH_CORECEPTOR	9	9		
KEGG_MEDICUS_REFERENCE_HEME_BIOSYNTHESIS	9	9		
KEGG_MEDICUS_REFERENCE_HEPARAN_SULFATE_BIOSYNTHESIS	11	10		
KEGG_MEDICUS_REFERENCE_HEPARAN_SULFATE_DEGRADATION	7	7		
KEGG_MEDICUS_REFERENCE_HGF_MET_PI3K_SIGNALING_PATHWAY	10	10		
KEGG_MEDICUS_REFERENCE_HGF_MET_RAS_ERK_SIGNALING_PATHWAY	15	15		
KEGG_MEDICUS_REFERENCE_HIF_1_SIGNALING_PATHWAY	9	9		
KEGG_MEDICUS_REFERENCE_HOMOLOGOUS_RECOMBINATION	33	31		
KEGG_MEDICUS_REFERENCE_HOMOLOGOUS_RECOMBINATION_IN_ICLR	16	15		
KEGG_MEDICUS_REFERENCE_HORMONE_LIKE_CYTOKINE_TO_JAK_STAT_SIGNALING_PATHWAY	17	13		
KEGG_MEDICUS_REFERENCE_HYDROLYSIS_OF_SPHINGOMYELIN	8	8		
KEGG_MEDICUS_REFERENCE_ICOSLG_ICOS_PI3K_SIGNALING_PATHWAY	9	7		
KEGG_MEDICUS_REFERENCE_IFN_RIPK1_3_SIGNALING_PATHWAY	31	19		
KEGG_MEDICUS_REFERENCE_IGF2_IGF1R_PI3K_SIGNALING_PATHWAY	11	10		
KEGG_MEDICUS_REFERENCE_IGF_IGF1R_PI3K_SIGNALING_PATHWAY	13	13		
KEGG_MEDICUS_REFERENCE_IGF_IGF1R_RAS_ERK_SIGNALING_PATHWAY	16	15		
KEGG_MEDICUS_REFERENCE_IGF_IGFR_PI3K_NFKB_SIGNALING_PATHWAY	14	13		
KEGG_MEDICUS_REFERENCE_IGG_FCGR_RAC_SIGNALING_PATHWAY	10	6		
KEGG_MEDICUS_REFERENCE_II_BLOOD_GROUP_ANTIGEN_BIOSYNTHESIS	7	6		
KEGG_MEDICUS_REFERENCE_IL10_FAMILY_TO_JAK_STAT_SIGNALING_PATHWAY	13	8		
KEGG_MEDICUS_REFERENCE_IL12_23_TO_JAK_STAT_SIGNALING_PATHWAY	10	7		
KEGG_MEDICUS_REFERENCE_IL1_IL1R_JNK_SIGNALING_PATHWAY	19	17		
KEGG_MEDICUS_REFERENCE_IL1_IL1R_P38_SIGNALING_PATHWAY	17	17		
KEGG_MEDICUS_REFERENCE_IL2_FAMILY_TO_JAK_STAT_SIGNALING_PATHWAY	23	15		
KEGG_MEDICUS_REFERENCE_IL6_FAMILY_TO_JAK_STAT_SIGNALING_PATHWAY	27	20		
KEGG_MEDICUS_REFERENCE_INACTIVATION_OF_CONDENSIN_I	6	6		
KEGG_MEDICUS_REFERENCE_INTRINSIC_APOPTOTIC_PATHWAY	13	12		
KEGG_MEDICUS_REFERENCE_IRE1A_JNK_SIGNALING_PATHWAY	7	6		
KEGG_MEDICUS_REFERENCE_ISOLEUCINE_DEGRADATION	10	10		
KEGG_MEDICUS_REFERENCE_ITGA_B_FAK_CDC42_SIGNALING_PATHWAY	26	25		
KEGG_MEDICUS_REFERENCE_ITGA_B_FAK_RAC_SIGNALING_PATHWAY	30	29		
KEGG_MEDICUS_REFERENCE_ITGA_B_RHOGAP_RHOA_SIGNALING_PATHWAY	23	22		
KEGG_MEDICUS_REFERENCE_ITGA_B_RHOGEF_RHOA_SIGNALING_PATHWAY	23	22		
KEGG_MEDICUS_REFERENCE_ITGA_B_RHOG_RAC_SIGNALING_PATHWAY	28	26		
KEGG_MEDICUS_REFERENCE_ITGA_B_TALIN_VINCULIN_SIGNALING_PATHWAY	30	29		
KEGG_MEDICUS_REFERENCE_KEAP1_NRF2_SIGNALING_PATHWAY	24	12		
KEGG_MEDICUS_REFERENCE_KERATAN_SULFATE_DEGRADATION	5	5		
KEGG_MEDICUS_REFERENCE_KINETOCHORE_FIBER_ORGANIZATION	23	16		
KEGG_MEDICUS_REFERENCE_KINETOCHORE_MICROTUBULE_ATTACHMENT	20	13		
KEGG_MEDICUS_REFERENCE_KISS1_KISS1R_PLCB_PKC_SIGNALING_PATHWAY	11	10		
KEGG_MEDICUS_REFERENCE_KITLG_KIT_PI3K_SIGNALING_PATHWAY	11	11		
KEGG_MEDICUS_REFERENCE_KITLG_KIT_RAS_ERK_SIGNALING_PATHWAY	15	15		
KEGG_MEDICUS_REFERENCE_LECTIN_PATHWAY_OF_COAGULATION_CASCADE_FIBRINOGEN_TO_FIBRIN	10	6		
KEGG_MEDICUS_REFERENCE_LECTIN_PATHWAY_OF_COAGULATION_CASCADE_PROTHROMBIN_TO_THROMBIN	8	5		
KEGG_MEDICUS_REFERENCE_LECTIN_PATHWAY_OF_COMPLEMENT_CASCADE_C4_C2_TO_C3_CONVERTASE_FORMATION	11	6		
KEGG_MEDICUS_REFERENCE_LESION_BYPASS_BY_TLS_AND_DSB_FORMATION	15	14		
KEGG_MEDICUS_REFERENCE_LEUCINE_DEGRADATION	7	7		
KEGG_MEDICUS_REFERENCE_LEWIS_X_ANTIGEN_BIOSYNTHESIS	5		Rejected!	
KEGG_MEDICUS_REFERENCE_LHCGR_GNAS_PKA_SIGNALING_PATHWAY	16	11		
KEGG_MEDICUS_REFERENCE_LIGHT_HVEM_NFKB_SIGNALING_PATHWAY	10	8		
KEGG_MEDICUS_REFERENCE_LOADING_OF_THE_SMC5_SMC6_COMPLEX	11	9		
KEGG_MEDICUS_REFERENCE_LONG_PATCH_BER	17	16		
KEGG_MEDICUS_REFERENCE_LPAR_GNB_G_RHO_SIGNALING_PATHWAY	23	20		
KEGG_MEDICUS_REFERENCE_LPA_GNA12_13_RHOA_SIGNALING_PATHWAY	13	12		
KEGG_MEDICUS_REFERENCE_LPA_GNAQ_11_RHOA_SIGNALING_PATHWAY	9	8		
KEGG_MEDICUS_REFERENCE_LYSOSOMAL_CA2_RELEASE	10	10		
KEGG_MEDICUS_REFERENCE_MACHR_CA2_APOPTOTIC_PATHWAY	20	20		
KEGG_MEDICUS_REFERENCE_MAGI_PTEN_SIGNALING_PATHWAY	6	6		
KEGG_MEDICUS_REFERENCE_MANNOSE_TYPE_O_GLYCAN_BIOSYNTHESIS_FKTN_TO_LARGE	6	6		
KEGG_MEDICUS_REFERENCE_MANNOSE_TYPE_O_GLYCAN_BIOSYNTHESIS_POMT_TO_POMK	5	5		
KEGG_MEDICUS_REFERENCE_MDA5_IRF7_3_SIGNALING_PATHWAY	24	10		
KEGG_MEDICUS_REFERENCE_MDM2_P21_CELL_CYCLE_G1_S_N00066	13	12		
KEGG_MEDICUS_REFERENCE_MDM2_P21_CELL_CYCLE_G1_S_N00536	11	10		
KEGG_MEDICUS_REFERENCE_MEMBRANE_INITIATED_PROGESTERONE_SIGNALING_PATHWAY	9	9		
KEGG_MEDICUS_REFERENCE_METHIONINE_DEGRADATION	10	9		
KEGG_MEDICUS_REFERENCE_MEVALONATE_PATHWAY	12	9		
KEGG_MEDICUS_REFERENCE_MGLUR1_TRPC3_SIGNALING_PATHWAY	13	13		
KEGG_MEDICUS_REFERENCE_MGLUR5_CA2_APOPTOTIC_PATHWAY	22	22		
KEGG_MEDICUS_REFERENCE_MICROTUBULE_DEPOLYMERIZATION	23	16		
KEGG_MEDICUS_REFERENCE_MICROTUBULE_DEPOLYMERIZATION_AT_THE_MINUS_ENDS	20	13		
KEGG_MEDICUS_REFERENCE_MICROTUBULE_NUCLEATION	28	19		
KEGG_MEDICUS_REFERENCE_MICROTUBULE_RHOA_SIGNALING_PATHWAY	21	14		
KEGG_MEDICUS_REFERENCE_MISMATCH_REPAIR	26	25		
KEGG_MEDICUS_REFERENCE_MITOCHONDRIAL_COMPLEX_UCP1_IN_THERMOGENESIS	62	56		
KEGG_MEDICUS_REFERENCE_MLK_JNK_SIGNALING_PATHWAY	12	12		
KEGG_MEDICUS_REFERENCE_MODIFYING_OF_CONDENSIN_II_SUBUNITS	6	6		
KEGG_MEDICUS_REFERENCE_MODIFYING_OF_CONDENSIN_I_SUBUNITS	5	5		
KEGG_MEDICUS_REFERENCE_MYOSTATIN_SIGNALING_PATHWAY	8	8		
KEGG_MEDICUS_REFERENCE_NAD_BIOSYNTHESIS	12	11		
KEGG_MEDICUS_REFERENCE_NALP12_INFLAMMASOME_SIGNALING_PATHWAY	5		Rejected!	
KEGG_MEDICUS_REFERENCE_NLRC4_INFLAMMASOME_SIGNALING_PATHWAY	5		Rejected!	
KEGG_MEDICUS_REFERENCE_NLRP1_INFLAMMASOME_SIGNALING_PATHWAY	5		Rejected!	
KEGG_MEDICUS_REFERENCE_NLRP3_INFLAMMASOME_SIGNALING_PATHWAY	6	5		
KEGG_MEDICUS_REFERENCE_NODAL_SIGNALING_PATHWAY	8	8		
KEGG_MEDICUS_REFERENCE_NOD_NFKB_SIGNALING_PATHWAY	9	7		
KEGG_MEDICUS_REFERENCE_NON_CANONICAL_INFLAMMASOME_SIGNALING_PATHWAY	7	5		
KEGG_MEDICUS_REFERENCE_NON_HOMOLOGOUS_END_JOINING	13	12		
KEGG_MEDICUS_REFERENCE_NOTCH_LIGAND_UBIQUITYLATION	9	9		
KEGG_MEDICUS_REFERENCE_NOTCH_MESP2_SIGNALING	6	5		
KEGG_MEDICUS_REFERENCE_NOTCH_PROTEOLYTIC_ACTIVATION	11	11		
KEGG_MEDICUS_REFERENCE_NOTCH_SIGNALING_PATHWAY	13	13		
KEGG_MEDICUS_REFERENCE_NRG_ERBB4_PI3K_SIGNALING_PATHWAY	11	10		
KEGG_MEDICUS_REFERENCE_NUCLEAR_EXPORT_OF_MRNA	30	29		
KEGG_MEDICUS_REFERENCE_NUCLEAR_INITIATED_ESTROGEN_SIGNALING_PATHWAY	11	10		
KEGG_MEDICUS_REFERENCE_NUCLEAR_INITIATED_PROGESTERONE_SIGNALING_PATHWAY	5	5		
KEGG_MEDICUS_REFERENCE_N_GLYCAN_BIOSYNTHESIS	16	14		
KEGG_MEDICUS_REFERENCE_N_GLYCAN_PRECURSOR_BIOSYNTHESIS_ALG6_TO_OST	11	9		
KEGG_MEDICUS_REFERENCE_N_GLYCAN_PRECURSOR_BIOSYNTHESIS_ALG7_TO_ALG11	6	6		
KEGG_MEDICUS_REFERENCE_N_GLYCAN_PRECURSOR_BIOSYNTHESIS_GLC_6P_TO_MAN_P_DOL	9	9		
KEGG_MEDICUS_REFERENCE_OKAZAKI_FRAGMENT_MATURATION	11	10		
KEGG_MEDICUS_REFERENCE_ORGANIZATION_OF_THE_INNER_KINETOCHORE	17	16		
KEGG_MEDICUS_REFERENCE_ORGANIZATION_OF_THE_OUTER_KINETOCHORE	19	18		
KEGG_MEDICUS_REFERENCE_ORIGIN_UNWINDING_AND_ELONGATION	30	28		
KEGG_MEDICUS_REFERENCE_P15_CELL_CYCLE_G1_S	13	13		
KEGG_MEDICUS_REFERENCE_P16_CELL_CYCLE_G1_S	10	9		
KEGG_MEDICUS_REFERENCE_P27_CELL_CYCLE_G1_S	14	14		
KEGG_MEDICUS_REFERENCE_P300_P21_CELL_CYCLE_G1_S	15	15		
KEGG_MEDICUS_REFERENCE_P4_PR_PI3K_SIGNALING_PATHWAY	8	8		
KEGG_MEDICUS_REFERENCE_P4_PR_RAS_ERK_SIGNALING_PATHWAY	16	16		
KEGG_MEDICUS_REFERENCE_PDGF_PDGFR_PI3K_SIGNALING_PATHWAY	13	12		
KEGG_MEDICUS_REFERENCE_PDGF_PDGFR_PLCG_CAMK_SIGNALING_PATHWAY	17	15		
KEGG_MEDICUS_REFERENCE_PDGF_PDGFR_RAS_ERK_SIGNALING_PATHWAY	17	16		
KEGG_MEDICUS_REFERENCE_PDL_PD1_SHP_PI3K_SIGNALING_PATHWAY	9	8		
KEGG_MEDICUS_REFERENCE_PINK_PARKIN_MEDIATED_AUTOPHAGOSOME_FORMATION	17	16		
KEGG_MEDICUS_REFERENCE_PKA_HOLOENZYME	7	6		
KEGG_MEDICUS_REFERENCE_PKR_EIF2ALPHA_SIGNALING_PATHWAY	7	7		
KEGG_MEDICUS_REFERENCE_PLASMIN_MEDIATED_ACTIVATION_OF_LATENT_TGF_BETA	8	6		
KEGG_MEDICUS_REFERENCE_PP2A_AKT_SIGNALING_PATHWAY	19	18		
KEGG_MEDICUS_REFERENCE_PRE_IC_FORMATION	27	26		
KEGG_MEDICUS_REFERENCE_PRL_JAK_STAT_SIGNALING_PATHWAY	5	5		
KEGG_MEDICUS_REFERENCE_PRNP_PI3K_NOX2_SIGNALING_PATHWAY	29	27		
KEGG_MEDICUS_REFERENCE_PROK_PRKR_GI_ERK_SIGNALING_PATHWAY	9	8		
KEGG_MEDICUS_REFERENCE_PROMOTION_OF_MICROTUBULE_GROWTH	22	15		
KEGG_MEDICUS_REFERENCE_PTH_PTH1R_PKA_SIGNALING_PATHWAY	15	11		
KEGG_MEDICUS_REFERENCE_PURINE_SALVAGE_PATHWAY_ADENINE_TO_AMP	11	9		
KEGG_MEDICUS_REFERENCE_PURINE_SALVAGE_PATHWAY_HYPOXANTHINE_GUANINE_TO_IMP_GMP	11	9		
KEGG_MEDICUS_REFERENCE_PYRIN_INFLAMMASOME_SIGNALING_PATHWAY	5		Rejected!	
KEGG_MEDICUS_REFERENCE_RAB7_REGULATED_MICROTUBULE_MINUS_END_DIRECTED_TRANSPORT	43	36		
KEGG_MEDICUS_REFERENCE_RAC_CDC42_PAK_ERK_SIGNALING_PATHWAY	10	10		
KEGG_MEDICUS_REFERENCE_RAD51_DSDNA_DESTABILIZATION	11	10		
KEGG_MEDICUS_REFERENCE_RECRUITMENT_AND_FORMATION_OF_THE_MCC	10	9		
KEGG_MEDICUS_REFERENCE_REGULATION_OF_COMPLEMENT_CASCADE_CFHR	6		Rejected!	
KEGG_MEDICUS_REFERENCE_REGULATION_OF_COMPLEMENT_CASCADE_MAC_INHIBITION	9	6		
KEGG_MEDICUS_REFERENCE_REGULATION_OF_EXTRINSIC_APOPTOTIC_PATHWAY_XIAP	5	5		
KEGG_MEDICUS_REFERENCE_REGULATION_OF_FIBRINOLYTIC_SYSTEM_C1INH	6	6		
KEGG_MEDICUS_REFERENCE_REGULATION_OF_FIBRINOLYTIC_SYSTEM_PAI	6		Rejected!	
KEGG_MEDICUS_REFERENCE_REGULATION_OF_GF_RTK_RAS_ERK_SIGNALING_MRAS_SHOC2_PP1_HOLOPHOSPHATASE	8	8		
KEGG_MEDICUS_REFERENCE_REGULATION_OF_GF_RTK_RAS_ERK_SIGNALING_PATHWAY_ADAPTOR_PROTEINS	10	10		
KEGG_MEDICUS_REFERENCE_REGULATION_OF_GF_RTK_RAS_ERK_SIGNALING_PTP	20	18		
KEGG_MEDICUS_REFERENCE_REGULATION_OF_GF_RTK_RAS_ERK_SIGNALING_RASGAP	8	7		
KEGG_MEDICUS_REFERENCE_REGULATION_OF_GF_RTK_RAS_ERK_SIGNALING_RAS_UBIQUITINATION_BY_CUL3_COMPLEX	6	6		
KEGG_MEDICUS_REFERENCE_REGULATION_OF_GF_RTK_RAS_ERK_SIGNALING_SPRED_AND_NF1	6	6		
KEGG_MEDICUS_REFERENCE_REGULATION_OF_GF_RTK_RAS_ERK_SIGNALING_UBIQUITINATION_OF_RTK_BY_CBL	25	23		
KEGG_MEDICUS_REFERENCE_REGULATION_OF_NLRP3_INFLAMMASOME_SIGNALING_PATHWAY_NLRP3_INHIBITION	5		Rejected!	
KEGG_MEDICUS_REFERENCE_REGULATION_OF_SERCA	8		Rejected!	
KEGG_MEDICUS_REFERENCE_REGULATION_OF_TNF_NFKB_SIGNALING_PATHWAY_LUBAC_MEDIATED_LINEAR_UBIQUITINATION	6	5		
KEGG_MEDICUS_REFERENCE_RELN_VLDLR_PI3K_SIGNALING_PATHWAY	15	15		
KEGG_MEDICUS_REFERENCE_RETROGRADE_AXONAL_TRANSPORT	43	36		
KEGG_MEDICUS_REFERENCE_RIG_I_IRF7_3_SIGNALING_PATHWAY	24	9		
KEGG_MEDICUS_REFERENCE_RIG_I_NFKB_SIGNALING_PATHWAY	22	7		
KEGG_MEDICUS_REFERENCE_RORA_MEDIATED_TRANSCRIPTION	5	5		
KEGG_MEDICUS_REFERENCE_RTK_PLCG_ITPR_SIGNALING_PATHWAY	55	45		
KEGG_MEDICUS_REFERENCE_SEROTONIN_METABOLISM	5		Rejected!	
KEGG_MEDICUS_REFERENCE_SIALYL_LEWIS_X_ANTIGEN_BIOSYNTHESIS	6		Rejected!	
KEGG_MEDICUS_REFERENCE_SKELETAL_TYPE_VGCC_RYR_SIGNALING	21	17		
KEGG_MEDICUS_REFERENCE_SPINDLE_ASSEMBLY_CHECKPOINT_SIGNALING	21	19		
KEGG_MEDICUS_REFERENCE_STEROID_HORMONE_BIOSYNTHESIS_PROGESTERONE_TO_CORTISOL_CORTISONE	5		Rejected!	
KEGG_MEDICUS_REFERENCE_STRAD_STK11_TSC_SIGNALING_PATHWAY	8	8		
KEGG_MEDICUS_REFERENCE_TAC3_TACR3_PLC_PKC_SIGNALING_PATHWAY	10	9		
KEGG_MEDICUS_REFERENCE_TBK1_MEDIATED_AUTOPHAGOSOME_FORMATION	10	9		
KEGG_MEDICUS_REFERENCE_TCR_PLCG_ITPR_SIGNALING_PATHWAY	19	17		
KEGG_MEDICUS_REFERENCE_TELOMERASE_RNA_MATURATION	5		Rejected!	
KEGG_MEDICUS_REFERENCE_TELOMERE_ELONGATION	19	17		
KEGG_MEDICUS_REFERENCE_TESTOSTERONE_BIOSYNTHESIS	11	10		
KEGG_MEDICUS_REFERENCE_TETHERING_OF_LATE_ENDOSOMES_AND_LYSOSOMES	10	10		
KEGG_MEDICUS_REFERENCE_TGFA_EGFR_PI3K_SIGNALING_PATHWAY	9	9		
KEGG_MEDICUS_REFERENCE_TGFA_EGFR_PLCG_PKC_SIGNALING_PATHWAY	8	8		
KEGG_MEDICUS_REFERENCE_TGFA_EGFR_RAS_ERK_SIGNALING_PATHWAY	15	15		
KEGG_MEDICUS_REFERENCE_TGF_BETA_SIGNALING_PATHWAY	8	8		
KEGG_MEDICUS_REFERENCE_THYROID_HORMONE_SIGNALING_PATHWAY	9	7		
KEGG_MEDICUS_REFERENCE_TIGHT_JUNCTION_ACTIN_SIGNALING_PATHWAY	37	30		
KEGG_MEDICUS_REFERENCE_TLR1_2_4_NFKB_SIGNALING_PATHWAY	20	15		
KEGG_MEDICUS_REFERENCE_TLR2_4_MAPK_SIGNALING_PATHWAY	26	24		
KEGG_MEDICUS_REFERENCE_TLR3_IRF3_SIGNALING_PATHWAY	9	8		
KEGG_MEDICUS_REFERENCE_TLR3_IRF7_SIGNALING_PATHWAY	19	6		
KEGG_MEDICUS_REFERENCE_TLR3_NFKB_SIGNALING_PATHWAY	10	9		
KEGG_MEDICUS_REFERENCE_TLR4_IRF3_7_SIGNALING_PATHWAY	9	7		
KEGG_MEDICUS_REFERENCE_TLR5_NFKB_SIGNALING_PATHWAY	17	12		
KEGG_MEDICUS_REFERENCE_TLR7_8_9_IRF5_SIGNALING_PATHWAY	22	9		
KEGG_MEDICUS_REFERENCE_TLR7_9_IRF7_SIGNALING_PATHWAY	20	6		
KEGG_MEDICUS_REFERENCE_TNFSF10_RIPK1_3_SIGNALING_PATHWAY	5		Rejected!	
KEGG_MEDICUS_REFERENCE_TNF_JNK_SIGNALING_PATHWAY	16	13		
KEGG_MEDICUS_REFERENCE_TNF_NFKB_SIGNALING_PATHWAY	16	14		
KEGG_MEDICUS_REFERENCE_TNF_P38_SIGNALING_PATHWAY	24	23		
KEGG_MEDICUS_REFERENCE_TNF_RIPK1_3_SIGNALING_PATHWAY	7	6		
KEGG_MEDICUS_REFERENCE_TRAIP_DEPENDENT_REPLISOME_DISASSEMBLY	16	15		
KEGG_MEDICUS_REFERENCE_TRANSCRIPTIONAL_ACTIVATION_BY_ACETYLATION_OF_H3K27	15	14		
KEGG_MEDICUS_REFERENCE_TRANSCRIPTION_COUPLED_NER	31	27		
KEGG_MEDICUS_REFERENCE_TRANSLATION_INITIATION	81	74		
KEGG_MEDICUS_REFERENCE_TRANSPORT_OF_CALCIUM	5	5		
KEGG_MEDICUS_REFERENCE_TRAPPI_RAB1_SIGNALING_PATHWAY	9	8		
KEGG_MEDICUS_REFERENCE_TRH_TRHR_PLCB_PKC_SIGNALING_PATHWAY	12	12		
KEGG_MEDICUS_REFERENCE_TSC1_2_MTORC1_SIGNALING_PATHWAY	11	10		
KEGG_MEDICUS_REFERENCE_TSH_DUOX2_TG_SIGNALING_PATHWAY	12	11		
KEGG_MEDICUS_REFERENCE_TSH_TG_SIGNALING_PATHWAY	29	26		
KEGG_MEDICUS_REFERENCE_TYPE_II_INTERFERON_TO_JAK_STAT_SIGNALING_PATHWAY	21	9		
KEGG_MEDICUS_REFERENCE_TYPE_I_IFN_SIGNALING_PATHWAY	23	9		
KEGG_MEDICUS_REFERENCE_TYPE_I_INTERFERON_TO_JAK_STAT_SIGNALING_PATHWAY	24	9		
KEGG_MEDICUS_REFERENCE_TYROSINE_DEGRADATION	5	5		
KEGG_MEDICUS_REFERENCE_UCHL1_MEDIATED_HYDROLYSIS	5	5		
KEGG_MEDICUS_REFERENCE_UREA_CYCLE	6	5		
KEGG_MEDICUS_REFERENCE_VALINE_DEGRADATION	8	8		
KEGG_MEDICUS_REFERENCE_VGCC_CA2_APOPTOTIC_PATHWAY	23	22		
KEGG_MEDICUS_REFERENCE_V_D_J_RECOMBINATION	12	10		
KEGG_MEDICUS_REFERENCE_WEE1_CELL_CYCLE_G2_M	7	7		
KEGG_MEDICUS_REFERENCE_WNT5A_ROR_SIGNALING_PATHWAY	16	15		
KEGG_MEDICUS_REFERENCE_WNT_SIGNALING_MODULATION_LGR_RSPO	19	17		
KEGG_MEDICUS_REFERENCE_WNT_SIGNALING_MODULATION_SOST_LRP4	14	13		
KEGG_MEDICUS_REFERENCE_WNT_SIGNALING_MODULATION_WNT_ACYLATION	19	17		
KEGG_MEDICUS_REFERENCE_WNT_SIGNALING_MODULATION_WNT_INHIBITOR	28	22		
KEGG_MEDICUS_REFERENCE_WNT_SIGNALING_PATHWAY	46	41		
KEGG_MEDICUS_VARIANT_AML1_ETO_FUSION_TO_PU.1_MEDIATED_TRANSCRIPTION	5	5		
KEGG_MEDICUS_VARIANT_AMPLIFIED_CCND1_TO_CELL_CYCLE_G1_S	6	6		
KEGG_MEDICUS_VARIANT_AMPLIFIED_CCNE_TO_CELL_CYCLE_G1_S	6	6		
KEGG_MEDICUS_VARIANT_AMPLIFIED_CDK4_TO_CELL_CYCLE_G1_S	8	8		
KEGG_MEDICUS_VARIANT_AMPLIFIED_EGFR_TO_PI3K_SIGNALING_PATHWAY	8	8		
KEGG_MEDICUS_VARIANT_AMPLIFIED_EGFR_TO_PLCG_CAMK_SIGNALING_PATHWAY	14	13		
KEGG_MEDICUS_VARIANT_AMPLIFIED_FGFR_TO_PI3K_SIGNALING_PATHWAY	9	9		
KEGG_MEDICUS_VARIANT_AMPLIFIED_FGFR_TO_RAS_ERK_SIGNALING_PATHWAY	15	15		
KEGG_MEDICUS_VARIANT_AMPLIFIED_MDM2_TO_P21_CELL_CYCLE_G1_S	12	12		
KEGG_MEDICUS_VARIANT_AMPLIFIED_MET_TO_PI3K_SIGNALING_PATHWAY	9	9		
KEGG_MEDICUS_VARIANT_AMPLIFIED_MYCN_TO_TRANSCRIPTIONAL_ACTIVATION	6	6		
KEGG_MEDICUS_VARIANT_AMPLIFIED_MYCN_TO_TRANSCRIPTIONAL_REPRESSION	6	6		
KEGG_MEDICUS_VARIANT_AMPLIFIED_MYC_TO_CELL_CYCLE_G1_S	11	11		
KEGG_MEDICUS_VARIANT_AMPLIFIED_MYC_TO_P27_CELL_CYCLE_G1_S	15	15		
KEGG_MEDICUS_VARIANT_AMPLIFIED_PDGFR_TO_PI3K_SIGNALING_PATHWAY	8	7		
KEGG_MEDICUS_VARIANT_AMPLIFIED_PDGFR_TO_PLCG_CAMK_SIGNALING_PATHWAY	14	12		
KEGG_MEDICUS_VARIANT_AMPLIFIED_PDGFR_TO_RAS_ERK_SIGNALING_PATHWAY	14	13		
KEGG_MEDICUS_VARIANT_AMPLIFIED_REL_TO_TRANSCRIPTION	8	7		
KEGG_MEDICUS_VARIANT_BCL2_OVEREXPRESSION_TO_INTRINSIC_APOPTOTIC_PATHWAY	7	7		
KEGG_MEDICUS_VARIANT_BCR_ABL_FUSION_KINASE_TO_PI3K_SIGNALING_PATHWAY	11	11		
KEGG_MEDICUS_VARIANT_BCR_ABL_FUSION_KINASE_TO_RAS_ERK_SIGNALING_PATHWAY	14	14		
KEGG_MEDICUS_VARIANT_CDH1_REDUCED_EXPRESSION_TO_BETA_CATENIN_SIGNALING_PATHWAY	8	7		
KEGG_MEDICUS_VARIANT_CDX2_OVEREXPRESSION_TO_TRANSCRIPTIONAL_ACTIVATION	5		Rejected!	
KEGG_MEDICUS_VARIANT_CYP11B1_CYP11B2_FUSION_TO_ACTH_CORTISOL_SIGNALING_PATHWAY	31	26		
KEGG_MEDICUS_VARIANT_DELETED_DMD_TO_DYSTROPHIN_ASSOCIATED_PROTEIN_COMPLEX	10	10		
KEGG_MEDICUS_VARIANT_DUPLICATION_OR_MUTATION_ACTIVATED_FLT3_TO_JAK_STAT_SIGNALING_PATHWAY	5	5		
KEGG_MEDICUS_VARIANT_DUPLICATION_OR_MUTATION_ACTIVATED_FLT3_TO_RAS_ERK_SIGNALING_PATHWAY	14	14		
KEGG_MEDICUS_VARIANT_DUPLICATION_OR_MUTATION_ACTIVATED_FLT3_TO_RAS_PI3K_SIGNALING_PATHWAY	14	14		
KEGG_MEDICUS_VARIANT_EGFR_OVEREXPRESSION_TO_PI3K_SIGNALING_PATHWAY	10	10		
KEGG_MEDICUS_VARIANT_EGF_OVEREXPRESSION_TO_PI3K_SIGNALING_PATHWAY	8	8		
KEGG_MEDICUS_VARIANT_EGF_OVEREXPRESSION_TO_RAS_ERK_SIGNALING_PATHWAY	15	15		
KEGG_MEDICUS_VARIANT_EML4_ALK_FUSION_KINASE_TO_JAK_STAT_SIGNALING_PATHWAY	5	5		
KEGG_MEDICUS_VARIANT_EML4_ALK_FUSION_KINASE_TO_PI3K_SIGNALING_PATHWAY	8	8		
KEGG_MEDICUS_VARIANT_EML4_ALK_FUSION_KINASE_TO_PLCG_ERK_SIGNALING_PATHWAY	14	14		
KEGG_MEDICUS_VARIANT_EML4_ALK_FUSION_KINASE_TO_RAS_ERK_SIGNALING_PATHWAY	12	12		
KEGG_MEDICUS_VARIANT_ERBB2_OVEREXPRESSION_TO_EGF_JAK_STAT_SIGNALING_PATHWAY	7	7		
KEGG_MEDICUS_VARIANT_ERBB2_OVEREXPRESSION_TO_PI3K_SIGNALING_PATHWAY	12	12		
KEGG_MEDICUS_VARIANT_ESR1_POSITIVE_TO_NUCLEAR_INITIATED_ESTROGEN_SIGNALING_PATHWAY	5	5		
KEGG_MEDICUS_VARIANT_EWSR1_WT1_FUSION_TO_TRANSCRIPTIONAL_ACTIVATION	6	6		
KEGG_MEDICUS_VARIANT_FUS_DDIT3_FUSION_TO_NFKB_MEDIATED_TRANSCRIPTION	5		Rejected!	
KEGG_MEDICUS_VARIANT_FZD7_OVEREXPRESSION_TO_WNT_SIGNALING_PATHWAY	37	33		
KEGG_MEDICUS_VARIANT_HRAS_OVEREXPRESSION_TO_ERK_SIGNALING_PATHWAY	10	10		
KEGG_MEDICUS_VARIANT_IGF2_OVEREXPRESSION_TO_RAS_ERK_SIGNALING_PATHWAY	15	14		
KEGG_MEDICUS_VARIANT_IGH_MMSET_FUSION_TO_TRANSCRIPTIONAL_ACTIVATION	19	13		
KEGG_MEDICUS_VARIANT_LMO2_REARRANGEMENT_TO_TRANSCRIPTIONAL_ACTIVATION	5		Rejected!	
KEGG_MEDICUS_VARIANT_LMO2_REARRANGEMENT_TO_TRANSCRIPTIONAL_REPRESSION	5		Rejected!	
KEGG_MEDICUS_VARIANT_LOSS_OF_CDKN1B_TO_P27_CELL_CYCLE_G1_S	8	8		
KEGG_MEDICUS_VARIANT_LOSS_OF_NKX3_1_TO_PI3K_SIGNALING_PATHWAY	5	5		
KEGG_MEDICUS_VARIANT_LOSS_OF_RASSF1_TO_RAS_RASSF1_SIGNALING_PATHWAY	6	6		
KEGG_MEDICUS_VARIANT_LOSS_OF_VHL_TO_HIF_1_SIGNALING_PATHWAY	14	14		
KEGG_MEDICUS_VARIANT_LRP6_OVEREXPRESSION_TO_WNT_SIGNALING_PATHWAY	45	40		
KEGG_MEDICUS_VARIANT_MET_OVEREXPRESSION_TO_RAS_ERK_SIGNALING_PATHWAY	14	14		
KEGG_MEDICUS_VARIANT_MLL_AF4_FUSION_TO_TRANSCRIPTIONAL_ACTIVATION	26	25		
KEGG_MEDICUS_VARIANT_MLL_ENL_FUSION_TO_TRANSCRIPTIONAL_ACTIVATION	13	11		
KEGG_MEDICUS_VARIANT_MUTATION_ACTIVATED_BRAF_TO_ERK_SIGNALING_PATHWAY	5	5		
KEGG_MEDICUS_VARIANT_MUTATION_ACTIVATED_CACNA1D_H_TO_ANGIOTENSIN_ALDOSTERONE_SIGNALING_PATHWAY	24	23		
KEGG_MEDICUS_VARIANT_MUTATION_ACTIVATED_EGFR_TO_PI3K_SIGNALING_PATHWAY	8	8		
KEGG_MEDICUS_VARIANT_MUTATION_ACTIVATED_EGFR_TO_PLCG_ERK_SIGNALING_PATHWAY	14	14		
KEGG_MEDICUS_VARIANT_MUTATION_ACTIVATED_EGFR_TO_RAS_ERK_SIGNALING_PATHWAY	15	15		
KEGG_MEDICUS_VARIANT_MUTATION_ACTIVATED_FGFR3_TO_RAS_ERK_SIGNALING_PATHWAY	16	16		
KEGG_MEDICUS_VARIANT_MUTATION_ACTIVATED_GNAS_TO_ACTH_CORTISOL_SIGNALING_PATHWAY	29	25		
KEGG_MEDICUS_VARIANT_MUTATION_ACTIVATED_GNAS_TO_CRHR_PKA_ACTH_SIGNALING_PATHWAY	24	21		
KEGG_MEDICUS_VARIANT_MUTATION_ACTIVATED_KCNJ5_TO_ANGIOTENSIN_ALDOSTERONE_SIGNALING_PATHWAY	25	23		
KEGG_MEDICUS_VARIANT_MUTATION_ACTIVATED_KIT_TO_PI3K_SIGNALING_PATHWAY	8	8		
KEGG_MEDICUS_VARIANT_MUTATION_ACTIVATED_KIT_TO_RAS_ERK_SIGNALING_PATHWAY	14	14		
KEGG_MEDICUS_VARIANT_MUTATION_ACTIVATED_KRAS_NRAS_TO_ERK_SIGNALING_PATHWAY	10	10		
KEGG_MEDICUS_VARIANT_MUTATION_ACTIVATED_KRAS_NRAS_TO_PI3K_SIGNALING_PATHWAY	9	9		
KEGG_MEDICUS_VARIANT_MUTATION_ACTIVATED_LRRK2_TO_INTRINSIC_APOPTOTIC_PATHWAY	5		Rejected!	
KEGG_MEDICUS_VARIANT_MUTATION_ACTIVATED_MET_TO_PI3K_SIGNALING_PATHWAY	9	9		
KEGG_MEDICUS_VARIANT_MUTATION_ACTIVATED_MET_TO_RAS_ERK_SIGNALING_PATHWAY	15	15		
KEGG_MEDICUS_VARIANT_MUTATION_ACTIVATED_PI3K_TO_PI3K_SIGNALING_PATHWAY	7	7		
KEGG_MEDICUS_VARIANT_MUTATION_ACTIVATED_PRKACA_TO_ACTH_CORTISOL_SIGNALING_PATHWAY	17	16		
KEGG_MEDICUS_VARIANT_MUTATION_ACTIVATED_PRKCG_TO_MGLUR1_TRPC3_SIGNALING_PATHWAY	11	11		
KEGG_MEDICUS_VARIANT_MUTATION_ACTIVATED_RET_TO_PI3K_SIGNALING_PATHWAY	8	7		
KEGG_MEDICUS_VARIANT_MUTATION_ACTIVATED_SMO_TO_HEDGEHOG_SIGNALING_PATHWAY	29	25		
KEGG_MEDICUS_VARIANT_MUTATION_ACTIVATED_USP8_TO_EGFR_ERK_ACTH_SIGNALING_PATHWAY	5	5		
KEGG_MEDICUS_VARIANT_MUTATION_CAUSED_ABBERANT_ATXN2_3_TO_MGLUR5_CA2_APOPTOTIC_PATHWAY	18	18		
KEGG_MEDICUS_VARIANT_MUTATION_CAUSED_ABERRANT_ABETA_TO_26S_PROTEASOME_MEDIATED_PROTEIN_DEGRADATION	36	36		
KEGG_MEDICUS_VARIANT_MUTATION_CAUSED_ABERRANT_ABETA_TO_AGE_RAGE_SIGNALING_PATHWAY	17	15		
KEGG_MEDICUS_VARIANT_MUTATION_CAUSED_ABERRANT_ABETA_TO_ANTEROGRADE_AXONAL_TRANSPORT	24	17		
KEGG_MEDICUS_VARIANT_MUTATION_CAUSED_ABERRANT_ABETA_TO_CROSSTALK_BETWEEN_EXTRINSIC_AND_INTRINSIC_APOPTOTIC_PATHWAYS	11	11		
KEGG_MEDICUS_VARIANT_MUTATION_CAUSED_ABERRANT_ABETA_TO_ELECTRON_TRANSFER_IN_COMPLEX_I	51	43		
KEGG_MEDICUS_VARIANT_MUTATION_CAUSED_ABERRANT_ABETA_TO_ELECTRON_TRANSFER_IN_COMPLEX_IV	20	9		
KEGG_MEDICUS_VARIANT_MUTATION_CAUSED_ABERRANT_ABETA_TO_IRE1A_JNK_SIGNALING_PATHWAY	6	6		
KEGG_MEDICUS_VARIANT_MUTATION_CAUSED_ABERRANT_ABETA_TO_MACHR_CA2_APOPTOTIC_PATHWAY	21	21		
KEGG_MEDICUS_VARIANT_MUTATION_CAUSED_ABERRANT_ABETA_TO_MGLUR5_CA2_APOPTOTIC_PATHWAY	22	22		
KEGG_MEDICUS_VARIANT_MUTATION_CAUSED_ABERRANT_ABETA_TO_TRANSPORT_OF_CALCIUM	15	15		
KEGG_MEDICUS_VARIANT_MUTATION_CAUSED_ABERRANT_ABETA_TO_VGCC_CA2_APOPTOTIC_PATHWAY_N01004	14	13		
KEGG_MEDICUS_VARIANT_MUTATION_CAUSED_ABERRANT_ABETA_TO_VGCC_CA2_APOPTOTIC_PATHWAY_N01006	10	10		
KEGG_MEDICUS_VARIANT_MUTATION_CAUSED_ABERRANT_ATXN1_TO_RORA_MEDIATED_TRANSCRIPTION	6	5		
KEGG_MEDICUS_VARIANT_MUTATION_CAUSED_ABERRANT_DCTN1_TO_RETROGRADE_AXONAL_TRANSPORT	18	11		
KEGG_MEDICUS_VARIANT_MUTATION_CAUSED_ABERRANT_HTT_TO_26S_PROTEASOME_MEDIATED_PROTEIN_DEGRADATION	36	36		
KEGG_MEDICUS_VARIANT_MUTATION_CAUSED_ABERRANT_HTT_TO_ANTEROGRADE_AXONAL_TRANSPORT	26	19		
KEGG_MEDICUS_VARIANT_MUTATION_CAUSED_ABERRANT_HTT_TO_AUTOPHAGY_VESICLE_NUCLEATION	6	6		
KEGG_MEDICUS_VARIANT_MUTATION_CAUSED_ABERRANT_HTT_TO_CREB_MEDIATED_TRANSCRIPTION	13	13		
KEGG_MEDICUS_VARIANT_MUTATION_CAUSED_ABERRANT_HTT_TO_ELECTRON_TRANSFER_IN_COMPLEX_II	5	5		
KEGG_MEDICUS_VARIANT_MUTATION_CAUSED_ABERRANT_HTT_TO_ELECTRON_TRANSFER_IN_COMPLEX_III	12	9		
KEGG_MEDICUS_VARIANT_MUTATION_CAUSED_ABERRANT_HTT_TO_EXTRINSIC_APOPTOTIC_PATHWAY	5	5		
KEGG_MEDICUS_VARIANT_MUTATION_CAUSED_ABERRANT_HTT_TO_MGLUR5_CA2_APOPTOTIC_PATHWAY	23	23		
KEGG_MEDICUS_VARIANT_MUTATION_CAUSED_ABERRANT_HTT_TO_REST_MEDIATED_TRANSCRIPTIONAL_REPRESSION	7	7		
KEGG_MEDICUS_VARIANT_MUTATION_CAUSED_ABERRANT_HTT_TO_RETROGRADE_AXONAL_TRANSPORT	45	38		
KEGG_MEDICUS_VARIANT_MUTATION_CAUSED_ABERRANT_HTT_TO_TNF_JNK_SIGNALING_PATHWAY	6	6		
KEGG_MEDICUS_VARIANT_MUTATION_CAUSED_ABERRANT_HTT_TO_TRANSPORT_OF_CALCIUM	19	19		
KEGG_MEDICUS_VARIANT_MUTATION_CAUSED_ABERRANT_PDYN_TO_TRANSPORT_OF_CALCIUM	6	6		
KEGG_MEDICUS_VARIANT_MUTATION_CAUSED_ABERRANT_PSEN1_TO_ANTEROGRADE_AXONAL_TRANSPORT	9	9		
KEGG_MEDICUS_VARIANT_MUTATION_CAUSED_ABERRANT_PSEN1_TO_MGLUR5_CA2_APOPTOTIC_PATHWAY	13	13		
KEGG_MEDICUS_VARIANT_MUTATION_CAUSED_ABERRANT_PSEN1_TO_PERK_ATF4_SIGNALING_PATHWAY	5	5		
KEGG_MEDICUS_VARIANT_MUTATION_CAUSED_ABERRANT_PSEN_TO_MGLUR5_CA2_APOPTOTIC_PATHWAY	16	16		
KEGG_MEDICUS_VARIANT_MUTATION_CAUSED_ABERRANT_SNCA_TO_26S_PROTEASOME_MEDIATED_PROTEIN_DEGRADATION	36	36		
KEGG_MEDICUS_VARIANT_MUTATION_CAUSED_ABERRANT_SNCA_TO_ANTEROGRADE_AXONAL_TRANSPORT	25	18		
KEGG_MEDICUS_VARIANT_MUTATION_CAUSED_ABERRANT_SNCA_TO_ELECTRON_TRANSFER_IN_COMPLEX_I	45	37		
KEGG_MEDICUS_VARIANT_MUTATION_CAUSED_ABERRANT_SNCA_TO_PERK_ATF4_SIGNALING_PATHWAY	6	6		
KEGG_MEDICUS_VARIANT_MUTATION_CAUSED_ABERRANT_SNCA_TO_VGCC_CA2_APOPTOTIC_PATHWAY	13	13		
KEGG_MEDICUS_VARIANT_MUTATION_CAUSED_ABERRANT_SOD1_TO_26S_PROTEASOME_MEDIATED_PROTEIN_DEGRADATION	41	41		
KEGG_MEDICUS_VARIANT_MUTATION_CAUSED_ABERRANT_SOD1_TO_INTRINSIC_APOPTOTIC_PATHWAY	8	8		
KEGG_MEDICUS_VARIANT_MUTATION_CAUSED_ABERRANT_SOD1_TO_PERK_ATF4_SIGNALING_PATHWAY	6	6		
KEGG_MEDICUS_VARIANT_MUTATION_CAUSED_ABERRANT_SOD1_TO_RETROGRADE_AXONAL_TRANSPORT	27	27		
KEGG_MEDICUS_VARIANT_MUTATION_CAUSED_ABERRANT_SPTBN2_TO_MGLUR1_TRPC3_SIGNALING_PATHWAY	10	10		
KEGG_MEDICUS_VARIANT_MUTATION_CAUSED_ABERRANT_TDP43_TO_ELECTRON_TRANSFER_IN_COMPLEX_I	45	37		
KEGG_MEDICUS_VARIANT_MUTATION_INACTIVATED_APC_TO_WNT_SIGNALING_PATHWAY	12	11		
KEGG_MEDICUS_VARIANT_MUTATION_INACTIVATED_ATP1A1_TO_ANGIOTENSIN_ALDOSTERONE_SIGNALING_PATHWAY	25	24		
KEGG_MEDICUS_VARIANT_MUTATION_INACTIVATED_ATP2B3_TO_ANGIOTENSIN_ALDOSTERONE_SIGNALING_PATHWAY	23	22		
KEGG_MEDICUS_VARIANT_MUTATION_INACTIVATED_ATXN3_TO_AUTOPHAGY_VESICLE_NUCLEATION	6	6		
KEGG_MEDICUS_VARIANT_MUTATION_INACTIVATED_AXIN_TO_WNT_SIGNALING_PATHWAY	10	9		
KEGG_MEDICUS_VARIANT_MUTATION_INACTIVATED_DJ1_TO_FAS_JNK_SIGNALING_PATWHAY	6	6		
KEGG_MEDICUS_VARIANT_MUTATION_INACTIVATED_ERBB4_TO_NRG_ERBB4_PI3K_SIGNALING_PATHWAY	5		Rejected!	
KEGG_MEDICUS_VARIANT_MUTATION_INACTIVATED_FGF17_TO_RAS_ERK_SIGNALING_PATHWAY	15	15		
KEGG_MEDICUS_VARIANT_MUTATION_INACTIVATED_OPTN_TO_PINK_PARKIN_MEDIATED_AUTOPHAGOSOME_FORMATION	9	9		
KEGG_MEDICUS_VARIANT_MUTATION_INACTIVATED_P62_TO_PINK_PARKIN_MEDIATED_AUTOPHAGOSOME_FORMATION	13	12		
KEGG_MEDICUS_VARIANT_MUTATION_INACTIVATED_PDE11A_PDE8B_TO_ACTH_CORTISOL_SIGNALING_PATHWAY	20	19		
KEGG_MEDICUS_VARIANT_MUTATION_INACTIVATED_PINK1_TO_ELECTRON_TRANSFER_IN_COMPLEX_I	45	37		
KEGG_MEDICUS_VARIANT_MUTATION_INACTIVATED_PINK1_TO_INTRINSIC_APOPTOTIC_PATHWAY_N01048	7	7		
KEGG_MEDICUS_VARIANT_MUTATION_INACTIVATED_PINK1_TO_INTRINSIC_APOPTOTIC_PATHWAY_N01050	7	7		
KEGG_MEDICUS_VARIANT_MUTATION_INACTIVATED_PRKAR1A_TO_ACTH_CORTISOL_SIGNALING_PATHWAY	18	17		
KEGG_MEDICUS_VARIANT_MUTATION_INACTIVATED_PRKN_TO_INTRINSIC_APOPTOTIC_PATHWAY	6	6		
KEGG_MEDICUS_VARIANT_MUTATION_INACTIVATED_PRKN_TO_MGLUR1_SIGNALING_PATHWAY	5	5		
KEGG_MEDICUS_VARIANT_MUTATION_INACTIVATED_PROK2_TO_PROK_PRKR_GI_ERK_SIGNALING_PATHWAY	8	8		
KEGG_MEDICUS_VARIANT_MUTATION_INACTIVATED_PROKR2_TO_PROK_PRKR_GI_ERK_SIGNALING_PATHWAY	8	7		
KEGG_MEDICUS_VARIANT_MUTATION_INACTIVATED_PTCH1_TO_HEDGEHOG_SIGNALING_PATHWAY	29	25		
KEGG_MEDICUS_VARIANT_MUTATION_INACTIVATED_RASD1_TO_CRHR_PKA_ACTH_SIGNALING_PATHWAY	27	24		
KEGG_MEDICUS_VARIANT_MUTATION_INACTIVATED_RUNX1_TO_TRANSCRIPTION	5		Rejected!	
KEGG_MEDICUS_VARIANT_MUTATION_INACTIVATED_SIGMAR1_TO_CA2_APOPTOTIC_PATHWAY	13	13		
KEGG_MEDICUS_VARIANT_MUTATION_INACTIVATED_TP53_TO_TRANSCRIPTION	9	9		
KEGG_MEDICUS_VARIANT_MUTATION_INACTIVATED_UBQLN2_TO_26S_PROTEASOME_MEDIATED_PROTEIN_DEGRADATION	40	40		
KEGG_MEDICUS_VARIANT_MUTATION_INACTIVATED_VCP_TO_26S_PROTEASOME_MEDIATED_PROTEIN_DEGRADATION	40	40		
KEGG_MEDICUS_VARIANT_NOTCH_OVEREXPRESSION_TO_NOTCH_SIGNALING_PATHWAY	16	15		
KEGG_MEDICUS_VARIANT_OLIGOMERIC_CONFORMATION_PRPC_TO_ANTEROGRADE_AXONAL_TRANSPORT	13	12		
KEGG_MEDICUS_VARIANT_PAX8_PPARG_FUSION_TO_PPARG_MEDIATED_TRANSCRIPTION	5	5		
KEGG_MEDICUS_VARIANT_RET_FUSION_KINASE_TO_RAS_ERK_SIGNALING_PATHWAY	11	10		
KEGG_MEDICUS_VARIANT_SCRAPIE_CONFORMATION_PRPSC_TO_26S_PROTEASOME_MEDIATED_PROTEIN_DEGRADATION	36	36		
KEGG_MEDICUS_VARIANT_SCRAPIE_CONFORMATION_PRPSC_TO_MGLUR5_CA2_APOPTOTIC_PATHWAY	19	19		
KEGG_MEDICUS_VARIANT_SCRAPIE_CONFORMATION_PRPSC_TO_PERK_ATF4_SIGNALING_PATHWAY	6	6		
KEGG_MEDICUS_VARIANT_SCRAPIE_CONFORMATION_PRPSC_TO_TRANSPORT_OF_CALCIUM	18	18		
KEGG_MEDICUS_VARIANT_SCRAPIE_CONFORMATION_PRPSC_TO_VGCC_CA2_APOPTOTIC_PATHWAY	6	5		
KEGG_MEDICUS_VARIANT_TEL_AML1_FUSION_TO_TRANSCRIPTIONAL_REPRESSION	11	7		
KEGG_MEDICUS_VARIANT_TGFA_OVEREXPRESSION_TO_PI3K_SIGNALING_PATHWAY	8	8		
KEGG_MEDICUS_VARIANT_TMPRSS2_ERG_FUSION_TO_TRANSCRIPTIONAL_ACTIVATION	7	6		
KEGG_MEDICUS_VARIANT_TRK_FUSION_KINASE_TO_RAS_ERK_SIGNALING_PATHWAY	11	11		
PID_A6B1_A6B4_INTEGRIN_PATHWAY	46	45		
PID_AJDISS_2PATHWAY	48	43		
PID_ALK1_PATHWAY	26	24		
PID_ALK2_PATHWAY	11	10		
PID_ALPHA_SYNUCLEIN_PATHWAY	32	29		
PID_AMB2_NEUTROPHILS_PATHWAY	41	36		
PID_ANGIOPOIETIN_RECEPTOR_PATHWAY	49	46		
PID_ANTHRAX_PATHWAY	18	15		
PID_AP1_PATHWAY	70	52		
PID_ARF6_DOWNSTREAM_PATHWAY	15	15		
PID_ARF6_PATHWAY	35	34		
PID_ARF6_TRAFFICKING_PATHWAY	49	46		
PID_ARF_3PATHWAY	19	19		
PID_AR_NONGENOMIC_PATHWAY	31	29		
PID_AR_PATHWAY	61	56		
PID_AR_TF_PATHWAY	53	46		
PID_ATF2_PATHWAY	59	50		
PID_ATM_PATHWAY	34	34		
PID_ATR_PATHWAY	39	37		
PID_AURORA_A_PATHWAY	31	31		
PID_AURORA_B_PATHWAY	39	38		
PID_AVB3_INTEGRIN_PATHWAY	74	67		
PID_AVB3_OPN_PATHWAY	31	28		
PID_BARD1_PATHWAY	29	29		
PID_BCR_5PATHWAY	63	58		
PID_BETA_CATENIN_DEG_PATHWAY	18	15		
PID_BETA_CATENIN_NUC_PATHWAY	80	61		
PID_BMP_PATHWAY	42	39		
PID_CASPASE_PATHWAY	51	47		
PID_CD40_PATHWAY	31	26		
PID_CD8_TCR_DOWNSTREAM_PATHWAY	65	42		
PID_CD8_TCR_PATHWAY	53	44		
PID_CDC42_PATHWAY	70	67		
PID_CDC42_REG_PATHWAY	30	28		
PID_CERAMIDE_PATHWAY	44	43		
PID_CIRCADIAN_PATHWAY	16	14		
PID_CMYB_PATHWAY	84	70		
PID_CONE_PATHWAY	23	20		
PID_CXCR3_PATHWAY	43	35		
PID_CXCR4_PATHWAY	100	94		
PID_DELTA_NP63_PATHWAY	47	43		
PID_DNA_PK_PATHWAY	16	15		
PID_E2F_PATHWAY	73	63		
PID_ECADHERIN_KERATINOCYTE_PATHWAY	21	21		
PID_ECADHERIN_NASCENT_AJ_PATHWAY	39	39		
PID_ECADHERIN_STABILIZATION_PATHWAY	41	38		
PID_ENDOTHELIN_PATHWAY	63	57		
PID_EPHA2_FWD_PATHWAY	19	19		
PID_EPHA_FWDPATHWAY	34	33		
PID_EPHB_FWD_PATHWAY	40	37		
PID_EPHRINB_REV_PATHWAY	30	26		
PID_EPO_PATHWAY	33	30		
PID_ERA_GENOMIC_PATHWAY	64	56		
PID_ERBB1_DOWNSTREAM_PATHWAY	105	97		
PID_ERBB1_INTERNALIZATION_PATHWAY	41	38		
PID_ERBB1_RECEPTOR_PROXIMAL_PATHWAY	35	34		
PID_ERBB2_ERBB3_PATHWAY	44	40		
PID_ERBB4_PATHWAY	38	36		
PID_ERBB_NETWORK_PATHWAY	15	14		
PID_ERB_GENOMIC_PATHWAY	15	13		
PID_ER_NONGENOMIC_PATHWAY	40	40		
PID_FAK_PATHWAY	59	58		
PID_FANCONI_PATHWAY	47	45		
PID_FAS_PATHWAY	38	35		
PID_FCER1_PATHWAY	60	50		
PID_FGF_PATHWAY	55	47		
PID_FOXM1_PATHWAY	40	38		
PID_FOXO_PATHWAY	49	49		
PID_FRA_PATHWAY	37	28		
PID_GLYPICAN_1PATHWAY	27	24		
PID_GMCSF_PATHWAY	36	33		
PID_HDAC_CLASSIII_PATHWAY	26	24		
PID_HDAC_CLASSII_PATHWAY	34	33		
PID_HDAC_CLASSI_PATHWAY	66	62		
PID_HEDGEHOG_2PATHWAY	22	20		
PID_HEDGEHOG_GLI_PATHWAY	48	44		
PID_HES_HEY_PATHWAY	48	44		
PID_HIF1A_PATHWAY	19	17		
PID_HIF1_TFPATHWAY	66	56		
PID_HIF2PATHWAY	34	32		
PID_HIV_NEF_PATHWAY	35	33		
PID_HNF3A_PATHWAY	44	30		
PID_HNF3B_PATHWAY	45	38		
PID_IFNG_PATHWAY	40	39		
PID_IGF1_PATHWAY	29	29		
PID_IL12_2PATHWAY	62	49		
PID_IL12_STAT4_PATHWAY	32	24		
PID_IL1_PATHWAY	34	30		
PID_IL23_PATHWAY	37	24		
PID_IL27_PATHWAY	26	19		
PID_IL2_1PATHWAY	55	50		
PID_IL2_PI3K_PATHWAY	34	32		
PID_IL2_STAT5_PATHWAY	30	25		
PID_IL3_PATHWAY	26	23		
PID_IL4_2PATHWAY	64	47		
PID_IL5_PATHWAY	14	13		
PID_IL6_7_PATHWAY	47	40		
PID_IL8_CXCR1_PATHWAY	28	27		
PID_IL8_CXCR2_PATHWAY	34	33		
PID_ILK_PATHWAY	45	42		
PID_INSULIN_GLUCOSE_PATHWAY	26	24		
PID_INSULIN_PATHWAY	44	43		
PID_INTEGRIN1_PATHWAY	66	59		
PID_INTEGRIN2_PATHWAY	29	20		
PID_INTEGRIN3_PATHWAY	43	35		
PID_INTEGRIN4_PATHWAY	11	10		
PID_INTEGRIN5_PATHWAY	17	15		
PID_INTEGRIN_A4B1_PATHWAY	33	30		
PID_INTEGRIN_A9B1_PATHWAY	25	23		
PID_INTEGRIN_CS_PATHWAY	26	24		
PID_KIT_PATHWAY	52	50		
PID_LIS1_PATHWAY	28	26		
PID_LKB1_PATHWAY	47	47		
PID_LPA4_PATHWAY	15	12		
PID_LYMPH_ANGIOGENESIS_PATHWAY	25	24		
PID_LYSOPHOSPHOLIPID_PATHWAY	65	57		
PID_MAPK_TRK_PATHWAY	34	32		
PID_MET_PATHWAY	79	75		
PID_MTOR_4PATHWAY	69	66		
PID_MYC_ACTIV_PATHWAY	79	73		
PID_MYC_PATHWAY	25	22		
PID_MYC_REPRESS_PATHWAY	63	56		
PID_NCADHERIN_PATHWAY	33	31		
PID_NECTIN_PATHWAY	30	30		
PID_NEPHRIN_NEPH1_PATHWAY	31	29		
PID_NETRIN_PATHWAY	32	32		
PID_NFAT_3PATHWAY	53	52		
PID_NFAT_TFPATHWAY	45	29		
PID_NFKAPPAB_ATYPICAL_PATHWAY	17	16		
PID_NFKAPPAB_CANONICAL_PATHWAY	23	19		
PID_NOTCH_PATHWAY	59	54		
PID_P38_ALPHA_BETA_DOWNSTREAM_PATHWAY	38	35		
PID_P38_ALPHA_BETA_PATHWAY	30	29		
PID_P38_GAMMA_DELTA_PATHWAY	11	11		
PID_P38_MK2_PATHWAY	21	21		
PID_P38_MKK3_6PATHWAY	26	26		
PID_P53_DOWNSTREAM_PATHWAY	137	116		
PID_P53_REGULATION_PATHWAY	59	57		
PID_P73PATHWAY	79	74		
PID_P75_NTR_PATHWAY	68	60		
PID_PDGFRA_PATHWAY	22	19		
PID_PDGFRB_PATHWAY	129	121		
PID_PI3KCI_AKT_PATHWAY	35	35		
PID_PI3KCI_PATHWAY	48	45		
PID_PI3K_PLC_TRK_PATHWAY	36	35		
PID_PLK1_PATHWAY	46	45		
PID_PRL_SIGNALING_EVENTS_PATHWAY	23	20		
PID_PS1_PATHWAY	46	41		
PID_PTP1B_PATHWAY	52	46		
PID_RAC1_PATHWAY	54	51		
PID_RAC1_REG_PATHWAY	38	37		
PID_RANBP2_PATHWAY	11	11		
PID_RAS_PATHWAY	30	25		
PID_RB_1PATHWAY	65	59		
PID_REELIN_PATHWAY	28	28		
PID_REG_GR_PATHWAY	82	69		
PID_RETINOIC_ACID_PATHWAY	30	30		
PID_RET_PATHWAY	39	35		
PID_RHOA_PATHWAY	45	41		
PID_RHOA_REG_PATHWAY	46	46		
PID_RHODOPSIN_PATHWAY	23	19		
PID_RXR_VDR_PATHWAY	26	25		
PID_S1P_META_PATHWAY	21	17		
PID_S1P_S1P1_PATHWAY	21	19		
PID_S1P_S1P2_PATHWAY	24	21		
PID_S1P_S1P3_PATHWAY	29	26		
PID_S1P_S1P4_PATHWAY	14	12		
PID_SHP2_PATHWAY	57	52		
PID_SMAD2_3NUCLEAR_PATHWAY	82	70		
PID_SMAD2_3PATHWAY	16	16		
PID_SYNDECAN_1_PATHWAY	46	38		
PID_SYNDECAN_2_PATHWAY	33	28		
PID_SYNDECAN_3_PATHWAY	17	15		
PID_SYNDECAN_4_PATHWAY	32	25		
PID_TAP63_PATHWAY	54	48		
PID_TCPTP_PATHWAY	42	40		
PID_TCR_CALCIUM_PATHWAY	28	19		
PID_TCR_JNK_PATHWAY	14	12		
PID_TCR_PATHWAY	64	57		
PID_TCR_RAS_PATHWAY	14	13		
PID_TELOMERASE_PATHWAY	67	63		
PID_TGFBR_PATHWAY	54	52		
PID_THROMBIN_PAR1_PATHWAY	43	41		
PID_THROMBIN_PAR4_PATHWAY	15	14		
PID_TNF_PATHWAY	46	43		
PID_TOLL_ENDOGENOUS_PATHWAY	24	21		
PID_TRAIL_PATHWAY	28	22		
PID_TRKR_PATHWAY	61	59		
PID_TXA2PATHWAY	56	53		
PID_UPA_UPAR_PATHWAY	42	33		
PID_VEGFR1_2_PATHWAY	69	68		
PID_VEGFR1_PATHWAY	26	26		
PID_VEGF_VEGFR_PATHWAY	10	10		
PID_WNT_CANONICAL_PATHWAY	20	17		
PID_WNT_NONCANONICAL_PATHWAY	32	30		
PID_WNT_SIGNALING_PATHWAY	28	24		
REACTOME_2_LTR_CIRCLE_FORMATION	7	7		
REACTOME_ABACAVIR_ADME	9	8		
REACTOME_ABACAVIR_TRANSMEMBRANE_TRANSPORT	5	5		
REACTOME_ABC_FAMILY_PROTEINS_MEDIATED_TRANSPORT	103	98		
REACTOME_ABC_TRANSPORTERS_IN_LIPID_HOMEOSTASIS	18	16		
REACTOME_ABC_TRANSPORTER_DISORDERS	78	75		
REACTOME_ABERRANT_REGULATION_OF_MITOTIC_EXIT_IN_CANCER_DUE_TO_RB1_DEFECTS	20	20		
REACTOME_ABERRANT_REGULATION_OF_MITOTIC_G1_S_TRANSITION_IN_CANCER_DUE_TO_RB1_DEFECTS	17	17		
REACTOME_ABORTIVE_ELONGATION_OF_HIV_1_TRANSCRIPT_IN_THE_ABSENCE_OF_TAT	23	23		
REACTOME_ACETYLCHOLINE_BINDING_AND_DOWNSTREAM_EVENTS	14	12		
REACTOME_ACETYLCHOLINE_INHIBITS_CONTRACTION_OF_OUTER_HAIR_CELLS	5		Rejected!	
REACTOME_ACETYLCHOLINE_NEUROTRANSMITTER_RELEASE_CYCLE	17	14		
REACTOME_ACETYLCHOLINE_REGULATES_INSULIN_SECRETION	10	10		
REACTOME_ACROSOME_REACTION_AND_SPERM_OOCYTE_MEMBRANE_BINDING	6	6		
REACTOME_ACTIVATED_NOTCH1_TRANSMITS_SIGNAL_TO_THE_NUCLEUS	31	31		
REACTOME_ACTIVATED_NTRK2_SIGNALS_THROUGH_CDK5	6	6		
REACTOME_ACTIVATED_NTRK2_SIGNALS_THROUGH_FRS2_AND_FRS3	11	10		
REACTOME_ACTIVATED_NTRK2_SIGNALS_THROUGH_FYN	7	7		
REACTOME_ACTIVATED_NTRK2_SIGNALS_THROUGH_PI3K	7	6		
REACTOME_ACTIVATED_NTRK2_SIGNALS_THROUGH_RAS	9	8		
REACTOME_ACTIVATED_NTRK3_SIGNALS_THROUGH_PI3K	6	6		
REACTOME_ACTIVATED_NTRK3_SIGNALS_THROUGH_RAS	8	8		
REACTOME_ACTIVATED_PKN1_STIMULATES_TRANSCRIPTION_OF_AR_ANDROGEN_RECEPTOR_REGULATED_GENES_KLK2_AND_KLK3	66	43		
REACTOME_ACTIVATED_TAK1_MEDIATES_P38_MAPK_ACTIVATION	23	21		
REACTOME_ACTIVATION_OF_AMPK_DOWNSTREAM_OF_NMDARS	29	20		
REACTOME_ACTIVATION_OF_ANTERIOR_HOX_GENES_IN_HINDBRAIN_DEVELOPMENT_DURING_EARLY_EMBRYOGENESIS	122	97		
REACTOME_ACTIVATION_OF_ATR_IN_RESPONSE_TO_REPLICATION_STRESS	37	36		
REACTOME_ACTIVATION_OF_BAD_AND_TRANSLOCATION_TO_MITOCHONDRIA	15	15		
REACTOME_ACTIVATION_OF_BH3_ONLY_PROTEINS	30	29		
REACTOME_ACTIVATION_OF_C3_AND_C5	8		Rejected!	
REACTOME_ACTIVATION_OF_CASPASES_THROUGH_APOPTOSOME_MEDIATED_CLEAVAGE	6	6		
REACTOME_ACTIVATION_OF_GENE_EXPRESSION_BY_SREBF_SREBP	42	41		
REACTOME_ACTIVATION_OF_IRF3_IRF7_MEDIATED_BY_TBK1_IKK_IKBKE	18	17		
REACTOME_ACTIVATION_OF_KAINATE_RECEPTORS_UPON_GLUTAMATE_BINDING	30	27		
REACTOME_ACTIVATION_OF_MATRIX_METALLOPROTEINASES	33	21		
REACTOME_ACTIVATION_OF_NIMA_KINASES_NEK9_NEK6_NEK7	7	6		
REACTOME_ACTIVATION_OF_NMDA_RECEPTORS_AND_POSTSYNAPTIC_EVENTS	94	80		
REACTOME_ACTIVATION_OF_NOXA_AND_TRANSLOCATION_TO_MITOCHONDRIA	5		Rejected!	
REACTOME_ACTIVATION_OF_PPARGC1A_PGC_1ALPHA_BY_PHOSPHORYLATION	10	10		
REACTOME_ACTIVATION_OF_PUMA_AND_TRANSLOCATION_TO_MITOCHONDRIA	9	9		
REACTOME_ACTIVATION_OF_RAC1	13	13		
REACTOME_ACTIVATION_OF_RAC1_DOWNSTREAM_OF_NMDARS	7	7		
REACTOME_ACTIVATION_OF_RAS_IN_B_CELLS	5		Rejected!	
REACTOME_ACTIVATION_OF_SMO	18	17		
REACTOME_ACTIVATION_OF_THE_AP_1_FAMILY_OF_TRANSCRIPTION_FACTORS	10	8		
REACTOME_ACTIVATION_OF_THE_MRNA_UPON_BINDING_OF_THE_CAP_BINDING_COMPLEX_AND_EIFS_AND_SUBSEQUENT_BINDING_TO_43S	60	55		
REACTOME_ACTIVATION_OF_THE_PHOTOTRANSDUCTION_CASCADE	11	7		
REACTOME_ACTIVATION_OF_THE_PRE_REPLICATIVE_COMPLEX	33	30		
REACTOME_ACTIVATION_OF_THE_TFAP2_AP_2_FAMILY_OF_TRANSCRIPTION_FACTORS	12	11		
REACTOME_ACTIVATION_OF_TRKA_RECEPTORS	6	5		
REACTOME_ACYL_CHAIN_REMODELING_OF_CL	6	5		
REACTOME_ACYL_CHAIN_REMODELING_OF_DAG_AND_TAG	7	5		
REACTOME_ACYL_CHAIN_REMODELLING_OF_PC	27	18		
REACTOME_ACYL_CHAIN_REMODELLING_OF_PE	29	20		
REACTOME_ACYL_CHAIN_REMODELLING_OF_PG	18	11		
REACTOME_ACYL_CHAIN_REMODELLING_OF_PI	17	10		
REACTOME_ACYL_CHAIN_REMODELLING_OF_PS	22	16		
REACTOME_ADAPTIVE_IMMUNE_SYSTEM	828		Rejected!	
REACTOME_ADENYLATE_CYCLASE_ACTIVATING_PATHWAY	10	8		
REACTOME_ADENYLATE_CYCLASE_INHIBITORY_PATHWAY	14	11		
REACTOME_ADHERENS_JUNCTIONS_INTERACTIONS	58	51		
REACTOME_ADIPOGENESIS	110	106		
REACTOME_ADORA2B_MEDIATED_ANTI_INFLAMMATORY_CYTOKINES_PRODUCTION	43	36		
REACTOME_ADP_SIGNALLING_THROUGH_P2Y_PURINOCEPTOR_1	25	23		
REACTOME_ADP_SIGNALLING_THROUGH_P2Y_PURINOCEPTOR_12	22	19		
REACTOME_ADRENALINE_NORADRENALINE_INHIBITS_INSULIN_SECRETION	28	26		
REACTOME_ADRENOCEPTORS	9	7		
REACTOME_ADVANCED_GLYCOSYLATION_ENDPRODUCT_RECEPTOR_SIGNALING	13	12		
REACTOME_AEROBIC_RESPIRATION_AND_RESPIRATORY_ELECTRON_TRANSPORT	260	220		
REACTOME_AFLATOXIN_ACTIVATION_AND_DETOXIFICATION	19	8		
REACTOME_AGGREPHAGY	44	34		
REACTOME_AKT_PHOSPHORYLATES_TARGETS_IN_THE_CYTOSOL	14	14		
REACTOME_AKT_PHOSPHORYLATES_TARGETS_IN_THE_NUCLEUS	10	10		
REACTOME_ALK_MUTANTS_BIND_TKIS	12	12		
REACTOME_ALPHA_DEFENSINS	10		Rejected!	
REACTOME_ALPHA_LINOLENIC_OMEGA3_AND_LINOLEIC_OMEGA6_ACID_METABOLISM	13	13		
REACTOME_ALPHA_OXIDATION_OF_PHYTANATE	6		Rejected!	
REACTOME_ALPHA_PROTEIN_KINASE_1_SIGNALING_PATHWAY	11	11		
REACTOME_ALTERNATIVE_COMPLEMENT_ACTIVATION	5		Rejected!	
REACTOME_AMINE_LIGAND_BINDING_RECEPTORS	42	28		
REACTOME_AMINO_ACIDS_REGULATE_MTORC1	55	53		
REACTOME_AMINO_ACID_CONJUGATION	9		Rejected!	
REACTOME_AMINO_ACID_TRANSPORT_ACROSS_THE_PLASMA_MEMBRANE	33	30		
REACTOME_AMPK_INHIBITS_CHREBP_TRANSCRIPTIONAL_ACTIVATION_ACTIVITY	8	7		
REACTOME_AMYLOID_FIBER_FORMATION	110	75		
REACTOME_ANCHORING_FIBRIL_FORMATION	15	14		
REACTOME_ANCHORING_OF_THE_BASAL_BODY_TO_THE_PLASMA_MEMBRANE	97	95		
REACTOME_ANDROGEN_BIOSYNTHESIS	11	8		
REACTOME_ANTIGEN_ACTIVATES_B_CELL_RECEPTOR_BCR_LEADING_TO_GENERATION_OF_SECOND_MESSENGERS	86	27		
REACTOME_ANTIGEN_PRESENTATION_FOLDING_ASSEMBLY_AND_PEPTIDE_LOADING_OF_CLASS_I_MHC	29	22		
REACTOME_ANTIGEN_PROCESSING_CROSS_PRESENTATION	106	91		
REACTOME_ANTIGEN_PROCESSING_UBIQUITINATION_PROTEASOME_DEGRADATION	308	298		
REACTOME_ANTIMICROBIAL_PEPTIDES	98	27		
REACTOME_ANTIVIRAL_MECHANISM_BY_IFN_STIMULATED_GENES	151	131		
REACTOME_ANTI_INFLAMMATORY_RESPONSE_FAVOURING_LEISHMANIA_PARASITE_INFECTION	134	63		
REACTOME_APC_CDC20_MEDIATED_DEGRADATION_OF_NEK2A	26	25		
REACTOME_APC_C_CDC20_MEDIATED_DEGRADATION_OF_CYCLIN_B	24	24		
REACTOME_APC_C_CDH1_MEDIATED_DEGRADATION_OF_CDC20_AND_OTHER_APC_C_CDH1_TARGETED_PROTEINS_IN_LATE_MITOSIS_EARLY_G1	74	74		
REACTOME_APC_C_MEDIATED_DEGRADATION_OF_CELL_CYCLE_PROTEINS	88	87		
REACTOME_APEX1_INDEPENDENT_RESOLUTION_OF_AP_SITES_VIA_THE_SINGLE_NUCLEOTIDE_REPLACEMENT_PATHWAY	7	7		
REACTOME_APOBEC3G_MEDIATED_RESISTANCE_TO_HIV_1_INFECTION	5		Rejected!	
REACTOME_APOPTOSIS	179	172		
REACTOME_APOPTOSIS_INDUCED_DNA_FRAGMENTATION	13	12		
REACTOME_APOPTOTIC_CLEAVAGE_OF_CELLULAR_PROTEINS	38	37		
REACTOME_APOPTOTIC_CLEAVAGE_OF_CELL_ADHESION_PROTEINS	11	10		
REACTOME_APOPTOTIC_EXECUTION_PHASE	52	50		
REACTOME_APOPTOTIC_FACTOR_MEDIATED_RESPONSE	20	19		
REACTOME_AQUAPORIN_MEDIATED_TRANSPORT	52	42		
REACTOME_ARACHIDONATE_PRODUCTION_FROM_DAG	5	5		
REACTOME_ARACHIDONIC_ACID_METABOLISM	59	38		
REACTOME_ARMS_MEDIATED_ACTIVATION	7	7		
REACTOME_ARYL_HYDROCARBON_RECEPTOR_SIGNALLING	6	6		
REACTOME_ASPARAGINE_N_LINKED_GLYCOSYLATION	307	277		
REACTOME_ASPARTATE_AND_ASPARAGINE_METABOLISM	11	10		
REACTOME_ASPIRIN_ADME	44	13		
REACTOME_ASSEMBLY_AND_CELL_SURFACE_PRESENTATION_OF_NMDA_RECEPTORS	44	34		
REACTOME_ASSEMBLY_OF_ACTIVE_LPL_AND_LIPC_LIPASE_COMPLEXES	19	14		
REACTOME_ASSEMBLY_OF_COLLAGEN_FIBRILS_AND_OTHER_MULTIMERIC_STRUCTURES	61	50		
REACTOME_ASSEMBLY_OF_THE_HIV_VIRION	16	15		
REACTOME_ASSEMBLY_OF_THE_ORC_COMPLEX_AT_THE_ORIGIN_OF_REPLICATION	68	46		
REACTOME_ASSOCIATION_OF_TRIC_CCT_WITH_TARGET_PROTEINS_DURING_BIOSYNTHESIS	39	36		
REACTOME_ASYMMETRIC_LOCALIZATION_OF_PCP_PROTEINS	64	63		
REACTOME_ATF4_ACTIVATES_GENES_IN_RESPONSE_TO_ENDOPLASMIC_RETICULUM_STRESS	27	24		
REACTOME_ATF6_ATF6_ALPHA_ACTIVATES_CHAPERONES	12	11		
REACTOME_ATF6_ATF6_ALPHA_ACTIVATES_CHAPERONE_GENES	10	10		
REACTOME_ATORVASTATIN_ADME	9		Rejected!	
REACTOME_ATTACHMENT_AND_ENTRY	19	16		
REACTOME_ATTACHMENT_OF_GPI_ANCHOR_TO_UPAR	7	7		
REACTOME_ATTENUATION_PHASE	28	22		
REACTOME_AUF1_HNRNP_D0_BINDS_AND_DESTABILIZES_MRNA	55	54		
REACTOME_AURKA_ACTIVATION_BY_TPX2	72	70		
REACTOME_AUTOPHAGY	158	140		
REACTOME_AZATHIOPRINE_ADME	23	17		
REACTOME_A_TETRASACCHARIDE_LINKER_SEQUENCE_IS_REQUIRED_FOR_GAG_SYNTHESIS	26	23		
REACTOME_BACTERIAL_INFECTION_PATHWAYS	71	67		
REACTOME_BASE_EXCISION_REPAIR	90	72		
REACTOME_BASE_EXCISION_REPAIR_AP_SITE_FORMATION	62	45		
REACTOME_BASIGIN_INTERACTIONS	25	22		
REACTOME_BBSOME_MEDIATED_CARGO_TARGETING_TO_CILIUM	23	21		
REACTOME_BETA_CATENIN_INDEPENDENT_WNT_SIGNALING	146	140		
REACTOME_BETA_CATENIN_PHOSPHORYLATION_CASCADE	17	16		
REACTOME_BETA_DEFENSINS	43	8		
REACTOME_BETA_OXIDATION_OF_BUTANOYL_COA_TO_ACETYL_COA	5		Rejected!	
REACTOME_BETA_OXIDATION_OF_DECANOYL_COA_TO_OCTANOYL_COA_COA	6	6		
REACTOME_BETA_OXIDATION_OF_HEXANOYL_COA_TO_BUTANOYL_COA	5	5		
REACTOME_BETA_OXIDATION_OF_LAUROYL_COA_TO_DECANOYL_COA_COA	5	5		
REACTOME_BETA_OXIDATION_OF_OCTANOYL_COA_TO_HEXANOYL_COA	5	5		
REACTOME_BETA_OXIDATION_OF_PRISTANOYL_COA	9	9		
REACTOME_BETA_OXIDATION_OF_VERY_LONG_CHAIN_FATTY_ACIDS	11	11		
REACTOME_BH3_ONLY_PROTEINS_ASSOCIATE_WITH_AND_INACTIVATE_ANTI_APOPTOTIC_BCL_2_MEMBERS	9	8		
REACTOME_BICARBONATE_TRANSPORTERS	10	8		
REACTOME_BILE_ACID_AND_BILE_SALT_METABOLISM	44	36		
REACTOME_BINDING_AND_UPTAKE_OF_LIGANDS_BY_SCAVENGER_RECEPTORS	98	29		
REACTOME_BINDING_OF_TCF_LEF_CTNNB1_TO_TARGET_GENE_PROMOTERS	8	7		
REACTOME_BIOLOGICAL_OXIDATIONS	220	129		
REACTOME_BIOSYNTHESIS_OF_EPA_DERIVED_SPMS	6	5		
REACTOME_BIOSYNTHESIS_OF_MARESINS	8		Rejected!	
REACTOME_BIOSYNTHESIS_OF_MARESIN_LIKE_SPMS	6		Rejected!	
REACTOME_BIOSYNTHESIS_OF_SPECIALIZED_PRORESOLVING_MEDIATORS_SPMS	19	11		
REACTOME_BIOSYNTHESIS_OF_THE_N_GLYCAN_PRECURSOR_DOLICHOL_LIPID_LINKED_OLIGOSACCHARIDE_LLO_AND_TRANSFER_TO_A_NASCENT_PROTEIN	79	74		
REACTOME_BIOTIN_TRANSPORT_AND_METABOLISM	11	10		
REACTOME_BLOOD_GROUP_SYSTEMS_BIOSYNTHESIS	21	14		
REACTOME_BMAL1_CLOCK_NPAS2_ACTIVATES_CIRCADIAN_GENE_EXPRESSION	27	22		
REACTOME_BRANCHED_CHAIN_AMINO_ACID_CATABOLISM	21	21		
REACTOME_BUDDING_AND_MATURATION_OF_HIV_VIRION	28	27		
REACTOME_BUTYRATE_RESPONSE_FACTOR_1_BRF1_BINDS_AND_DESTABILIZES_MRNA	17	17		
REACTOME_BUTYROPHILIN_BTN_FAMILY_INTERACTIONS	12	5		
REACTOME_B_WICH_COMPLEX_POSITIVELY_REGULATES_RRNA_EXPRESSION	90	67		
REACTOME_CA2_ACTIVATED_K_CHANNELS	9	7		
REACTOME_CA2_PATHWAY	62	56		
REACTOME_CALCINEURIN_ACTIVATES_NFAT	9	8		
REACTOME_CALCITONIN_LIKE_LIGAND_RECEPTORS	10	6		
REACTOME_CALNEXIN_CALRETICULIN_CYCLE	26	24		
REACTOME_CAMK_IV_MEDIATED_PHOSPHORYLATION_OF_CREB	10	10		
REACTOME_CARBOXYTERMINAL_POST_TRANSLATIONAL_MODIFICATIONS_OF_TUBULIN	46	36		
REACTOME_CARDIAC_CONDUCTION	130	107		
REACTOME_CARDIOGENESIS	27	25		
REACTOME_CARGO_CONCENTRATION_IN_THE_ER	33	31		
REACTOME_CARGO_RECOGNITION_FOR_CLATHRIN_MEDIATED_ENDOCYTOSIS	105	97		
REACTOME_CARGO_TRAFFICKING_TO_THE_PERICILIARY_MEMBRANE	51	45		
REACTOME_CARNITINE_METABOLISM	14	13		
REACTOME_CASPASE_ACTIVATION_VIA_DEATH_RECEPTORS_IN_THE_PRESENCE_OF_LIGAND	16	14		
REACTOME_CASPASE_ACTIVATION_VIA_DEPENDENCE_RECEPTORS_IN_THE_ABSENCE_OF_LIGAND	10	10		
REACTOME_CASPASE_ACTIVATION_VIA_EXTRINSIC_APOPTOTIC_SIGNALLING_PATHWAY	26	24		
REACTOME_CASPASE_MEDIATED_CLEAVAGE_OF_CYTOSKELETAL_PROTEINS	12	12		
REACTOME_CATION_COUPLED_CHLORIDE_COTRANSPORTERS	7	7		
REACTOME_CA_DEPENDENT_EVENTS	37	34		
REACTOME_CD163_MEDIATING_AN_ANTI_INFLAMMATORY_RESPONSE	9	8		
REACTOME_CD209_DC_SIGN_SIGNALING	21	19		
REACTOME_CD22_MEDIATED_BCR_REGULATION	61	5		
REACTOME_CD28_CO_STIMULATION	33	31		
REACTOME_CD28_DEPENDENT_PI3K_AKT_SIGNALING	22	20		
REACTOME_CD28_DEPENDENT_VAV1_PATHWAY	12	11		
REACTOME_CDC42_GTPASE_CYCLE	155	145		
REACTOME_CDC6_ASSOCIATION_WITH_THE_ORC_ORIGIN_COMPLEX	8	8		
REACTOME_CDH11_HOMOTYPIC_AND_HETEROTYPIC_INTERACTIONS	7	7		
REACTOME_CELLULAR_HEXOSE_TRANSPORT	21	16		
REACTOME_CELLULAR_RESPONSES_TO_STIMULI	828		Rejected!	
REACTOME_CELLULAR_RESPONSE_TO_CHEMICAL_STRESS	210	188		
REACTOME_CELLULAR_RESPONSE_TO_HEAT_STRESS	101	94		
REACTOME_CELLULAR_RESPONSE_TO_HYPOXIA	75	74		
REACTOME_CELLULAR_RESPONSE_TO_MITOCHONDRIAL_STRESS	9	8		
REACTOME_CELLULAR_RESPONSE_TO_STARVATION	157	145		
REACTOME_CELLULAR_SENESCENCE	197	165		
REACTOME_CELL_CELL_COMMUNICATION	155	135		
REACTOME_CELL_CELL_JUNCTION_ORGANIZATION	90	76		
REACTOME_CELL_CYCLE	694		Rejected!	
REACTOME_CELL_CYCLE_CHECKPOINTS	291	271		
REACTOME_CELL_CYCLE_MITOTIC	561		Rejected!	
REACTOME_CELL_DEATH_SIGNALLING_VIA_NRAGE_NRIF_AND_NADE	76	72		
REACTOME_CELL_EXTRACELLULAR_MATRIX_INTERACTIONS	18	17		
REACTOME_CELL_JUNCTION_ORGANIZATION	117	102		
REACTOME_CELL_SURFACE_INTERACTIONS_AT_THE_VASCULAR_WALL	194	103		
REACTOME_CGMP_EFFECTS	16	13		
REACTOME_CHAPERONE_MEDIATED_AUTOPHAGY	22	17		
REACTOME_CHEMOKINE_RECEPTORS_BIND_CHEMOKINES	57	27		
REACTOME_CHK1_CHK2_CDS1_MEDIATED_INACTIVATION_OF_CYCLIN_B_CDK1_COMPLEX	13	13		
REACTOME_CHL1_INTERACTIONS	9	8		
REACTOME_CHOLESTEROL_BIOSYNTHESIS	27	25		
REACTOME_CHOLINE_CATABOLISM	6	6		
REACTOME_CHONDROITIN_SULFATE_BIOSYNTHESIS	20	17		
REACTOME_CHONDROITIN_SULFATE_DERMATAN_SULFATE_METABOLISM	50	44		
REACTOME_CHREBP_ACTIVATES_METABOLIC_GENE_EXPRESSION	8	8		
REACTOME_CHROMATIN_MODIFICATIONS_DURING_THE_MATERNAL_TO_ZYGOTIC_TRANSITION_MZT	70	48		
REACTOME_CHROMATIN_MODIFYING_ENZYMES	272	240		
REACTOME_CHROMOSOME_MAINTENANCE	139	117		
REACTOME_CHYLOMICRON_ASSEMBLY	10	9		
REACTOME_CHYLOMICRON_CLEARANCE	5	5		
REACTOME_CHYLOMICRON_REMODELING	10	9		
REACTOME_CILIUM_ASSEMBLY	201	182		
REACTOME_CIPROFLOXACIN_ADME	5		Rejected!	
REACTOME_CIRCADIAN_CLOCK	70	64		
REACTOME_CITRIC_ACID_CYCLE_TCA_CYCLE	34	34		
REACTOME_CLASS_A_1_RHODOPSIN_LIKE_RECEPTORS	330	201		
REACTOME_CLASS_B_2_SECRETIN_FAMILY_RECEPTORS	94	72		
REACTOME_CLASS_C_3_METABOTROPIC_GLUTAMATE_PHEROMONE_RECEPTORS	39	16		
REACTOME_CLASS_I_MHC_MEDIATED_ANTIGEN_PROCESSING_PRESENTATION	381	356		
REACTOME_CLASS_I_PEROXISOMAL_MEMBRANE_PROTEIN_IMPORT	20	20		
REACTOME_CLATHRIN_MEDIATED_ENDOCYTOSIS	145	137		
REACTOME_CLEC7A_DECTIN_1_INDUCES_NFAT_ACTIVATION	11	11		
REACTOME_CLEC7A_DECTIN_1_SIGNALING	100	97		
REACTOME_CLEC7A_INFLAMMASOME_PATHWAY	6	6		
REACTOME_COBALAMIN_CBL_METABOLISM	7	7		
REACTOME_COBALAMIN_CBL_VITAMIN_B12_TRANSPORT_AND_METABOLISM	22	17		
REACTOME_COENZYME_A_BIOSYNTHESIS	7	7		
REACTOME_COHESIN_LOADING_ONTO_CHROMATIN	10	10		
REACTOME_COLLAGEN_BIOSYNTHESIS_AND_MODIFYING_ENZYMES	67	58		
REACTOME_COLLAGEN_CHAIN_TRIMERIZATION	44	36		
REACTOME_COLLAGEN_DEGRADATION	64	50		
REACTOME_COLLAGEN_FORMATION	90	76		
REACTOME_COMMON_PATHWAY_OF_FIBRIN_CLOT_FORMATION	22	15		
REACTOME_COMPLEMENT_CASCADE	115	34		
REACTOME_COMPLEX_III_ASSEMBLY	25	21		
REACTOME_COMPLEX_IV_ASSEMBLY	48	31		
REACTOME_COMPLEX_I_BIOGENESIS	68	60		
REACTOME_CONDENSATION_OF_PROMETAPHASE_CHROMOSOMES	11	11		
REACTOME_CONDENSATION_OF_PROPHASE_CHROMOSOMES	73	51		
REACTOME_CONJUGATION_OF_BENZOATE_WITH_GLYCINE	6		Rejected!	
REACTOME_CONSTITUTIVE_SIGNALING_BY_ABERRANT_PI3K_IN_CANCER	83	69		
REACTOME_CONSTITUTIVE_SIGNALING_BY_AKT1_E17K_IN_CANCER	26	26		
REACTOME_CONSTITUTIVE_SIGNALING_BY_EGFRVIII	15	15		
REACTOME_CONSTITUTIVE_SIGNALING_BY_LIGAND_RESPONSIVE_EGFR_CANCER_VARIANTS	19	19		
REACTOME_CONSTITUTIVE_SIGNALING_BY_OVEREXPRESSED_ERBB2	11	11		
REACTOME_CONVERSION_FROM_APC_C_CDC20_TO_APC_C_CDH1_IN_LATE_ANAPHASE	20	20		
REACTOME_COOPERATION_OF_PDCL_PHLP1_AND_TRIC_CCT_IN_G_PROTEIN_BETA_FOLDING	38	36		
REACTOME_COOPERATION_OF_PREFOLDIN_AND_TRIC_CCT_IN_ACTIN_AND_TUBULIN_FOLDING	33	26		
REACTOME_COPII_MEDIATED_VESICLE_TRANSPORT	69	66		
REACTOME_COPI_DEPENDENT_GOLGI_TO_ER_RETROGRADE_TRAFFIC	100	87		
REACTOME_COPI_INDEPENDENT_GOLGI_TO_ER_RETROGRADE_TRAFFIC	53	43		
REACTOME_COPI_MEDIATED_ANTEROGRADE_TRANSPORT	102	88		
REACTOME_COSTIMULATION_BY_THE_CD28_FAMILY	74	53		
REACTOME_CREATINE_METABOLISM	11	7		
REACTOME_CREATION_OF_C4_AND_C2_ACTIVATORS	71	10		
REACTOME_CREB1_PHOSPHORYLATION_THROUGH_NMDA_RECEPTOR_MEDIATED_ACTIVATION_OF_RAS_SIGNALING	28	26		
REACTOME_CREB1_PHOSPHORYLATION_THROUGH_THE_ACTIVATION_OF_ADENYLATE_CYCLASE	12	11		
REACTOME_CREB1_PHOSPHORYLATION_THROUGH_THE_ACTIVATION_OF_CAMKII_CAMKK_CAMKIV_CASCASDE	8	8		
REACTOME_CREB3_FACTORS_ACTIVATE_GENES	9	8		
REACTOME_CREB_PHOSPHORYLATION	7	6		
REACTOME_CRISTAE_FORMATION	33	25		
REACTOME_CRMPS_IN_SEMA3A_SIGNALING	16	13		
REACTOME_CROSSLINKING_OF_COLLAGEN_FIBRILS	18	15		
REACTOME_CROSS_PRESENTATION_OF_PARTICULATE_EXOGENOUS_ANTIGENS_PHAGOSOMES	8	7		
REACTOME_CROSS_PRESENTATION_OF_SOLUBLE_EXOGENOUS_ANTIGENS_ENDOSOMES	50	48		
REACTOME_CS_DS_DEGRADATION	14	13		
REACTOME_CTLA4_INHIBITORY_SIGNALING	21	20		
REACTOME_CYCLIN_A_B1_B2_ASSOCIATED_EVENTS_DURING_G2_M_TRANSITION	25	25		
REACTOME_CYCLIN_A_CDK2_ASSOCIATED_EVENTS_AT_S_PHASE_ENTRY	85	84		
REACTOME_CYCLIN_D_ASSOCIATED_EVENTS_IN_G1	47	45		
REACTOME_CYP2E1_REACTIONS	11		Rejected!	
REACTOME_CYTOCHROME_C_MEDIATED_APOPTOTIC_RESPONSE	13	13		
REACTOME_CYTOCHROME_P450_ARRANGED_BY_SUBSTRATE_TYPE	64	42		
REACTOME_CYTOKINE_SIGNALING_IN_IMMUNE_SYSTEM	789		Rejected!	
REACTOME_CYTOPROTECTION_BY_HMOX1	60	44		
REACTOME_CYTOSOLIC_IRON_SULFUR_CLUSTER_ASSEMBLY	13	12		
REACTOME_CYTOSOLIC_SENSORS_OF_PATHOGEN_ASSOCIATED_DNA	64	59		
REACTOME_CYTOSOLIC_SULFONATION_OF_SMALL_MOLECULES	24	17		
REACTOME_CYTOSOLIC_TRNA_AMINOACYLATION	24	23		
REACTOME_C_TYPE_LECTIN_RECEPTORS_CLRS	140	123		
REACTOME_DAG_AND_IP3_SIGNALING	41	38		
REACTOME_DAP12_INTERACTIONS	46	26		
REACTOME_DAP12_SIGNALING	29	22		
REACTOME_DARPP_32_EVENTS	24	23		
REACTOME_DCC_MEDIATED_ATTRACTIVE_SIGNALING	14	14		
REACTOME_DDX58_IFIH1_MEDIATED_INDUCTION_OF_INTERFERON_ALPHA_BETA	82	64		
REACTOME_DEACTIVATION_OF_THE_BETA_CATENIN_TRANSACTIVATING_COMPLEX	42	38		
REACTOME_DEADENYLATION_DEPENDENT_MRNA_DECAY	56	53		
REACTOME_DEADENYLATION_OF_MRNA	25	25		
REACTOME_DEATH_RECEPTOR_SIGNALING	154	143		
REACTOME_DECTIN_1_MEDIATED_NONCANONICAL_NF_KB_SIGNALING	62	60		
REACTOME_DECTIN_2_FAMILY	26	14		
REACTOME_DEFECTIVE_B4GALT1_CAUSES_B4GALT1_CDG_CDG_2D	8		Rejected!	
REACTOME_DEFECTIVE_B4GALT7_CAUSES_EDS_PROGEROID_TYPE	20	17		
REACTOME_DEFECTIVE_C1GALT1C1_CAUSES_TNPS	17	10		
REACTOME_DEFECTIVE_CFTR_CAUSES_CYSTIC_FIBROSIS	61	60		
REACTOME_DEFECTIVE_CHST14_CAUSES_EDS_MUSCULOCONTRACTURAL_TYPE	8	7		
REACTOME_DEFECTIVE_CHST3_CAUSES_SEDCJD	8	7		
REACTOME_DEFECTIVE_CHST6_CAUSES_MCDC1	8		Rejected!	
REACTOME_DEFECTIVE_CHSY1_CAUSES_TPBS	8	7		
REACTOME_DEFECTIVE_CSF2RB_CAUSES_SMDP5	8		Rejected!	
REACTOME_DEFECTIVE_EXT2_CAUSES_EXOSTOSES_2	14	12		
REACTOME_DEFECTIVE_F9_ACTIVATION	6		Rejected!	
REACTOME_DEFECTIVE_FACTOR_IX_CAUSES_HEMOPHILIA_B	9	5		
REACTOME_DEFECTIVE_FACTOR_VIII_CAUSES_HEMOPHILIA_A	7	5		
REACTOME_DEFECTIVE_GALNT3_CAUSES_HFTC	16	9		
REACTOME_DEFECTIVE_INTRINSIC_PATHWAY_FOR_APOPTOSIS	25	23		
REACTOME_DEFECTIVE_LFNG_CAUSES_SCDO3	5	5		
REACTOME_DEFECTIVE_RIPK1_MEDIATED_REGULATED_NECROSIS	7	6		
REACTOME_DEFECTIVE_ST3GAL3_CAUSES_MCT12_AND_EIEE15	8		Rejected!	
REACTOME_DEFECTS_IN_BIOTIN_BTN_METABOLISM	8	7		
REACTOME_DEFECTS_IN_COBALAMIN_B12_METABOLISM	14	13		
REACTOME_DEFECTS_IN_VITAMIN_AND_COFACTOR_METABOLISM	22	20		
REACTOME_DEFECTS_OF_CONTACT_ACTIVATION_SYSTEM_CAS_AND_KALLIKREIN_KININ_SYSTEM_KKS	16	10		
REACTOME_DEFECTS_OF_PLATELET_ADHESION_TO_EXPOSED_COLLAGEN	8		Rejected!	
REACTOME_DEFENSINS	53	9		
REACTOME_DEGRADATION_OF_AXIN	55	55		
REACTOME_DEGRADATION_OF_BETA_CATENIN_BY_THE_DESTRUCTION_COMPLEX	85	83		
REACTOME_DEGRADATION_OF_CYSTEINE_AND_HOMOCYSTEINE	15	12		
REACTOME_DEGRADATION_OF_DVL	57	57		
REACTOME_DEGRADATION_OF_GLI1_BY_THE_PROTEASOME	60	59		
REACTOME_DEGRADATION_OF_THE_EXTRACELLULAR_MATRIX	140	106		
REACTOME_DEPOLYMERIZATION_OF_THE_NUCLEAR_LAMINA	15	15		
REACTOME_DEPOSITION_OF_NEW_CENPA_CONTAINING_NUCLEOSOMES_AT_THE_CENTROMERE	72	54		
REACTOME_DERMATAN_SULFATE_BIOSYNTHESIS	11	9		
REACTOME_DETOXIFICATION_OF_REACTIVE_OXYGEN_SPECIES	37	36		
REACTOME_DEUBIQUITINATION	299	262		
REACTOME_DEVELOPMENTAL_BIOLOGY	1432		Rejected!	
REACTOME_DEX_H_BOX_HELICASES_ACTIVATE_TYPE_I_IFN_AND_INFLAMMATORY_CYTOKINES_PRODUCTION	7	6		
REACTOME_DIFFERENTIATION_OF_KERATINOCYTES_IN_INTERFOLLICULAR_EPIDERMIS_IN_MAMMALIAN_SKIN	40	25		
REACTOME_DIGESTION	23	9		
REACTOME_DIGESTION_AND_ABSORPTION	28	12		
REACTOME_DIGESTION_OF_DIETARY_CARBOHYDRATE	11		Rejected!	
REACTOME_DIGESTION_OF_DIETARY_LIPID	7		Rejected!	
REACTOME_DISASSEMBLY_OF_THE_DESTRUCTION_COMPLEX_AND_RECRUITMENT_OF_AXIN_TO_THE_MEMBRANE	31	28		
REACTOME_DISEASES_ASSOCIATED_WITH_GLYCOSAMINOGLYCAN_METABOLISM	41	33		
REACTOME_DISEASES_ASSOCIATED_WITH_GLYCOSYLATION_PRECURSOR_BIOSYNTHESIS	15	15		
REACTOME_DISEASES_ASSOCIATED_WITH_N_GLYCOSYLATION_OF_PROTEINS	20	19		
REACTOME_DISEASES_ASSOCIATED_WITH_O_GLYCOSYLATION_OF_PROTEINS	68	53		
REACTOME_DISEASES_ASSOCIATED_WITH_SURFACTANT_METABOLISM	10		Rejected!	
REACTOME_DISEASES_OF_BASE_EXCISION_REPAIR	5	5		
REACTOME_DISEASES_OF_CARBOHYDRATE_METABOLISM	34	32		
REACTOME_DISEASES_OF_DNA_REPAIR	51	50		
REACTOME_DISEASES_OF_GLYCOSYLATION	143	119		
REACTOME_DISEASES_OF_HEMOSTASIS	19	12		
REACTOME_DISEASES_OF_IMMUNE_SYSTEM	32	28		
REACTOME_DISEASES_OF_METABOLISM	250	207		
REACTOME_DISEASES_OF_MISMATCH_REPAIR_MMR	5	5		
REACTOME_DISEASES_OF_MITOTIC_CELL_CYCLE	38	38		
REACTOME_DISEASES_OF_PROGRAMMED_CELL_DEATH	104	78		
REACTOME_DISEASES_OF_SIGNAL_TRANSDUCTION_BY_GROWTH_FACTOR_RECEPTORS_AND_SECOND_MESSENGERS	464	433		
REACTOME_DISINHIBITION_OF_SNARE_FORMATION	5	5		
REACTOME_DISORDERS_OF_TRANSMEMBRANE_TRANSPORTERS	177	156		
REACTOME_DISPLACEMENT_OF_DNA_GLYCOSYLASE_BY_APEX1	9	9		
REACTOME_DISSOLUTION_OF_FIBRIN_CLOT	13	8		
REACTOME_DNA_DAMAGE_BYPASS	48	46		
REACTOME_DNA_DAMAGE_RECOGNITION_IN_GG_NER	38	37		
REACTOME_DNA_DAMAGE_REVERSAL	8	8		
REACTOME_DNA_DAMAGE_TELOMERE_STRESS_INDUCED_SENESCENCE	79	61		
REACTOME_DNA_DOUBLE_STRAND_BREAK_REPAIR	170	151		
REACTOME_DNA_DOUBLE_STRAND_BREAK_RESPONSE	78	64		
REACTOME_DNA_METHYLATION	64	42		
REACTOME_DNA_REPAIR	332	306		
REACTOME_DNA_REPLICATION	187	161		
REACTOME_DNA_REPLICATION_INITIATION	8	7		
REACTOME_DNA_REPLICATION_PRE_INITIATION	159	134		
REACTOME_DNA_STRAND_ELONGATION	32	29		
REACTOME_DOPAMINE_CLEARANCE_FROM_THE_SYNAPTIC_CLEFT	5		Rejected!	
REACTOME_DOPAMINE_NEUROTRANSMITTER_RELEASE_CYCLE	23	21		
REACTOME_DOPAMINE_RECEPTORS	5		Rejected!	
REACTOME_DOWNREGULATION_OF_ERBB2_ERBB3_SIGNALING	13	13		
REACTOME_DOWNREGULATION_OF_ERBB2_SIGNALING	29	27		
REACTOME_DOWNREGULATION_OF_ERBB4_SIGNALING	9	9		
REACTOME_DOWNREGULATION_OF_SMAD2_3_SMAD4_TRANSCRIPTIONAL_ACTIVITY	31	29		
REACTOME_DOWNREGULATION_OF_TGF_BETA_RECEPTOR_SIGNALING	26	25		
REACTOME_DOWNSTREAM_SIGNALING_EVENTS_OF_B_CELL_RECEPTOR_BCR	81	78		
REACTOME_DOWNSTREAM_SIGNALING_OF_ACTIVATED_FGFR1	31	26		
REACTOME_DOWNSTREAM_SIGNALING_OF_ACTIVATED_FGFR2	30	25		
REACTOME_DOWNSTREAM_SIGNALING_OF_ACTIVATED_FGFR3	25	21		
REACTOME_DOWNSTREAM_SIGNALING_OF_ACTIVATED_FGFR4	27	22		
REACTOME_DOWNSTREAM_SIGNAL_TRANSDUCTION	29	28		
REACTOME_DRUG_ADME	109	55		
REACTOME_DRUG_MEDIATED_INHIBITION_OF_CDK4_CDK6_ACTIVITY	5	5		
REACTOME_DUAL_INCISION_IN_GG_NER	41	38		
REACTOME_DUAL_INCISION_IN_TC_NER	63	60		
REACTOME_E2F_ENABLED_INHIBITION_OF_PRE_REPLICATION_COMPLEX_FORMATION	9	9		
REACTOME_E2F_MEDIATED_REGULATION_OF_DNA_REPLICATION	22	21		
REACTOME_E3_UBIQUITIN_LIGASES_UBIQUITINATE_TARGET_PROTEINS	59	55		
REACTOME_EARLY_PHASE_OF_HIV_LIFE_CYCLE	14	13		
REACTOME_EARLY_SARS_COV_2_INFECTION_EVENTS	37	34		
REACTOME_ECM_PROTEOGLYCANS	76	62		
REACTOME_EFFECTS_OF_PIP2_HYDROLYSIS	27	25		
REACTOME_EGFR_DOWNREGULATION	31	30		
REACTOME_EGFR_INTERACTS_WITH_PHOSPHOLIPASE_C_GAMMA	9	9		
REACTOME_EGFR_TRANSACTIVATION_BY_GASTRIN	9	9		
REACTOME_EGR2_AND_SOX10_MEDIATED_INITIATION_OF_SCHWANN_CELL_MYELINATION	29	24		
REACTOME_EICOSANOIDS	12	6		
REACTOME_EICOSANOID_LIGAND_BINDING_RECEPTORS	15	12		
REACTOME_ELASTIC_FIBRE_FORMATION	44	36		
REACTOME_ELECTRIC_TRANSMISSION_ACROSS_GAP_JUNCTIONS	5	5		
REACTOME_ELEVATION_OF_CYTOSOLIC_CA2_LEVELS	16	16		
REACTOME_ENDOGENOUS_STEROLS	25	23		
REACTOME_ENDOSOMAL_SORTING_COMPLEX_REQUIRED_FOR_TRANSPORT_ESCRT	31	30		
REACTOME_ENDOSOMAL_VACUOLAR_PATHWAY	11		Rejected!	
REACTOME_ENERGY_DEPENDENT_REGULATION_OF_MTOR_BY_LKB1_AMPK	29	29		
REACTOME_ENHANCED_BINDING_OF_GP1BA_VARIANT_TO_VWF_MULTIMER_COLLAGEN	7		Rejected!	
REACTOME_ENOS_ACTIVATION	10	10		
REACTOME_EPHA_MEDIATED_GROWTH_CONE_COLLAPSE	29	29		
REACTOME_EPHB_MEDIATED_FORWARD_SIGNALING	42	38		
REACTOME_EPHRIN_SIGNALING	19	14		
REACTOME_EPH_EPHRIN_MEDIATED_REPULSION_OF_CELLS	51	48		
REACTOME_EPH_EPHRIN_SIGNALING	92	86		
REACTOME_EPIGENETIC_REGULATION_OF_GENE_EXPRESSION	254	201		
REACTOME_EPITHELIAL_MESENCHYMAL_TRANSITION_EMT_DURING_GASTRULATION	7	6		
REACTOME_ERBB2_ACTIVATES_PTK6_SIGNALING	13	11		
REACTOME_ERBB2_REGULATES_CELL_MOTILITY	15	14		
REACTOME_ERCC6_CSB_AND_EHMT2_G9A_POSITIVELY_REGULATE_RRNA_EXPRESSION	75	53		
REACTOME_ERKS_ARE_INACTIVATED	13	11		
REACTOME_ERK_MAPK_TARGETS	22	19		
REACTOME_ERYTHROCYTES_TAKE_UP_CARBON_DIOXIDE_AND_RELEASE_OXYGEN	13	8		
REACTOME_ERYTHROCYTES_TAKE_UP_OXYGEN_AND_RELEASE_CARBON_DIOXIDE	9		Rejected!	
REACTOME_ERYTHROPOIETIN_ACTIVATES_PHOSPHOINOSITIDE_3_KINASE_PI3K	12	12		
REACTOME_ERYTHROPOIETIN_ACTIVATES_PHOSPHOLIPASE_C_GAMMA_PLCG	7	7		
REACTOME_ERYTHROPOIETIN_ACTIVATES_RAS	14	14		
REACTOME_ERYTHROPOIETIN_ACTIVATES_STAT5	7	7		
REACTOME_ER_QUALITY_CONTROL_COMPARTMENT_ERQC	21	20		
REACTOME_ER_TO_GOLGI_ANTEROGRADE_TRANSPORT	156	140		
REACTOME_ESR_MEDIATED_SIGNALING	220	188		
REACTOME_ESTABLISHMENT_OF_SISTER_CHROMATID_COHESION	11	11		
REACTOME_ESTROGEN_BIOSYNTHESIS	6	5		
REACTOME_ESTROGEN_DEPENDENT_GENE_EXPRESSION	149	122		
REACTOME_ESTROGEN_DEPENDENT_NUCLEAR_EVENTS_DOWNSTREAM_OF_ESR_MEMBRANE_SIGNALING	24	23		
REACTOME_ESTROGEN_STIMULATED_SIGNALING_THROUGH_PRKCZ	6	6		
REACTOME_ETHANOL_OXIDATION	12	6		
REACTOME_EUKARYOTIC_TRANSLATION_ELONGATION	94	86		
REACTOME_EUKARYOTIC_TRANSLATION_INITIATION	120	109		
REACTOME_EVASION_BY_RSV_OF_HOST_INTERFERON_RESPONSES	35	21		
REACTOME_EXPORT_OF_VIRAL_RIBONUCLEOPROTEINS_FROM_NUCLEUS	33	31		
REACTOME_EXTENSION_OF_TELOMERES	51	47		
REACTOME_EXTRACELLULAR_MATRIX_ORGANIZATION	300	237		
REACTOME_EXTRA_NUCLEAR_ESTROGEN_SIGNALING	75	69		
REACTOME_EXTRINSIC_PATHWAY_OF_FIBRIN_CLOT_FORMATION	5		Rejected!	
REACTOME_FACTORS_INVOLVED_IN_MEGAKARYOCYTE_DEVELOPMENT_AND_PLATELET_PRODUCTION	170	134		
REACTOME_FANCONI_ANEMIA_PATHWAY	39	38		
REACTOME_FASL_CD95L_SIGNALING	5	5		
REACTOME_FASTK_FAMILY_PROTEINS_REGULATE_PROCESSING_AND_STABILITY_OF_MITOCHONDRIAL_RNAS	6		Rejected!	
REACTOME_FATTY_ACIDS	15	6		
REACTOME_FATTY_ACIDS_BOUND_TO_GPR40_FFAR1_REGULATE_INSULIN_SECRETION	8	7		
REACTOME_FATTY_ACID_METABOLISM	176	139		
REACTOME_FATTY_ACYL_COA_BIOSYNTHESIS	37	32		
REACTOME_FBXW7_MUTANTS_AND_NOTCH1_IN_CANCER	5	5		
REACTOME_FCERI_MEDIATED_CA_2_MOBILIZATION	86	27		
REACTOME_FCERI_MEDIATED_MAPK_ACTIVATION	87	28		
REACTOME_FCERI_MEDIATED_NF_KB_ACTIVATION	136	78		
REACTOME_FCGAMMA_RECEPTOR_FCGR_DEPENDENT_PHAGOCYTOSIS	143	81		
REACTOME_FCGR3A_MEDIATED_IL10_SYNTHESIS	95	32		
REACTOME_FCGR_ACTIVATION	69	9		
REACTOME_FC_EPSILON_RECEPTOR_FCERI_SIGNALING	186	123		
REACTOME_FERTILIZATION	26	23		
REACTOME_FGFR1B_LIGAND_BINDING_AND_ACTIVATION	8	7		
REACTOME_FGFR1C_LIGAND_BINDING_AND_ACTIVATION	14	10		
REACTOME_FGFR1_LIGAND_BINDING_AND_ACTIVATION	18	13		
REACTOME_FGFR1_MUTANT_RECEPTOR_ACTIVATION	31	27		
REACTOME_FGFR2B_LIGAND_BINDING_AND_ACTIVATION	10	6		
REACTOME_FGFR2C_LIGAND_BINDING_AND_ACTIVATION	13	9		
REACTOME_FGFR2_ALTERNATIVE_SPLICING	27	27		
REACTOME_FGFR2_LIGAND_BINDING_AND_ACTIVATION	20	12		
REACTOME_FGFR2_MUTANT_RECEPTOR_ACTIVATION	33	28		
REACTOME_FGFR3B_LIGAND_BINDING_AND_ACTIVATION	7	6		
REACTOME_FGFR3_LIGAND_BINDING_AND_ACTIVATION	13	9		
REACTOME_FGFRL1_MODULATION_OF_FGFR1_SIGNALING	13	9		
REACTOME_FIBRONECTIN_MATRIX_FORMATION	6		Rejected!	
REACTOME_FICOLINS_BIND_TO_REPETITIVE_CARBOHYDRATE_STRUCTURES_ON_THE_TARGET_CELL_SURFACE	5		Rejected!	
REACTOME_FLT3_SIGNALING	38	38		
REACTOME_FLT3_SIGNALING_BY_CBL_MUTANTS	7	7		
REACTOME_FLT3_SIGNALING_IN_DISEASE	28	28		
REACTOME_FLT3_SIGNALING_THROUGH_SRC_FAMILY_KINASES	6	6		
REACTOME_FOLDING_OF_ACTIN_BY_CCT_TRIC	10	10		
REACTOME_FORMATION_OF_APOPTOSOME	11	11		
REACTOME_FORMATION_OF_ATP_BY_CHEMIOSMOTIC_COUPLING	20	13		
REACTOME_FORMATION_OF_AXIAL_MESODERM	14	11		
REACTOME_FORMATION_OF_DEFINITIVE_ENDODERM	17	12		
REACTOME_FORMATION_OF_FIBRIN_CLOT_CLOTTING_CASCADE	39	24		
REACTOME_FORMATION_OF_INCISION_COMPLEX_IN_GG_NER	43	41		
REACTOME_FORMATION_OF_INTERMEDIATE_MESODERM	8	8		
REACTOME_FORMATION_OF_LATERAL_PLATE_MESODERM	5	5		
REACTOME_FORMATION_OF_PARAXIAL_MESODERM	69	63		
REACTOME_FORMATION_OF_RNA_POL_II_ELONGATION_COMPLEX	58	54		
REACTOME_FORMATION_OF_SENESCENCE_ASSOCIATED_HETEROCHROMATIN_FOCI_SAHF	17	16		
REACTOME_FORMATION_OF_TC_NER_PRE_INCISION_COMPLEX	51	48		
REACTOME_FORMATION_OF_THE_ANTERIOR_NEURAL_PLATE	11	6		
REACTOME_FORMATION_OF_THE_BETA_CATENIN_TCF_TRANSACTIVATING_COMPLEX	91	68		
REACTOME_FORMATION_OF_THE_CORNIFIED_ENVELOPE	129	54		
REACTOME_FORMATION_OF_THE_EARLY_ELONGATION_COMPLEX	33	31		
REACTOME_FORMATION_OF_THE_NEPHRIC_DUCT	18	14		
REACTOME_FORMATION_OF_THE_POSTERIOR_NEURAL_PLATE	10	6		
REACTOME_FORMATION_OF_THE_URETERIC_BUD	21	15		
REACTOME_FORMATION_OF_TUBULIN_FOLDING_INTERMEDIATES_BY_CCT_TRIC	26	19		
REACTOME_FORMATION_OF_WDR5_CONTAINING_HISTONE_MODIFYING_COMPLEXES	42	40		
REACTOME_FORMATION_OF_XYLULOSE_5_PHOSPHATE	5	5		
REACTOME_FORMYL_PEPTIDE_RECEPTORS_BIND_FORMYL_PEPTIDES_AND_MANY_OTHER_LIGANDS	8		Rejected!	
REACTOME_FOXO_MEDIATED_TRANSCRIPTION	66	64		
REACTOME_FOXO_MEDIATED_TRANSCRIPTION_OF_CELL_CYCLE_GENES	17	17		
REACTOME_FOXO_MEDIATED_TRANSCRIPTION_OF_CELL_DEATH_GENES	16	16		
REACTOME_FOXO_MEDIATED_TRANSCRIPTION_OF_OXIDATIVE_STRESS_METABOLIC_AND_NEURONAL_GENES	30	28		
REACTOME_FREE_FATTY_ACIDS_REGULATE_INSULIN_SECRETION	11	9		
REACTOME_FREE_FATTY_ACID_RECEPTORS	5		Rejected!	
REACTOME_FRS_MEDIATED_FGFR1_SIGNALING	23	18		
REACTOME_FRS_MEDIATED_FGFR2_SIGNALING	25	20		
REACTOME_FRS_MEDIATED_FGFR3_SIGNALING	20	16		
REACTOME_FRS_MEDIATED_FGFR4_SIGNALING	22	17		
REACTOME_FRUCTOSE_CATABOLISM	5	5		
REACTOME_FRUCTOSE_METABOLISM	7	7		
REACTOME_G0_AND_EARLY_G1	27	27		
REACTOME_G1_S_DNA_DAMAGE_CHECKPOINTS	68	67		
REACTOME_G1_S_SPECIFIC_TRANSCRIPTION	29	28		
REACTOME_G2_M_CHECKPOINTS	167	151		
REACTOME_G2_M_DNA_DAMAGE_CHECKPOINT	94	79		
REACTOME_G2_M_DNA_REPLICATION_CHECKPOINT	5	5		
REACTOME_G2_PHASE	5	5		
REACTOME_GAB1_SIGNALOSOME	17	17		
REACTOME_GABA_B_RECEPTOR_ACTIVATION	43	36		
REACTOME_GABA_RECEPTOR_ACTIVATION	60	47		
REACTOME_GABA_SYNTHESIS_RELEASE_REUPTAKE_AND_DEGRADATION	19	17		
REACTOME_GAMMA_CARBOXYLATION_HYPUSINYLATION_HYDROXYLATION_AND_ARYLSULFATASE_ACTIVATION	61	53		
REACTOME_GAMMA_CARBOXYLATION_TRANSPORT_AND_AMINO_TERMINAL_CLEAVAGE_OF_PROTEINS	11	7		
REACTOME_GAP_FILLING_DNA_REPAIR_SYNTHESIS_AND_LIGATION_IN_GG_NER	25	24		
REACTOME_GAP_JUNCTION_ASSEMBLY	38	21		
REACTOME_GAP_JUNCTION_DEGRADATION	12	12		
REACTOME_GAP_JUNCTION_TRAFFICKING_AND_REGULATION	51	34		
REACTOME_GASTRIN_CREB_SIGNALLING_PATHWAY_VIA_PKC_AND_MAPK	18	17		
REACTOME_GASTRULATION	129	111		
REACTOME_GDP_FUCOSE_BIOSYNTHESIS	6	6		
REACTOME_GENERATION_OF_SECOND_MESSENGER_MOLECULES	39	21		
REACTOME_GENE_AND_PROTEIN_EXPRESSION_BY_JAK_STAT_SIGNALING_AFTER_INTERLEUKIN_12_STIMULATION	38	34		
REACTOME_GENE_SILENCING_BY_RNA	139	112		
REACTOME_GERM_LAYER_FORMATION_AT_GASTRULATION	17	12		
REACTOME_GLI_PROTEINS_BIND_PROMOTERS_OF_HH_RESPONSIVE_GENES_TO_PROMOTE_TRANSCRIPTION	7	6		
REACTOME_GLOBAL_GENOME_NUCLEOTIDE_EXCISION_REPAIR_GG_NER	84	80		
REACTOME_GLUCAGON_LIKE_PEPTIDE_1_GLP1_REGULATES_INSULIN_SECRETION	42	37		
REACTOME_GLUCAGON_SIGNALING_IN_METABOLIC_REGULATION	33	26		
REACTOME_GLUCAGON_TYPE_LIGAND_RECEPTORS	33	24		
REACTOME_GLUCOCORTICOID_BIOSYNTHESIS	10	8		
REACTOME_GLUCONEOGENESIS	26	24		
REACTOME_GLUCOSE_METABOLISM	85	79		
REACTOME_GLUCURONIDATION	25	5		
REACTOME_GLUTAMATE_AND_GLUTAMINE_METABOLISM	14	13		
REACTOME_GLUTAMATE_NEUROTRANSMITTER_RELEASE_CYCLE	24	22		
REACTOME_GLUTATHIONE_CONJUGATION	36	21		
REACTOME_GLUTATHIONE_SYNTHESIS_AND_RECYCLING	12	10		
REACTOME_GLYCEROPHOSPHOLIPID_BIOSYNTHESIS	128	105		
REACTOME_GLYCEROPHOSPHOLIPID_CATABOLISM	7	7		
REACTOME_GLYCINE_DEGRADATION	7	6		
REACTOME_GLYCOGEN_BREAKDOWN_GLYCOGENOLYSIS	14	13		
REACTOME_GLYCOGEN_METABOLISM	25	23		
REACTOME_GLYCOGEN_STORAGE_DISEASES	16	15		
REACTOME_GLYCOGEN_SYNTHESIS	14	13		
REACTOME_GLYCOSAMINOGLYCAN_METABOLISM	126	108		
REACTOME_GLYCOSPHINGOLIPID_BIOSYNTHESIS	19	19		
REACTOME_GLYCOSPHINGOLIPID_CATABOLISM	39	32		
REACTOME_GLYCOSPHINGOLIPID_METABOLISM	58	51		
REACTOME_GLYCOSPHINGOLIPID_TRANSPORT	8	7		
REACTOME_GLYOXYLATE_METABOLISM_AND_GLYCINE_DEGRADATION	19	15		
REACTOME_GOLGI_ASSOCIATED_VESICLE_BIOGENESIS	56	51		
REACTOME_GOLGI_CISTERNAE_PERICENTRIOLAR_STACK_REORGANIZATION	14	14		
REACTOME_GOLGI_TO_ER_RETROGRADE_TRANSPORT	134	120		
REACTOME_GP1B_IX_V_ACTIVATION_SIGNALLING	12	8		
REACTOME_GPCR_LIGAND_BINDING	463	289		
REACTOME_GPER1_SIGNALING	45	38		
REACTOME_GPVI_MEDIATED_ACTIVATION_CASCADE	35	30		
REACTOME_GRB2_EVENTS_IN_ERBB2_SIGNALING	16	15		
REACTOME_GRB2_SOS_PROVIDES_LINKAGE_TO_MAPK_SIGNALING_FOR_INTEGRINS	15	13		
REACTOME_GRB7_EVENTS_IN_ERBB2_SIGNALING	5	5		
REACTOME_GROWTH_HORMONE_RECEPTOR_SIGNALING	24	19		
REACTOME_G_ALPHA_12_13_SIGNALLING_EVENTS	80	73		
REACTOME_G_ALPHA_I_SIGNALLING_EVENTS	314	211		
REACTOME_G_ALPHA_Q_SIGNALLING_EVENTS	217	171		
REACTOME_G_ALPHA_S_SIGNALLING_EVENTS	157	111		
REACTOME_G_ALPHA_Z_SIGNALLING_EVENTS	48	43		
REACTOME_G_BETA_GAMMA_SIGNALLING_THROUGH_CDC42	20	18		
REACTOME_G_BETA_GAMMA_SIGNALLING_THROUGH_PI3KGAMMA	25	23		
REACTOME_G_PROTEIN_ACTIVATION	24	21		
REACTOME_G_PROTEIN_BETA_GAMMA_SIGNALLING	32	29		
REACTOME_G_PROTEIN_MEDIATED_EVENTS	54	50		
REACTOME_HATS_ACETYLATE_HISTONES	142	117		
REACTOME_HCMV_EARLY_EVENTS	138	107		
REACTOME_HCMV_INFECTION	162	130		
REACTOME_HCMV_LATE_EVENTS	116	93		
REACTOME_HDACS_DEACETYLATE_HISTONES	94	73		
REACTOME_HDL_ASSEMBLY	8	6		
REACTOME_HDL_CLEARANCE	5	5		
REACTOME_HDL_REMODELING	10	8		
REACTOME_HDMS_DEMETHYLATE_HISTONES	50	32		
REACTOME_HDR_THROUGH_HOMOLOGOUS_RECOMBINATION_HRR	70	65		
REACTOME_HDR_THROUGH_MMEJ_ALT_NHEJ	12	12		
REACTOME_HDR_THROUGH_SINGLE_STRAND_ANNEALING_SSA	37	36		
REACTOME_HEDGEHOG_LIGAND_BIOGENESIS	65	64		
REACTOME_HEDGEHOG_OFF_STATE	113	103		
REACTOME_HEDGEHOG_ON_STATE	86	84		
REACTOME_HEME_BIOSYNTHESIS	14	14		
REACTOME_HEME_DEGRADATION	15	9		
REACTOME_HEME_SIGNALING	49	44		
REACTOME_HEMOSTASIS	679		Rejected!	
REACTOME_HEPARAN_SULFATE_HEPARIN_HS_GAG_METABOLISM	57	51		
REACTOME_HIGHLY_CALCIUM_PERMEABLE_NICOTINIC_ACETYLCHOLINE_RECEPTORS	9	8		
REACTOME_HIGHLY_CALCIUM_PERMEABLE_POSTSYNAPTIC_NICOTINIC_ACETYLCHOLINE_RECEPTORS	11	10		
REACTOME_HIGHLY_SODIUM_PERMEABLE_POSTSYNAPTIC_ACETYLCHOLINE_NICOTINIC_RECEPTORS	7	6		
REACTOME_HISTIDINE_CATABOLISM	8	6		
REACTOME_HIV_ELONGATION_ARREST_AND_RECOVERY	33	32		
REACTOME_HIV_INFECTION	231	216		
REACTOME_HIV_LIFE_CYCLE	149	139		
REACTOME_HIV_TRANSCRIPTION_ELONGATION	43	40		
REACTOME_HIV_TRANSCRIPTION_INITIATION	47	41		
REACTOME_HOMOLOGOUS_DNA_PAIRING_AND_STRAND_EXCHANGE	43	42		
REACTOME_HOMOLOGY_DIRECTED_REPAIR	140	121		
REACTOME_HORMONE_LIGAND_BINDING_RECEPTORS	12	6		
REACTOME_HOST_INTERACTIONS_OF_HIV_FACTORS	131	125		
REACTOME_HSF1_ACTIVATION	31	25		
REACTOME_HSF1_DEPENDENT_TRANSACTIVATION	38	32		
REACTOME_HSP90_CHAPERONE_CYCLE_FOR_STEROID_HORMONE_RECEPTORS_SHR_IN_THE_PRESENCE_OF_LIGAND	57	44		
REACTOME_HS_GAG_BIOSYNTHESIS	31	27		
REACTOME_HS_GAG_DEGRADATION	24	21		
REACTOME_HUR_ELAVL1_BINDS_AND_STABILIZES_MRNA	8	8		
REACTOME_HYALURONAN_BIOSYNTHESIS_AND_EXPORT	5		Rejected!	
REACTOME_HYALURONAN_METABOLISM	17	15		
REACTOME_HYALURONAN_UPTAKE_AND_DEGRADATION	12	11		
REACTOME_HYDROLYSIS_OF_LPC	9	8		
REACTOME_IFNG_SIGNALING_ACTIVATES_MAPKS	8	8		
REACTOME_IKBA_VARIANT_LEADS_TO_EDA_ID	7	6		
REACTOME_IKK_COMPLEX_RECRUITMENT_MEDIATED_BY_RIP1	23	22		
REACTOME_IL_6_TYPE_CYTOKINE_RECEPTOR_LIGAND_INTERACTIONS	17	11		
REACTOME_IMMUNOREGULATORY_INTERACTIONS_BETWEEN_A_LYMPHOID_AND_A_NON_LYMPHOID_CELL	190	60		
REACTOME_INACTIVATION_OF_CDC42_AND_RAC1	8	8		
REACTOME_INACTIVATION_OF_CSF3_G_CSF_SIGNALING	25	23		
REACTOME_INCRETIN_SYNTHESIS_SECRETION_AND_INACTIVATION	24	15		
REACTOME_INDUCTION_OF_CELL_CELL_FUSION	13	13		
REACTOME_INFECTION_WITH_MYCOBACTERIUM_TUBERCULOSIS	27	26		
REACTOME_INFECTIOUS_DISEASE	1081		Rejected!	
REACTOME_INFLAMMASOMES	21	17		
REACTOME_INFLUENZA_INFECTION	157	146		
REACTOME_INHIBITION_OF_DNA_RECOMBINATION_AT_TELOMERE	67	50		
REACTOME_INHIBITION_OF_REPLICATION_INITIATION_OF_DAMAGED_DNA_BY_RB1_E2F1	13	12		
REACTOME_INHIBITION_OF_THE_PROTEOLYTIC_ACTIVITY_OF_APC_C_REQUIRED_FOR_THE_ONSET_OF_ANAPHASE_BY_MITOTIC_SPINDLE_CHECKPOINT_COMPONENTS	21	20		
REACTOME_INITIAL_TRIGGERING_OF_COMPLEMENT	80	14		
REACTOME_INITIATION_OF_NUCLEAR_ENVELOPE_NE_REFORMATION	19	19		
REACTOME_INLA_MEDIATED_ENTRY_OF_LISTERIA_MONOCYTOGENES_INTO_HOST_CELLS	9	9		
REACTOME_INLB_MEDIATED_ENTRY_OF_LISTERIA_MONOCYTOGENES_INTO_HOST_CELL	15	14		
REACTOME_INNATE_IMMUNE_SYSTEM	1128		Rejected!	
REACTOME_INOSITOL_PHOSPHATE_METABOLISM	48	45		
REACTOME_INSERTION_OF_TAIL_ANCHORED_PROTEINS_INTO_THE_ENDOPLASMIC_RETICULUM_MEMBRANE	22	19		
REACTOME_INSULIN_PROCESSING	25	21		
REACTOME_INSULIN_RECEPTOR_RECYCLING	30	27		
REACTOME_INSULIN_RECEPTOR_SIGNALLING_CASCADE	54	46		
REACTOME_INTEGRATION_OF_ENERGY_METABOLISM	108	96		
REACTOME_INTEGRATION_OF_PROVIRUS	9	9		
REACTOME_INTEGRIN_CELL_SURFACE_INTERACTIONS	85	69		
REACTOME_INTEGRIN_SIGNALING	27	23		
REACTOME_INTERACTIONS_OF_REV_WITH_HOST_CELLULAR_PROTEINS	37	36		
REACTOME_INTERACTIONS_OF_VPR_WITH_HOST_CELLULAR_PROTEINS	37	36		
REACTOME_INTERACTION_BETWEEN_L1_AND_ANKYRINS	31	26		
REACTOME_INTERACTION_WITH_CUMULUS_CELLS_AND_THE_ZONA_PELLUCIDA	11	8		
REACTOME_INTERCONVERSION_OF_NUCLEOTIDE_DI_AND_TRIPHOSPHATES	29	29		
REACTOME_INTERFERON_ALPHA_BETA_SIGNALING	78	45		
REACTOME_INTERFERON_GAMMA_SIGNALING	98	66		
REACTOME_INTERFERON_SIGNALING	273	204		
REACTOME_INTERLEUKIN_10_SIGNALING	45	28		
REACTOME_INTERLEUKIN_12_FAMILY_SIGNALING	57	50		
REACTOME_INTERLEUKIN_12_SIGNALING	47	40		
REACTOME_INTERLEUKIN_15_SIGNALING	14	14		
REACTOME_INTERLEUKIN_17_SIGNALING	71	61		
REACTOME_INTERLEUKIN_18_SIGNALING	8	7		
REACTOME_INTERLEUKIN_1_FAMILY_SIGNALING	152	141		
REACTOME_INTERLEUKIN_1_PROCESSING	9	8		
REACTOME_INTERLEUKIN_1_SIGNALING	114	110		
REACTOME_INTERLEUKIN_20_FAMILY_SIGNALING	26	17		
REACTOME_INTERLEUKIN_21_SIGNALING	10	9		
REACTOME_INTERLEUKIN_23_SIGNALING	9	7		
REACTOME_INTERLEUKIN_27_SIGNALING	11	11		
REACTOME_INTERLEUKIN_2_FAMILY_SIGNALING	44	37		
REACTOME_INTERLEUKIN_2_SIGNALING	12	10		
REACTOME_INTERLEUKIN_35_SIGNALLING	12	11		
REACTOME_INTERLEUKIN_36_PATHWAY	7		Rejected!	
REACTOME_INTERLEUKIN_37_SIGNALING	21	20		
REACTOME_INTERLEUKIN_3_INTERLEUKIN_5_AND_GM_CSF_SIGNALING	48	43		
REACTOME_INTERLEUKIN_4_AND_INTERLEUKIN_13_SIGNALING	111	84		
REACTOME_INTERLEUKIN_6_FAMILY_SIGNALING	24	16		
REACTOME_INTERLEUKIN_6_SIGNALING	11	9		
REACTOME_INTERLEUKIN_7_SIGNALING	36	27		
REACTOME_INTERLEUKIN_9_SIGNALING	9	7		
REACTOME_INTERLEUKIN_RECEPTOR_SHC_SIGNALING	27	23		
REACTOME_INTESTINAL_ABSORPTION	5		Rejected!	
REACTOME_INTRACELLULAR_SIGNALING_BY_SECOND_MESSENGERS	313	291		
REACTOME_INTRAFLAGELLAR_TRANSPORT	54	45		
REACTOME_INTRA_GOLGI_AND_RETROGRADE_GOLGI_TO_ER_TRAFFIC	203	184		
REACTOME_INTRA_GOLGI_TRAFFIC	44	40		
REACTOME_INTRINSIC_PATHWAY_FOR_APOPTOSIS	55	52		
REACTOME_INTRINSIC_PATHWAY_OF_FIBRIN_CLOT_FORMATION	23	14		
REACTOME_INWARDLY_RECTIFYING_K_CHANNELS	35	30		
REACTOME_IONOTROPIC_ACTIVITY_OF_KAINATE_RECEPTORS	10	9		
REACTOME_ION_CHANNEL_TRANSPORT	183	160		
REACTOME_ION_HOMEOSTASIS	54	46		
REACTOME_ION_TRANSPORT_BY_P_TYPE_ATPASES	55	43		
REACTOME_IRAK1_RECRUITS_IKK_COMPLEX	14	13		
REACTOME_IRAK2_MEDIATED_ACTIVATION_OF_TAK1_COMPLEX	10	10		
REACTOME_IRAK4_DEFICIENCY_TLR2_4	18	16		
REACTOME_IRE1ALPHA_ACTIVATES_CHAPERONES	50	46		
REACTOME_IRF3_MEDIATED_ACTIVATION_OF_TYPE_1_IFN	5		Rejected!	
REACTOME_IRF3_MEDIATED_INDUCTION_OF_TYPE_I_IFN	13	11		
REACTOME_IRON_UPTAKE_AND_TRANSPORT	58	52		
REACTOME_IRS_ACTIVATION	5		Rejected!	
REACTOME_IRS_MEDIATED_SIGNALLING	48	41		
REACTOME_ISG15_ANTIVIRAL_MECHANISM	74	70		
REACTOME_JNK_C_JUN_KINASES_PHOSPHORYLATION_AND_ACTIVATION_MEDIATED_BY_ACTIVATED_HUMAN_TAK1	22	20		
REACTOME_JOSEPHIN_DOMAIN_DUBS	12	11		
REACTOME_KEAP1_NFE2L2_PATHWAY	125	120		
REACTOME_KERATAN_SULFATE_BIOSYNTHESIS	28	21		
REACTOME_KERATAN_SULFATE_DEGRADATION	15	10		
REACTOME_KERATAN_SULFATE_KERATIN_METABOLISM	36	28		
REACTOME_KERATINIZATION	217	57		
REACTOME_KETONE_BODY_METABOLISM	10	8		
REACTOME_KIDNEY_DEVELOPMENT	46	36		
REACTOME_KILLING_MECHANISMS	12	10		
REACTOME_KINESINS	61	50		
REACTOME_KSRP_KHSRP_BINDS_AND_DESTABILIZES_MRNA	17	17		
REACTOME_L1CAM_INTERACTIONS	121	100		
REACTOME_LAGGING_STRAND_SYNTHESIS	20	18		
REACTOME_LAMININ_INTERACTIONS	30	29		
REACTOME_LATE_ENDOSOMAL_MICROAUTOPHAGY	34	30		
REACTOME_LATE_SARS_COV_2_INFECTION_EVENTS	70	67		
REACTOME_LDL_CLEARANCE	19	17		
REACTOME_LDL_REMODELING	6		Rejected!	
REACTOME_LECTIN_PATHWAY_OF_COMPLEMENT_ACTIVATION	8	5		
REACTOME_LEISHMANIA_INFECTION	219	141		
REACTOME_LEUKOTRIENE_RECEPTORS	5	5		
REACTOME_LGI_ADAM_INTERACTIONS	14	9		
REACTOME_LIGAND_RECEPTOR_INTERACTIONS	8	8		
REACTOME_LINOLEIC_ACID_LA_METABOLISM	8	8		
REACTOME_LIPID_PARTICLE_ORGANIZATION	6	6		
REACTOME_LIPOPHAGY	9	9		
REACTOME_LISTERIA_MONOCYTOGENES_ENTRY_INTO_HOST_CELLS	20	19		
REACTOME_LONG_TERM_POTENTIATION	23	23		
REACTOME_LOSS_OF_FUNCTION_OF_MECP2_IN_RETT_SYNDROME	13	13		
REACTOME_LOSS_OF_FUNCTION_OF_SMAD2_3_IN_CANCER	7	7		
REACTOME_LOSS_OF_MECP2_BINDING_ABILITY_TO_THE_NCOR_SMRT_COMPLEX	7	7		
REACTOME_LRR_FLII_INTERACTING_PROTEIN_1_LRRFIP1_ACTIVATES_TYPE_I_IFN_PRODUCTION	5	5		
REACTOME_LTC4_CYSLTR_MEDIATED_IL4_PRODUCTION	7		Rejected!	
REACTOME_LYSINE_CATABOLISM	12	12		
REACTOME_LYSOSOME_VESICLE_BIOGENESIS	35	32		
REACTOME_LYSOSPHINGOLIPID_AND_LPA_RECEPTORS	14	10		
REACTOME_MALATE_ASPARTATE_SHUTTLE	9	9		
REACTOME_MAP2K_AND_MAPK_ACTIVATION	40	37		
REACTOME_MAP3K8_TPL2_DEPENDENT_MAPK1_3_ACTIVATION	16	15		
REACTOME_MAPK1_ERK2_ACTIVATION	9	8		
REACTOME_MAPK3_ERK1_ACTIVATION	10	9		
REACTOME_MAPK6_MAPK4_SIGNALING	93	87		
REACTOME_MAPK_FAMILY_SIGNALING_CASCADES	327	294		
REACTOME_MAPK_TARGETS_NUCLEAR_EVENTS_MEDIATED_BY_MAP_KINASES	31	26		
REACTOME_MASTL_FACILITATES_MITOTIC_PROGRESSION	10	10		
REACTOME_MATERNAL_TO_ZYGOTIC_TRANSITION_MZT	128	95		
REACTOME_MATURATION_OF_PROTEIN_3A	9	9		
REACTOME_MATURATION_OF_SARS_COV_1_NUCLEOPROTEIN	11	10		
REACTOME_MATURATION_OF_SARS_COV_2_NUCLEOPROTEIN	15	14		
REACTOME_MATURATION_OF_SARS_COV_2_SPIKE_PROTEIN	5	5		
REACTOME_MATURATION_OF_SPIKE_PROTEIN	37	35		
REACTOME_MATURATION_OF_TCA_ENZYMES_AND_REGULATION_OF_TCA_CYCLE	20	20		
REACTOME_MECP2_REGULATES_NEURONAL_RECEPTORS_AND_CHANNELS	18	16		
REACTOME_MECP2_REGULATES_TRANSCRIPTION_FACTORS	5	5		
REACTOME_MECP2_REGULATES_TRANSCRIPTION_OF_NEURONAL_LIGANDS	8	7		
REACTOME_MEIOSIS	120	96		
REACTOME_MEIOTIC_RECOMBINATION	88	64		
REACTOME_MEIOTIC_SYNAPSIS	78	61		
REACTOME_MELANIN_BIOSYNTHESIS	5		Rejected!	
REACTOME_MEMBRANE_TRAFFICKING	630		Rejected!	
REACTOME_METABOLIC_DISORDERS_OF_BIOLOGICAL_OXIDATION_ENZYMES	34	27		
REACTOME_METABOLISM_OF_AMINE_DERIVED_HORMONES	18	9		
REACTOME_METABOLISM_OF_AMINO_ACIDS_AND_DERIVATIVES	366	323		
REACTOME_METABOLISM_OF_ANGIOTENSINOGEN_TO_ANGIOTENSINS	17	13		
REACTOME_METABOLISM_OF_CARBOHYDRATES	288	250		
REACTOME_METABOLISM_OF_COFACTORS	25	24		
REACTOME_METABOLISM_OF_FAT_SOLUBLE_VITAMINS	48	35		
REACTOME_METABOLISM_OF_FOLATE_AND_PTERINES	17	15		
REACTOME_METABOLISM_OF_INGESTED_SEMET_SEC_MESEC_INTO_H2SE	8	7		
REACTOME_METABOLISM_OF_LIPIDS	757		Rejected!	
REACTOME_METABOLISM_OF_NITRIC_OXIDE_NOS3_ACTIVATION_AND_REGULATION	14	14		
REACTOME_METABOLISM_OF_NUCLEOTIDES	97	92		
REACTOME_METABOLISM_OF_POLYAMINES	59	56		
REACTOME_METABOLISM_OF_PORPHYRINS	27	21		
REACTOME_METABOLISM_OF_RNA	724		Rejected!	
REACTOME_METABOLISM_OF_STEROIDS	154	135		
REACTOME_METABOLISM_OF_STEROID_HORMONES	36	30		
REACTOME_METABOLISM_OF_VITAMINS_AND_COFACTORS	198	167		
REACTOME_METABOLISM_OF_WATER_SOLUBLE_VITAMINS_AND_COFACTORS	127	110		
REACTOME_METALLOPROTEASE_DUBS	37	33		
REACTOME_METALLOTHIONEINS_BIND_METALS	11		Rejected!	
REACTOME_METAL_ION_SLC_TRANSPORTERS	24	22		
REACTOME_METAL_SEQUESTRATION_BY_ANTIMICROBIAL_PROTEINS	6		Rejected!	
REACTOME_METHIONINE_SALVAGE_PATHWAY	6	6		
REACTOME_METHYLATION	14	13		
REACTOME_MET_ACTIVATES_PI3K_AKT_SIGNALING	6	6		
REACTOME_MET_ACTIVATES_PTK2_SIGNALING	30	27		
REACTOME_MET_ACTIVATES_PTPN11	5	5		
REACTOME_MET_ACTIVATES_RAP1_AND_RAC1	11	11		
REACTOME_MET_ACTIVATES_RAS_SIGNALING	11	11		
REACTOME_MET_INTERACTS_WITH_TNS_PROTEINS	5		Rejected!	
REACTOME_MET_PROMOTES_CELL_MOTILITY	41	37		
REACTOME_MET_RECEPTOR_ACTIVATION	6	6		
REACTOME_MET_RECEPTOR_RECYCLING	10	10		
REACTOME_MHC_CLASS_II_ANTIGEN_PRESENTATION	126	98		
REACTOME_MICRORNA_MIRNA_BIOGENESIS	25	23		
REACTOME_MINERALOCORTICOID_BIOSYNTHESIS	6		Rejected!	
REACTOME_MIRO_GTPASE_CYCLE	8	8		
REACTOME_MISCELLANEOUS_SUBSTRATES	12	6		
REACTOME_MISCELLANEOUS_TRANSPORT_AND_BINDING_EVENTS	26	24		
REACTOME_MISMATCH_REPAIR	15	14		
REACTOME_MITF_M_DEPENDENT_GENE_EXPRESSION	95	88		
REACTOME_MITF_M_REGULATED_MELANOCYTE_DEVELOPMENT	137	123		
REACTOME_MITOCHONDRIAL_BIOGENESIS	96	87		
REACTOME_MITOCHONDRIAL_CALCIUM_ION_TRANSPORT	23	22		
REACTOME_MITOCHONDRIAL_FATTY_ACID_BETA_OXIDATION	37	30		
REACTOME_MITOCHONDRIAL_FATTY_ACID_BETA_OXIDATION_OF_SATURATED_FATTY_ACIDS	11	10		
REACTOME_MITOCHONDRIAL_FATTY_ACID_BETA_OXIDATION_OF_UNSATURATED_FATTY_ACIDS	6	5		
REACTOME_MITOCHONDRIAL_IRON_SULFUR_CLUSTER_BIOGENESIS	13	13		
REACTOME_MITOCHONDRIAL_PROTEIN_DEGRADATION	98	83		
REACTOME_MITOCHONDRIAL_PROTEIN_IMPORT	65	60		
REACTOME_MITOCHONDRIAL_RNA_DEGRADATION	12	10		
REACTOME_MITOCHONDRIAL_TRANSLATION	96	91		
REACTOME_MITOCHONDRIAL_TRNA_AMINOACYLATION	21	21		
REACTOME_MITOCHONDRIAL_UNCOUPLING	7	7		
REACTOME_MITOPHAGY	39	37		
REACTOME_MITOTIC_G1_PHASE_AND_G1_S_TRANSITION	149	144		
REACTOME_MITOTIC_G2_G2_M_PHASES	200	185		
REACTOME_MITOTIC_METAPHASE_AND_ANAPHASE	236	223		
REACTOME_MITOTIC_PROMETAPHASE	204	186		
REACTOME_MITOTIC_PROPHASE	142	118		
REACTOME_MITOTIC_SPINDLE_CHECKPOINT	111	108		
REACTOME_MITOTIC_TELOPHASE_CYTOKINESIS	13	13		
REACTOME_MODULATION_BY_MTB_OF_HOST_IMMUNE_SYSTEM	7	7		
REACTOME_MOLECULES_ASSOCIATED_WITH_ELASTIC_FIBRES	37	31		
REACTOME_MOLYBDENUM_COFACTOR_BIOSYNTHESIS	6	6		
REACTOME_MRNA_CAPPING	29	27		
REACTOME_MRNA_DECAY_BY_3_TO_5_EXORIBONUCLEASE	16	13		
REACTOME_MRNA_DECAY_BY_5_TO_3_EXORIBONUCLEASE	15	15		
REACTOME_MRNA_EDITING	10	5		
REACTOME_MRNA_EDITING_C_TO_U_CONVERSION	8		Rejected!	
REACTOME_MRNA_SPLICING	212	205		
REACTOME_MRNA_SPLICING_MINOR_PATHWAY	50	50		
REACTOME_MTORC1_MEDIATED_SIGNALLING	24	23		
REACTOME_MTOR_SIGNALLING	41	40		
REACTOME_MUCOPOLYSACCHARIDOSES	11	11		
REACTOME_MULTIFUNCTIONAL_ANION_EXCHANGERS	9	6		
REACTOME_MUSCARINIC_ACETYLCHOLINE_RECEPTORS	5	5		
REACTOME_MUSCLE_CONTRACTION	203	166		
REACTOME_MYD88_INDEPENDENT_TLR4_CASCADE	109	100		
REACTOME_MYOCLONIC_EPILEPSY_OF_LAFORA	9	9		
REACTOME_MYOGENESIS	29	24		
REACTOME_M_DECAY_DEGRADATION_OF_MATERNAL_MRNAS_BY_MATERNALLY_STORED_FACTORS	33	29		
REACTOME_M_PHASE	417	376		
REACTOME_NADE_MODULATES_DEATH_SIGNALLING	6	6		
REACTOME_NA_CL_DEPENDENT_NEUROTRANSMITTER_TRANSPORTERS	19	17		
REACTOME_NCAM1_INTERACTIONS	42	36		
REACTOME_NCAM_SIGNALING_FOR_NEURITE_OUT_GROWTH	63	57		
REACTOME_NECTIN_NECL_TRANS_HETERODIMERIZATION	7	6		
REACTOME_NEDDYLATION	245	237		
REACTOME_NEF_AND_SIGNAL_TRANSDUCTION	8	8		
REACTOME_NEF_MEDIATED_CD4_DOWN_REGULATION	9	9		
REACTOME_NEF_MEDIATED_CD8_DOWN_REGULATION	7	7		
REACTOME_NEF_MEDIATED_DOWNREGULATION_OF_MHC_CLASS_I_COMPLEX_CELL_SURFACE_EXPRESSION	10	7		
REACTOME_NEF_MEDIATES_DOWN_MODULATION_OF_CELL_SURFACE_RECEPTORS_BY_RECRUITING_THEM_TO_CLATHRIN_ADAPTERS	21	17		
REACTOME_NEGATIVE_EPIGENETIC_REGULATION_OF_RRNA_EXPRESSION	108	83		
REACTOME_NEGATIVE_FEEDBACK_REGULATION_OF_MAPK_PATHWAY	6	6		
REACTOME_NEGATIVE_REGULATION_OF_ACTIVITY_OF_TFAP2_AP_2_FAMILY_TRANSCRIPTION_FACTORS	10	9		
REACTOME_NEGATIVE_REGULATION_OF_FGFR1_SIGNALING	33	28		
REACTOME_NEGATIVE_REGULATION_OF_FGFR2_SIGNALING	34	29		
REACTOME_NEGATIVE_REGULATION_OF_FGFR3_SIGNALING	29	25		
REACTOME_NEGATIVE_REGULATION_OF_FGFR4_SIGNALING	31	26		
REACTOME_NEGATIVE_REGULATION_OF_FLT3	15	15		
REACTOME_NEGATIVE_REGULATION_OF_MAPK_PATHWAY	43	41		
REACTOME_NEGATIVE_REGULATION_OF_MET_ACTIVITY	21	20		
REACTOME_NEGATIVE_REGULATION_OF_NMDA_RECEPTOR_MEDIATED_NEURONAL_TRANSMISSION	21	21		
REACTOME_NEGATIVE_REGULATION_OF_NOTCH4_SIGNALING	54	54		
REACTOME_NEGATIVE_REGULATION_OF_TCF_DEPENDENT_SIGNALING_BY_DVL_INTERACTING_PROTEINS	5	5		
REACTOME_NEGATIVE_REGULATION_OF_TCF_DEPENDENT_SIGNALING_BY_WNT_LIGAND_ANTAGONISTS	15	12		
REACTOME_NEGATIVE_REGULATION_OF_THE_PI3K_AKT_NETWORK	118	101		
REACTOME_NEGATIVE_REGULATORS_OF_DDX58_IFIH1_SIGNALING	35	33		
REACTOME_NEPHRIN_FAMILY_INTERACTIONS	23	23		
REACTOME_NEPHRON_DEVELOPMENT	13	12		
REACTOME_NERVOUS_SYSTEM_DEVELOPMENT	575		Rejected!	
REACTOME_NETRIN_1_SIGNALING	44	44		
REACTOME_NETRIN_MEDIATED_REPULSION_SIGNALS	8	8		
REACTOME_NEUREXINS_AND_NEUROLIGINS	56	49		
REACTOME_NEUROFASCIN_INTERACTIONS	7	6		
REACTOME_NEURONAL_SYSTEM	411	345		
REACTOME_NEUROTOXICITY_OF_CLOSTRIDIUM_TOXINS	10	9		
REACTOME_NEUROTRANSMITTER_CLEARANCE	11	9		
REACTOME_NEUROTRANSMITTER_RECEPTORS_AND_POSTSYNAPTIC_SIGNAL_TRANSMISSION	205	168		
REACTOME_NEUROTRANSMITTER_RELEASE_CYCLE	51	44		
REACTOME_NEUTROPHIL_DEGRANULATION	478	379		
REACTOME_NFE2L2_REGULATES_PENTOSE_PHOSPHATE_PATHWAY_GENES	8	7		
REACTOME_NFE2L2_REGULATING_ANTI_OXIDANT_DETOXIFICATION_ENZYMES	19	16		
REACTOME_NFE2L2_REGULATING_ER_STRESS_ASSOCIATED_GENES	5	5		
REACTOME_NFE2L2_REGULATING_INFLAMMATION_ASSOCIATED_GENES	5	5		
REACTOME_NFE2L2_REGULATING_MDR_ASSOCIATED_ENZYMES	8	8		
REACTOME_NFE2L2_REGULATING_TUMORIGENIC_GENES	11	11		
REACTOME_NF_KB_ACTIVATION_THROUGH_FADD_RIP_1_PATHWAY_MEDIATED_BY_CASPASE_8_AND_10	13	11		
REACTOME_NF_KB_IS_ACTIVATED_AND_SIGNALS_SURVIVAL	13	13		
REACTOME_NGF_INDEPENDANT_TRKA_ACTIVATION	5		Rejected!	
REACTOME_NGF_STIMULATED_TRANSCRIPTION	39	34		
REACTOME_NICOTINAMIDE_SALVAGING	19	17		
REACTOME_NICOTINATE_METABOLISM	31	28		
REACTOME_NITRIC_OXIDE_STIMULATES_GUANYLATE_CYCLASE	22	17		
REACTOME_NOD1_2_SIGNALING_PATHWAY	36	33		
REACTOME_NONCANONICAL_ACTIVATION_OF_NOTCH3	8	8		
REACTOME_NONHOMOLOGOUS_END_JOINING_NHEJ	68	54		
REACTOME_NONSENSE_MEDIATED_DECAY_NMD	116	107		
REACTOME_NON_INTEGRIN_MEMBRANE_ECM_INTERACTIONS	59	54		
REACTOME_NOREPINEPHRINE_NEUROTRANSMITTER_RELEASE_CYCLE	18	17		
REACTOME_NOSTRIN_MEDIATED_ENOS_TRAFFICKING	5	5		
REACTOME_NOTCH1_INTRACELLULAR_DOMAIN_REGULATES_TRANSCRIPTION	48	46		
REACTOME_NOTCH2_ACTIVATION_AND_TRANSMISSION_OF_SIGNAL_TO_THE_NUCLEUS	22	21		
REACTOME_NOTCH2_INTRACELLULAR_DOMAIN_REGULATES_TRANSCRIPTION	12	8		
REACTOME_NOTCH3_ACTIVATION_AND_TRANSMISSION_OF_SIGNAL_TO_THE_NUCLEUS	25	25		
REACTOME_NOTCH3_INTRACELLULAR_DOMAIN_REGULATES_TRANSCRIPTION	25	21		
REACTOME_NOTCH4_ACTIVATION_AND_TRANSMISSION_OF_SIGNAL_TO_THE_NUCLEUS	11	11		
REACTOME_NOTCH4_INTRACELLULAR_DOMAIN_REGULATES_TRANSCRIPTION	20	18		
REACTOME_NOTCH_HLH_TRANSCRIPTION_PATHWAY	28	27		
REACTOME_NPAS4_REGULATES_EXPRESSION_OF_TARGET_GENES	22	17		
REACTOME_NR1H2_AND_NR1H3_MEDIATED_SIGNALING	47	42		
REACTOME_NR1H2_NR1H3_REGULATE_GENE_EXPRESSION_LINKED_TO_GLUCONEOGENESIS	5	5		
REACTOME_NR1H2_NR1H3_REGULATE_GENE_EXPRESSION_LINKED_TO_LIPOGENESIS	9	8		
REACTOME_NR1H2_NR1H3_REGULATE_GENE_EXPRESSION_LINKED_TO_TRIGLYCERIDE_LIPOLYSIS_IN_ADIPOSE	5	5		
REACTOME_NR1H2_NR1H3_REGULATE_GENE_EXPRESSION_TO_CONTROL_BILE_ACID_HOMEOSTASIS	9	8		
REACTOME_NR1H2_NR1H3_REGULATE_GENE_EXPRESSION_TO_LIMIT_CHOLESTEROL_UPTAKE	5	5		
REACTOME_NR1H3_NR1H2_REGULATE_GENE_EXPRESSION_LINKED_TO_CHOLESTEROL_TRANSPORT_AND_EFFLUX	37	34		
REACTOME_NRAGE_SIGNALS_DEATH_THROUGH_JNK	59	55		
REACTOME_NRCAM_INTERACTIONS	7	7		
REACTOME_NRIF_SIGNALS_CELL_DEATH_FROM_THE_NUCLEUS	16	16		
REACTOME_NS1_MEDIATED_EFFECTS_ON_HOST_PATHWAYS	41	39		
REACTOME_NTRK2_ACTIVATES_RAC1	5	5		
REACTOME_NUCLEAR_ENVELOPE_BREAKDOWN	53	51		
REACTOME_NUCLEAR_ENVELOPE_NE_REASSEMBLY	76	66		
REACTOME_NUCLEAR_EVENTS_KINASE_AND_TRANSCRIPTION_FACTOR_ACTIVATION	61	53		
REACTOME_NUCLEAR_EVENTS_MEDIATED_BY_NFE2L2	96	91		
REACTOME_NUCLEAR_EVENTS_STIMULATED_BY_ALK_SIGNALING_IN_CANCER	35	31		
REACTOME_NUCLEAR_IMPORT_OF_REV_PROTEIN	34	33		
REACTOME_NUCLEAR_PORE_COMPLEX_NPC_DISASSEMBLY	36	34		
REACTOME_NUCLEAR_RECEPTOR_TRANSCRIPTION_PATHWAY	53	50		
REACTOME_NUCLEAR_SIGNALING_BY_ERBB4	32	29		
REACTOME_NUCLEOTIDE_BINDING_DOMAIN_LEUCINE_RICH_REPEAT_CONTAINING_RECEPTOR_NLR_SIGNALING_PATHWAYS	56	50		
REACTOME_NUCLEOTIDE_BIOSYNTHESIS	14	13		
REACTOME_NUCLEOTIDE_CATABOLISM	35	33		
REACTOME_NUCLEOTIDE_EXCISION_REPAIR	108	104		
REACTOME_NUCLEOTIDE_LIKE_PURINERGIC_RECEPTORS	16	13		
REACTOME_NUCLEOTIDE_SALVAGE	23	19		
REACTOME_N_GLYCAN_ANTENNAE_ELONGATION	15	15		
REACTOME_N_GLYCAN_ANTENNAE_ELONGATION_IN_THE_MEDIAL_TRANS_GOLGI	26	23		
REACTOME_N_GLYCAN_TRIMMING_AND_ELONGATION_IN_THE_CIS_GOLGI	5		Rejected!	
REACTOME_N_GLYCAN_TRIMMING_IN_THE_ER_AND_CALNEXIN_CALRETICULIN_CYCLE	35	33		
REACTOME_OAS_ANTIVIRAL_RESPONSE	9	6		
REACTOME_OLFACTORY_SIGNALING_PATHWAY	417	44		
REACTOME_ONCOGENE_INDUCED_SENESCENCE	35	33		
REACTOME_ONCOGENIC_MAPK_SIGNALING	82	76		
REACTOME_OPIOID_SIGNALLING	90	83		
REACTOME_OPSINS	9		Rejected!	
REACTOME_ORC1_REMOVAL_FROM_CHROMATIN	71	70		
REACTOME_OREXIN_AND_NEUROPEPTIDES_FF_AND_QRFP_BIND_TO_THEIR_RESPECTIVE_RECEPTORS	8	5		
REACTOME_ORGANELLE_BIOGENESIS_AND_MAINTENANCE	297	269		
REACTOME_ORGANIC_ANION_TRANSPORT	5		Rejected!	
REACTOME_ORGANIC_ANION_TRANSPORTERS	12	10		
REACTOME_ORGANIC_CATION_ANION_ZWITTERION_TRANSPORT	15	12		
REACTOME_ORGANIC_CATION_TRANSPORT	10	9		
REACTOME_OTHER_INTERLEUKIN_SIGNALING	24	21		
REACTOME_OTHER_SEMAPHORIN_INTERACTIONS	19	17		
REACTOME_OVARIAN_TUMOR_DOMAIN_PROTEASES	39	35		
REACTOME_OXIDATIVE_STRESS_INDUCED_SENESCENCE	125	98		
REACTOME_O_GLYCOSYLATION_OF_TSR_DOMAIN_CONTAINING_PROTEINS	39	31		
REACTOME_O_LINKED_GLYCOSYLATION	111	86		
REACTOME_O_LINKED_GLYCOSYLATION_OF_MUCINS	62	45		
REACTOME_P130CAS_LINKAGE_TO_MAPK_SIGNALING_FOR_INTEGRINS	15	13		
REACTOME_P2Y_RECEPTORS	12	9		
REACTOME_P38MAPK_EVENTS	13	13		
REACTOME_P75NTR_NEGATIVELY_REGULATES_CELL_CYCLE_VIA_SC1	6	6		
REACTOME_P75NTR_RECRUITS_SIGNALLING_COMPLEXES	13	13		
REACTOME_P75NTR_REGULATES_AXONOGENESIS	10	9		
REACTOME_P75NTR_SIGNALS_VIA_NF_KB	16	16		
REACTOME_P75_NTR_RECEPTOR_MEDIATED_SIGNALLING	97	92		
REACTOME_PARACETAMOL_ADME	29	14		
REACTOME_PARASITE_INFECTION	116	55		
REACTOME_PASSIVE_TRANSPORT_BY_AQUAPORINS	13	10		
REACTOME_PCNA_DEPENDENT_LONG_PATCH_BASE_EXCISION_REPAIR	21	20		
REACTOME_PCP_CE_PATHWAY	92	91		
REACTOME_PDH_COMPLEX_SYNTHESIZES_ACETYL_COA_FROM_PYR	6		Rejected!	
REACTOME_PD_1_SIGNALING	28	12		
REACTOME_PECAM1_INTERACTIONS	12	12		
REACTOME_PENTOSE_PHOSPHATE_PATHWAY	15	12		
REACTOME_PEPTIDE_HORMONE_BIOSYNTHESIS	14	5		
REACTOME_PEPTIDE_HORMONE_METABOLISM	88	60		
REACTOME_PEPTIDE_LIGAND_BINDING_RECEPTORS	197	112		
REACTOME_PERK_REGULATES_GENE_EXPRESSION	32	28		
REACTOME_PEROXISOMAL_LIPID_METABOLISM	29	25		
REACTOME_PEROXISOMAL_PROTEIN_IMPORT	63	53		
REACTOME_PEXOPHAGY	11	11		
REACTOME_PHASE_0_RAPID_DEPOLARISATION	32	27		
REACTOME_PHASE_1_INACTIVATION_OF_FAST_NA_CHANNELS	7	5		
REACTOME_PHASE_2_PLATEAU_PHASE	15	13		
REACTOME_PHASE_3_RAPID_REPOLARISATION	9	9		
REACTOME_PHASE_4_RESTING_MEMBRANE_POTENTIAL	19	16		
REACTOME_PHASE_II_CONJUGATION_OF_COMPOUNDS	109	57		
REACTOME_PHASE_I_FUNCTIONALIZATION_OF_COMPOUNDS	104	71		
REACTOME_PHENYLALANINE_AND_TYROSINE_METABOLISM	11	11		
REACTOME_PHENYLALANINE_METABOLISM	6	6		
REACTOME_PHOSPHATE_BOND_HYDROLYSIS_BY_NTPDASE_PROTEINS	8	8		
REACTOME_PHOSPHATE_BOND_HYDROLYSIS_BY_NUDT_PROTEINS	7	7		
REACTOME_PHOSPHOLIPASE_C_MEDIATED_CASCADE_FGFR1	16	11		
REACTOME_PHOSPHOLIPASE_C_MEDIATED_CASCADE_FGFR2	18	13		
REACTOME_PHOSPHOLIPASE_C_MEDIATED_CASCADE_FGFR4	15	10		
REACTOME_PHOSPHOLIPID_METABOLISM	211	181		
REACTOME_PHOSPHORYLATION_OF_EMI1	6	6		
REACTOME_PHOSPHORYLATION_OF_THE_APC_C	20	20		
REACTOME_PHYSIOLOGICAL_FACTORS	14	9		
REACTOME_PI3K_AKT_ACTIVATION	9	9		
REACTOME_PI3K_AKT_SIGNALING_IN_CANCER	110	96		
REACTOME_PI3K_EVENTS_IN_ERBB2_SIGNALING	16	15		
REACTOME_PI3K_EVENTS_IN_ERBB4_SIGNALING	10	9		
REACTOME_PI5P_REGULATES_TP53_ACETYLATION	9	8		
REACTOME_PINK1_PRKN_MEDIATED_MITOPHAGY	32	30		
REACTOME_PIWI_INTERACTING_RNA_PIRNA_BIOGENESIS	29	28		
REACTOME_PI_3K_CASCADE_FGFR1	21	16		
REACTOME_PI_3K_CASCADE_FGFR2	23	18		
REACTOME_PI_3K_CASCADE_FGFR3	18	14		
REACTOME_PI_3K_CASCADE_FGFR4	20	15		
REACTOME_PI_METABOLISM	84	77		
REACTOME_PKA_ACTIVATION_IN_GLUCAGON_SIGNALLING	17	14		
REACTOME_PKA_MEDIATED_PHOSPHORYLATION_OF_CREB	20	17		
REACTOME_PKA_MEDIATED_PHOSPHORYLATION_OF_KEY_METABOLIC_FACTORS	5		Rejected!	
REACTOME_PKMTS_METHYLATE_HISTONE_LYSINES	70	54		
REACTOME_PKR_MEDIATED_SIGNALING	76	61		
REACTOME_PLASMA_LIPOPROTEIN_ASSEMBLY	19	15		
REACTOME_PLASMA_LIPOPROTEIN_ASSEMBLY_REMODELING_AND_CLEARANCE	75	62		
REACTOME_PLASMA_LIPOPROTEIN_CLEARANCE	37	33		
REACTOME_PLASMA_LIPOPROTEIN_REMODELING	34	27		
REACTOME_PLATELET_ACTIVATION_SIGNALING_AND_AGGREGATION	261	226		
REACTOME_PLATELET_ADHESION_TO_EXPOSED_COLLAGEN	16	11		
REACTOME_PLATELET_AGGREGATION_PLUG_FORMATION	39	32		
REACTOME_PLATELET_CALCIUM_HOMEOSTASIS	28	27		
REACTOME_PLATELET_HOMEOSTASIS	86	78		
REACTOME_PLATELET_SENSITIZATION_BY_LDL	17	17		
REACTOME_POLB_DEPENDENT_LONG_PATCH_BASE_EXCISION_REPAIR	8	8		
REACTOME_POLO_LIKE_KINASE_MEDIATED_EVENTS	16	16		
REACTOME_POLYMERASE_SWITCHING	14	12		
REACTOME_POLYMERASE_SWITCHING_ON_THE_C_STRAND_OF_THE_TELOMERE	26	24		
REACTOME_POSITIVE_EPIGENETIC_REGULATION_OF_RRNA_EXPRESSION	105	82		
REACTOME_POSTMITOTIC_NUCLEAR_PORE_COMPLEX_NPC_REFORMATION	27	26		
REACTOME_POST_CHAPERONIN_TUBULIN_FOLDING_PATHWAY	23	16		
REACTOME_POST_TRANSCRIPTIONAL_SILENCING_BY_SMALL_RNAS	7	7		
REACTOME_POST_TRANSLATIONAL_MODIFICATION_SYNTHESIS_OF_GPI_ANCHORED_PROTEINS	93	66		
REACTOME_POST_TRANSLATIONAL_PROTEIN_MODIFICATION	1475		Rejected!	
REACTOME_POTASSIUM_CHANNELS	103	87		
REACTOME_POTENTIAL_THERAPEUTICS_FOR_SARS	154	89		
REACTOME_POU5F1_OCT4_SOX2_NANOG_ACTIVATE_GENES_RELATED_TO_PROLIFERATION	13	8		
REACTOME_POU5F1_OCT4_SOX2_NANOG_REPRESS_GENES_RELATED_TO_DIFFERENTIATION	10	5		
REACTOME_PP2A_MEDIATED_DEPHOSPHORYLATION_OF_KEY_METABOLIC_FACTORS	7	7		
REACTOME_PRC2_METHYLATES_HISTONES_AND_DNA	72	50		
REACTOME_PREDNISONE_ADME	10	5		
REACTOME_PREGNENOLONE_BIOSYNTHESIS	12	11		
REACTOME_PRESYNAPTIC_DEPOLARIZATION_AND_CALCIUM_CHANNEL_OPENING	11	9		
REACTOME_PRESYNAPTIC_FUNCTION_OF_KAINATE_RECEPTORS	21	19		
REACTOME_PRESYNAPTIC_NICOTINIC_ACETYLCHOLINE_RECEPTORS	12	10		
REACTOME_PREVENTION_OF_PHAGOSOMAL_LYSOSOMAL_FUSION	9	9		
REACTOME_PRE_NOTCH_EXPRESSION_AND_PROCESSING	119	82		
REACTOME_PRE_NOTCH_PROCESSING_IN_GOLGI	18	17		
REACTOME_PRE_NOTCH_PROCESSING_IN_THE_ENDOPLASMIC_RETICULUM	6	5		
REACTOME_PROCESSING_AND_ACTIVATION_OF_SUMO	10	10		
REACTOME_PROCESSING_OF_CAPPED_INTRONLESS_PRE_MRNA	29	28		
REACTOME_PROCESSING_OF_CAPPED_INTRON_CONTAINING_PRE_MRNA	283	271		
REACTOME_PROCESSING_OF_DNA_DOUBLE_STRAND_BREAK_ENDS	97	82		
REACTOME_PROCESSING_OF_INTRONLESS_PRE_MRNAS	20	19		
REACTOME_PROCESSING_OF_SMDT1	16	15		
REACTOME_PROCESSIVE_SYNTHESIS_ON_THE_C_STRAND_OF_THE_TELOMERE	19	18		
REACTOME_PROCESSIVE_SYNTHESIS_ON_THE_LAGGING_STRAND	15	13		
REACTOME_PROGRAMMED_CELL_DEATH	211	199		
REACTOME_PROLACTIN_RECEPTOR_SIGNALING	15	11		
REACTOME_PROLONGED_ERK_ACTIVATION_EVENTS	14	14		
REACTOME_PROPIONYL_COA_CATABOLISM	5	5		
REACTOME_PROSTACYCLIN_SIGNALLING_THROUGH_PROSTACYCLIN_RECEPTOR	19	17		
REACTOME_PROSTANOID_LIGAND_RECEPTORS	9	7		
REACTOME_PROTEIN_FOLDING	98	86		
REACTOME_PROTEIN_HYDROXYLATION	20	19		
REACTOME_PROTEIN_LIPOYLATION	10	10		
REACTOME_PROTEIN_LOCALIZATION	164	146		
REACTOME_PROTEIN_METHYLATION	17	17		
REACTOME_PROTEIN_PROTEIN_INTERACTIONS_AT_SYNAPSES	87	78		
REACTOME_PROTEIN_REPAIR	6	6		
REACTOME_PROTEIN_UBIQUITINATION	79	74		
REACTOME_PROTON_COUPLED_MONOCARBOXYLATE_TRANSPORT	6	6		
REACTOME_PTEN_REGULATION	139	137		
REACTOME_PTK6_EXPRESSION	5		Rejected!	
REACTOME_PTK6_PROMOTES_HIF1A_STABILIZATION	6		Rejected!	
REACTOME_PTK6_REGULATES_CELL_CYCLE	6	5		
REACTOME_PTK6_REGULATES_PROTEINS_INVOLVED_IN_RNA_PROCESSING	5		Rejected!	
REACTOME_PTK6_REGULATES_RHO_GTPASES_RAS_GTPASE_AND_MAP_KINASES	14	12		
REACTOME_PTK6_REGULATES_RTKS_AND_THEIR_EFFECTORS_AKT1_AND_DOK1	9	8		
REACTOME_PURINERGIC_SIGNALING_IN_LEISHMANIASIS_INFECTION	26	23		
REACTOME_PURINE_CATABOLISM	17	17		
REACTOME_PURINE_RIBONUCLEOSIDE_MONOPHOSPHATE_BIOSYNTHESIS	11	10		
REACTOME_PURINE_SALVAGE	13	11		
REACTOME_PYRIMIDINE_CATABOLISM	12	10		
REACTOME_PYRIMIDINE_SALVAGE	11	9		
REACTOME_PYROPTOSIS	27	23		
REACTOME_PYRUVATE_METABOLISM	49	45		
REACTOME_RAB_GEFS_EXCHANGE_GTP_FOR_GDP_ON_RABS	90	84		
REACTOME_RAB_GERANYLGERANYLATION	65	60		
REACTOME_RAB_REGULATION_OF_TRAFFICKING	122	115		
REACTOME_RAC1_GTPASE_CYCLE	184	178		
REACTOME_RAC2_GTPASE_CYCLE	88	84		
REACTOME_RAC3_GTPASE_CYCLE	94	90		
REACTOME_RAF_ACTIVATION	34	33		
REACTOME_RAF_INDEPENDENT_MAPK1_3_ACTIVATION	23	20		
REACTOME_RAP1_SIGNALLING	16	12		
REACTOME_RAS_ACTIVATION_UPON_CA2_INFLUX_THROUGH_NMDA_RECEPTOR	20	19		
REACTOME_RAS_PROCESSING	24	23		
REACTOME_RAS_SIGNALING_DOWNSTREAM_OF_NF1_LOSS_OF_FUNCTION_VARIANTS	7	7		
REACTOME_RA_BIOSYNTHESIS_PATHWAY	22	16		
REACTOME_REACTIONS_SPECIFIC_TO_THE_COMPLEX_N_GLYCAN_SYNTHESIS_PATHWAY	10	7		
REACTOME_RECEPTOR_MEDIATED_MITOPHAGY	11	11		
REACTOME_RECEPTOR_TYPE_TYROSINE_PROTEIN_PHOSPHATASES	20	19		
REACTOME_RECOGNITION_AND_ASSOCIATION_OF_DNA_GLYCOSYLASE_WITH_SITE_CONTAINING_AN_AFFECTED_PURINE	55	38		
REACTOME_RECOGNITION_OF_DNA_DAMAGE_BY_PCNA_CONTAINING_REPLICATION_COMPLEX	30	29		
REACTOME_RECRUITMENT_OF_MITOTIC_CENTROSOME_PROTEINS_AND_COMPLEXES	81	74		
REACTOME_RECRUITMENT_OF_NUMA_TO_MITOTIC_CENTROSOMES	95	82		
REACTOME_RECYCLING_OF_BILE_ACIDS_AND_SALTS	18	15		
REACTOME_RECYCLING_OF_EIF2_GDP	8	7		
REACTOME_RECYCLING_PATHWAY_OF_L1	49	37		
REACTOME_REDUCTION_OF_CYTOSOLIC_CA_LEVELS	12	11		
REACTOME_REELIN_SIGNALLING_PATHWAY	5		Rejected!	
REACTOME_REGULATED_NECROSIS	59	51		
REACTOME_REGULATED_PROTEOLYSIS_OF_P75NTR	11	11		
REACTOME_REGULATION_BY_C_FLIP	11	9		
REACTOME_REGULATION_OF_BACH1_ACTIVITY	11	11		
REACTOME_REGULATION_OF_BETA_CELL_DEVELOPMENT	42	32		
REACTOME_REGULATION_OF_CDH11_FUNCTION	11	10		
REACTOME_REGULATION_OF_CDH11_GENE_TRANSCRIPTION	10	8		
REACTOME_REGULATION_OF_CDH11_MRNA_TRANSLATION_BY_MICRORNAS	10	9		
REACTOME_REGULATION_OF_CDH19_EXPRESSION_AND_FUNCTION	7	7		
REACTOME_REGULATION_OF_CHOLESTEROL_BIOSYNTHESIS_BY_SREBP_SREBF	55	53		
REACTOME_REGULATION_OF_COMMISSURAL_AXON_PATHFINDING_BY_SLIT_AND_ROBO	10	10		
REACTOME_REGULATION_OF_CYTOSKELETAL_REMODELING_AND_CELL_SPREADING_BY_IPP_COMPLEX_COMPONENTS	8	8		
REACTOME_REGULATION_OF_ENDOGENOUS_RETROELEMENTS	142	94		
REACTOME_REGULATION_OF_ENDOGENOUS_RETROELEMENTS_BY_KRAB_ZFP_PROTEINS	107	61		
REACTOME_REGULATION_OF_ENDOGENOUS_RETROELEMENTS_BY_PIWI_INTERACTING_RNAS_PIRNAS	97	73		
REACTOME_REGULATION_OF_ENDOGENOUS_RETROELEMENTS_BY_THE_HUMAN_SILENCING_HUB_HUSH_COMPLEX	70	48		
REACTOME_REGULATION_OF_EXPRESSION_OF_SLITS_AND_ROBOS	172	163		
REACTOME_REGULATION_OF_FOXO_TRANSCRIPTIONAL_ACTIVITY_BY_ACETYLATION	10	10		
REACTOME_REGULATION_OF_FZD_BY_UBIQUITINATION	21	18		
REACTOME_REGULATION_OF_GENE_EXPRESSION_BY_HYPOXIA_INDUCIBLE_FACTOR	11	10		
REACTOME_REGULATION_OF_GENE_EXPRESSION_IN_BETA_CELLS	21	16		
REACTOME_REGULATION_OF_GENE_EXPRESSION_IN_EARLY_PANCREATIC_PRECURSOR_CELLS	8	5		
REACTOME_REGULATION_OF_GENE_EXPRESSION_IN_ENDOCRINE_COMMITTED_NEUROG3_PROGENITOR_CELLS	5		Rejected!	
REACTOME_REGULATION_OF_GENE_EXPRESSION_IN_LATE_STAGE_BRANCHING_MORPHOGENESIS_PANCREATIC_BUD_PRECURSOR_CELLS	16	13		
REACTOME_REGULATION_OF_GLUCOKINASE_BY_GLUCOKINASE_REGULATORY_PROTEIN	32	31		
REACTOME_REGULATION_OF_GLYCOLYSIS_BY_FRUCTOSE_2_6_BISPHOSPHATE_METABOLISM	12	11		
REACTOME_REGULATION_OF_HMOX1_EXPRESSION_AND_ACTIVITY	5	5		
REACTOME_REGULATION_OF_HOMOTYPIC_CELL_CELL_ADHESION	32	28		
REACTOME_REGULATION_OF_HSF1_MEDIATED_HEAT_SHOCK_RESPONSE	82	75		
REACTOME_REGULATION_OF_IFNA_IFNB_SIGNALING	26	12		
REACTOME_REGULATION_OF_IFNG_SIGNALING	14	13		
REACTOME_REGULATION_OF_INNATE_IMMUNE_RESPONSES_TO_CYTOSOLIC_DNA	15	14		
REACTOME_REGULATION_OF_INSULIN_LIKE_GROWTH_FACTOR_IGF_TRANSPORT_AND_UPTAKE_BY_INSULIN_LIKE_GROWTH_FACTOR_BINDING_PROTEINS_IGFBPS	124	84		
REACTOME_REGULATION_OF_INSULIN_SECRETION	78	70		
REACTOME_REGULATION_OF_KIT_SIGNALING	16	16		
REACTOME_REGULATION_OF_LIPID_METABOLISM_BY_PPARALPHA	118	111		
REACTOME_REGULATION_OF_LOCALIZATION_OF_FOXO_TRANSCRIPTION_FACTORS	12	12		
REACTOME_REGULATION_OF_MECP2_EXPRESSION_AND_ACTIVITY	32	31		
REACTOME_REGULATION_OF_MITF_M_DEPENDENT_GENES_INVOLVED_IN_APOPTOSIS	19	17		
REACTOME_REGULATION_OF_MITF_M_DEPENDENT_GENES_INVOLVED_IN_CELL_CYCLE_AND_PROLIFERATION	17	14		
REACTOME_REGULATION_OF_MITF_M_DEPENDENT_GENES_INVOLVED_IN_LYSOSOME_BIOGENESIS_AND_AUTOPHAGY	17	17		
REACTOME_REGULATION_OF_MITF_M_DEPENDENT_GENES_INVOLVED_IN_PIGMENTATION	42	39		
REACTOME_REGULATION_OF_MRNA_STABILITY_BY_PROTEINS_THAT_BIND_AU_RICH_ELEMENTS	87	86		
REACTOME_REGULATION_OF_NFE2L2_GENE_EXPRESSION	8	8		
REACTOME_REGULATION_OF_NF_KAPPA_B_SIGNALING	18	17		
REACTOME_REGULATION_OF_NPAS4_GENE_EXPRESSION	13	12		
REACTOME_REGULATION_OF_NPAS4_GENE_TRANSCRIPTION	5		Rejected!	
REACTOME_REGULATION_OF_NPAS4_MRNA_TRANSLATION	9	9		
REACTOME_REGULATION_OF_PLK1_ACTIVITY_AT_G2_M_TRANSITION	87	85		
REACTOME_REGULATION_OF_PTEN_GENE_TRANSCRIPTION	61	59		
REACTOME_REGULATION_OF_PTEN_LOCALIZATION	9	9		
REACTOME_REGULATION_OF_PTEN_MRNA_TRANSLATION	9	9		
REACTOME_REGULATION_OF_PTEN_STABILITY_AND_ACTIVITY	69	69		
REACTOME_REGULATION_OF_PYRUVATE_DEHYDROGENASE_PDH_COMPLEX	15	12		
REACTOME_REGULATION_OF_PYRUVATE_METABOLISM	33	30		
REACTOME_REGULATION_OF_RAS_BY_GAPS	68	67		
REACTOME_REGULATION_OF_RUNX1_EXPRESSION_AND_ACTIVITY	17	17		
REACTOME_REGULATION_OF_RUNX2_EXPRESSION_AND_ACTIVITY	72	72		
REACTOME_REGULATION_OF_RUNX3_EXPRESSION_AND_ACTIVITY	55	54		
REACTOME_REGULATION_OF_SIGNALING_BY_CBL	22	21		
REACTOME_REGULATION_OF_SIGNALING_BY_NODAL	12	7		
REACTOME_REGULATION_OF_TBK1_IKK_IKBKE_MEDIATED_ACTIVATION_OF_IRF3_IRF7	14	14		
REACTOME_REGULATION_OF_TBK1_IKK_MEDIATED_ACTIVATION_OF_IRF3_IRF7_UPON_TLR3_LIGATION	11	11		
REACTOME_REGULATION_OF_TLR_BY_ENDOGENOUS_LIGAND	22	17		
REACTOME_REGULATION_OF_TP53_ACTIVITY	160	152		
REACTOME_REGULATION_OF_TP53_ACTIVITY_THROUGH_ACETYLATION	30	29		
REACTOME_REGULATION_OF_TP53_ACTIVITY_THROUGH_ASSOCIATION_WITH_CO_FACTORS	14	13		
REACTOME_REGULATION_OF_TP53_ACTIVITY_THROUGH_METHYLATION	19	19		
REACTOME_REGULATION_OF_TP53_ACTIVITY_THROUGH_PHOSPHORYLATION	92	87		
REACTOME_REGULATION_OF_TP53_EXPRESSION_AND_DEGRADATION	37	36		
REACTOME_RELAXIN_RECEPTORS	8	5		
REACTOME_RELEASE_OF_APOPTOTIC_FACTORS_FROM_THE_MITOCHONDRIA	7	7		
REACTOME_RELEASE_OF_HH_NP_FROM_THE_SECRETING_CELL	8	7		
REACTOME_REMOVAL_OF_AMINOTERMINAL_PROPEPTIDES_FROM_GAMMA_CARBOXYLATED_PROTEINS	10	6		
REACTOME_REPLACEMENT_OF_PROTAMINES_BY_NUCLEOSOMES_IN_THE_MALE_PRONUCLEUS	42	27		
REACTOME_REPRESSION_OF_WNT_TARGET_GENES	14	13		
REACTOME_REPRODUCTION	158	128		
REACTOME_RESOLUTION_OF_ABASIC_SITES_AP_SITES	38	37		
REACTOME_RESOLUTION_OF_AP_SITES_VIA_THE_MULTIPLE_NUCLEOTIDE_PATCH_REPLACEMENT_PATHWAY	25	24		
REACTOME_RESOLUTION_OF_D_LOOP_STRUCTURES	37	33		
REACTOME_RESOLUTION_OF_D_LOOP_STRUCTURES_THROUGH_SYNTHESIS_DEPENDENT_STRAND_ANNEALING_SDSA	27	25		
REACTOME_RESOLUTION_OF_SISTER_CHROMATID_COHESION	127	114		
REACTOME_RESPIRATORY_ELECTRON_TRANSPORT	158	129		
REACTOME_RESPIRATORY_SYNCYTIAL_VIRUS_INFECTION_PATHWAY	120	100		
REACTOME_RESPIRATORY_SYNCYTIAL_VIRUS_RSV_ATTACHMENT_AND_ENTRY	23	21		
REACTOME_RESPIRATORY_SYNCYTIAL_VIRUS_RSV_GENOME_REPLICATION_TRANSCRIPTION_AND_TRANSLATION	16	15		
REACTOME_RESPONSE_OF_EIF2AK1_HRI_TO_HEME_DEFICIENCY	15	13		
REACTOME_RESPONSE_OF_EIF2AK4_GCN2_TO_AMINO_ACID_DEFICIENCY	102	92		
REACTOME_RESPONSE_OF_MTB_TO_PHAGOCYTOSIS	23	23		
REACTOME_RESPONSE_TO_ELEVATED_PLATELET_CYTOSOLIC_CA2	132	111		
REACTOME_RESPONSE_TO_METAL_IONS	14	5		
REACTOME_RETINOID_CYCLE_DISEASE_EVENTS	13	9		
REACTOME_RETROGRADE_NEUROTROPHIN_SIGNALLING	14	14		
REACTOME_RETROGRADE_TRANSPORT_AT_THE_TRANS_GOLGI_NETWORK	49	47		
REACTOME_RET_SIGNALING	40	33		
REACTOME_REVERSIBLE_HYDRATION_OF_CARBON_DIOXIDE	12	8		
REACTOME_RHOA_GTPASE_CYCLE	149	142		
REACTOME_RHOBTB1_GTPASE_CYCLE	23	22		
REACTOME_RHOBTB2_GTPASE_CYCLE	23	22		
REACTOME_RHOBTB3_ATPASE_CYCLE	10	10		
REACTOME_RHOBTB_GTPASE_CYCLE	35	34		
REACTOME_RHOB_GTPASE_CYCLE	70	69		
REACTOME_RHOC_GTPASE_CYCLE	74	73		
REACTOME_RHOD_GTPASE_CYCLE	53	51		
REACTOME_RHOF_GTPASE_CYCLE	42	40		
REACTOME_RHOG_GTPASE_CYCLE	74	72		
REACTOME_RHOH_GTPASE_CYCLE	37	36		
REACTOME_RHOJ_GTPASE_CYCLE	55	53		
REACTOME_RHOQ_GTPASE_CYCLE	59	56		
REACTOME_RHOT1_GTPASE_CYCLE	5	5		
REACTOME_RHOU_GTPASE_CYCLE	40	40		
REACTOME_RHOV_GTPASE_CYCLE	37	37		
REACTOME_RHO_GTPASES_ACTIVATE_CIT	19	19		
REACTOME_RHO_GTPASES_ACTIVATE_FORMINS	140	127		
REACTOME_RHO_GTPASES_ACTIVATE_IQGAPS	32	23		
REACTOME_RHO_GTPASES_ACTIVATE_KTN1	11	11		
REACTOME_RHO_GTPASES_ACTIVATE_NADPH_OXIDASES	24	21		
REACTOME_RHO_GTPASES_ACTIVATE_PAKS	21	21		
REACTOME_RHO_GTPASES_ACTIVATE_PKNS	93	69		
REACTOME_RHO_GTPASES_ACTIVATE_RHOTEKIN_AND_RHOPHILINS	9	8		
REACTOME_RHO_GTPASES_ACTIVATE_ROCKS	19	19		
REACTOME_RHO_GTPASES_ACTIVATE_WASPS_AND_WAVES	36	35		
REACTOME_RHO_GTPASE_CYCLE	450	423		
REACTOME_RHO_GTPASE_EFFECTORS	323	280		
REACTOME_RIBAVIRIN_ADME	11	8		
REACTOME_RIPK1_MEDIATED_REGULATED_NECROSIS	32	28		
REACTOME_RIP_MEDIATED_NFKB_ACTIVATION_VIA_ZBP1	17	16		
REACTOME_RMTS_METHYLATE_HISTONE_ARGININES	78	58		
REACTOME_RNA_POLYMERASE_III_CHAIN_ELONGATION	18	18		
REACTOME_RNA_POLYMERASE_III_TRANSCRIPTION	41	41		
REACTOME_RNA_POLYMERASE_III_TRANSCRIPTION_INITIATION_FROM_TYPE_1_PROMOTER	28	28		
REACTOME_RNA_POLYMERASE_III_TRANSCRIPTION_INITIATION_FROM_TYPE_3_PROMOTER	28	28		
REACTOME_RNA_POLYMERASE_III_TRANSCRIPTION_TERMINATION	23	23		
REACTOME_RNA_POLYMERASE_II_PRE_TRANSCRIPTION_EVENTS	81	73		
REACTOME_RNA_POLYMERASE_II_TRANSCRIBES_SNRNA_GENES	81	72		
REACTOME_RNA_POLYMERASE_II_TRANSCRIPTION	1387		Rejected!	
REACTOME_RNA_POLYMERASE_II_TRANSCRIPTION_TERMINATION	67	65		
REACTOME_RNA_POLYMERASE_I_PROMOTER_ESCAPE	90	65		
REACTOME_RNA_POLYMERASE_I_TRANSCRIPTION	110	85		
REACTOME_RNA_POLYMERASE_I_TRANSCRIPTION_INITIATION	47	44		
REACTOME_RNA_POLYMERASE_I_TRANSCRIPTION_TERMINATION	31	28		
REACTOME_RND1_GTPASE_CYCLE	42	42		
REACTOME_RND2_GTPASE_CYCLE	43	42		
REACTOME_RND3_GTPASE_CYCLE	42	41		
REACTOME_ROBO_RECEPTORS_BIND_AKAP5	9	8		
REACTOME_ROLE_OF_ABL_IN_ROBO_SLIT_SIGNALING	8	8		
REACTOME_ROLE_OF_LAT2_NTAL_LAB_ON_CALCIUM_MOBILIZATION	71	15		
REACTOME_ROLE_OF_PHOSPHOLIPIDS_IN_PHAGOCYTOSIS	82	22		
REACTOME_ROLE_OF_SECOND_MESSENGERS_IN_NETRIN_1_SIGNALING	10	10		
REACTOME_RORA_ACTIVATES_GENE_EXPRESSION	18	18		
REACTOME_ROS_AND_RNS_PRODUCTION_IN_PHAGOCYTES	36	34		
REACTOME_RRNA_MODIFICATION_IN_THE_MITOCHONDRION	8	6		
REACTOME_RRNA_MODIFICATION_IN_THE_NUCLEUS_AND_CYTOSOL	60	56		
REACTOME_RRNA_PROCESSING	205	191		
REACTOME_RRNA_PROCESSING_IN_THE_MITOCHONDRION	12	10		
REACTOME_RSK_ACTIVATION	7	6		
REACTOME_RSV_HOST_INTERACTIONS	98	79		
REACTOME_RUNX1_AND_FOXP3_CONTROL_THE_DEVELOPMENT_OF_REGULATORY_T_LYMPHOCYTES_TREGS	10	6		
REACTOME_RUNX1_INTERACTS_WITH_CO_FACTORS_WHOSE_PRECISE_EFFECT_ON_RUNX1_TARGETS_IS_NOT_KNOWN	37	37		
REACTOME_RUNX1_REGULATES_ESTROGEN_RECEPTOR_MEDIATED_TRANSCRIPTION	6	6		
REACTOME_RUNX1_REGULATES_EXPRESSION_OF_COMPONENTS_OF_TIGHT_JUNCTIONS	5	5		
REACTOME_RUNX1_REGULATES_GENES_INVOLVED_IN_MEGAKARYOCYTE_DIFFERENTIATION_AND_PLATELET_FUNCTION	96	71		
REACTOME_RUNX1_REGULATES_TRANSCRIPTION_OF_GENES_INVOLVED_IN_BCR_SIGNALING	6	5		
REACTOME_RUNX1_REGULATES_TRANSCRIPTION_OF_GENES_INVOLVED_IN_DIFFERENTIATION_OF_HSCS	129	107		
REACTOME_RUNX1_REGULATES_TRANSCRIPTION_OF_GENES_INVOLVED_IN_DIFFERENTIATION_OF_KERATINOCYTES	8	6		
REACTOME_RUNX1_REGULATES_TRANSCRIPTION_OF_GENES_INVOLVED_IN_DIFFERENTIATION_OF_MYELOID_CELLS	7	7		
REACTOME_RUNX1_REGULATES_TRANSCRIPTION_OF_GENES_INVOLVED_IN_INTERLEUKIN_SIGNALING	5		Rejected!	
REACTOME_RUNX1_REGULATES_TRANSCRIPTION_OF_GENES_INVOLVED_IN_WNT_SIGNALING	6	6		
REACTOME_RUNX2_REGULATES_BONE_DEVELOPMENT	31	29		
REACTOME_RUNX2_REGULATES_CHONDROCYTE_MATURATION	5		Rejected!	
REACTOME_RUNX2_REGULATES_GENES_INVOLVED_IN_CELL_MIGRATION	8	8		
REACTOME_RUNX2_REGULATES_OSTEOBLAST_DIFFERENTIATION	24	23		
REACTOME_RUNX3_REGULATES_BCL2L11_BIM_TRANSCRIPTION	5	5		
REACTOME_RUNX3_REGULATES_CDKN1A_TRANSCRIPTION	7	7		
REACTOME_RUNX3_REGULATES_IMMUNE_RESPONSE_AND_CELL_MIGRATION	6		Rejected!	
REACTOME_RUNX3_REGULATES_NOTCH_SIGNALING	14	13		
REACTOME_RUNX3_REGULATES_P14_ARF	10	9		
REACTOME_RUNX3_REGULATES_WNT_SIGNALING	8	7		
REACTOME_RUNX3_REGULATES_YAP1_MEDIATED_TRANSCRIPTION	8	8		
REACTOME_SARS_COV_1_ACTIVATES_MODULATES_INNATE_IMMUNE_RESPONSES	41	36		
REACTOME_SARS_COV_1_HOST_INTERACTIONS	98	89		
REACTOME_SARS_COV_1_INFECTION	143	132		
REACTOME_SARS_COV_1_MODULATES_HOST_TRANSLATION_MACHINERY	37	35		
REACTOME_SARS_COV_1_TARGETS_HOST_INTRACELLULAR_SIGNALLING_AND_REGULATORY_PATHWAYS	16	15		
REACTOME_SARS_COV_2_ACTIVATES_MODULATES_INNATE_AND_ADAPTIVE_IMMUNE_RESPONSES	126	97		
REACTOME_SARS_COV_2_HOST_INTERACTIONS	204	169		
REACTOME_SARS_COV_2_INFECTION	299	258		
REACTOME_SARS_COV_2_MODULATES_AUTOPHAGY	11	11		
REACTOME_SARS_COV_2_MODULATES_HOST_TRANSLATION_MACHINERY	51	46		
REACTOME_SARS_COV_2_TARGETS_HOST_INTRACELLULAR_SIGNALLING_AND_REGULATORY_PATHWAYS	12	12		
REACTOME_SARS_COV_2_TARGETS_PDZ_PROTEINS_IN_CELL_CELL_JUNCTION	5		Rejected!	
REACTOME_SARS_COV_INFECTIONS	471	362		
REACTOME_SCAVENGING_BY_CLASS_A_RECEPTORS	19	16		
REACTOME_SCAVENGING_BY_CLASS_B_RECEPTORS	6	5		
REACTOME_SCAVENGING_BY_CLASS_F_RECEPTORS	6	6		
REACTOME_SCAVENGING_OF_HEME_FROM_PLASMA	69	5		
REACTOME_SCF_BETA_TRCP_MEDIATED_DEGRADATION_OF_EMI1	55	55		
REACTOME_SCF_SKP2_MEDIATED_DEGRADATION_OF_P27_P21	60	59		
REACTOME_SEALING_OF_THE_NUCLEAR_ENVELOPE_NE_BY_ESCRT_III	32	23		
REACTOME_SELECTIVE_AUTOPHAGY	90	78		
REACTOME_SELENOAMINO_ACID_METABOLISM	118	107		
REACTOME_SEMA3A_PAK_DEPENDENT_AXON_REPULSION	16	14		
REACTOME_SEMA3A_PLEXIN_REPULSION_SIGNALING_BY_INHIBITING_INTEGRIN_ADHESION	14	12		
REACTOME_SEMA4D_INDUCED_CELL_MIGRATION_AND_GROWTH_CONE_COLLAPSE	20	20		
REACTOME_SEMA4D_IN_SEMAPHORIN_SIGNALING	24	24		
REACTOME_SEMA4D_MEDIATED_INHIBITION_OF_CELL_ATTACHMENT_AND_MIGRATION	8	8		
REACTOME_SEMAPHORIN_INTERACTIONS	64	60		
REACTOME_SENESCENCE_ASSOCIATED_SECRETORY_PHENOTYPE_SASP	111	82		
REACTOME_SENSING_OF_DNA_DOUBLE_STRAND_BREAKS	6	6		
REACTOME_SENSORY_PERCEPTION	636	209		
REACTOME_SENSORY_PERCEPTION_OF_SALTY_TASTE	6	6		
REACTOME_SENSORY_PERCEPTION_OF_TASTE	47	25		
REACTOME_SENSORY_PROCESSING_OF_SOUND	77	72		
REACTOME_SENSORY_PROCESSING_OF_SOUND_BY_OUTER_HAIR_CELLS_OF_THE_COCHLEA	55	52		
REACTOME_SEPARATION_OF_SISTER_CHROMATIDS	191	179		
REACTOME_SERINE_BIOSYNTHESIS	9	9		
REACTOME_SEROTONIN_AND_MELATONIN_BIOSYNTHESIS	5		Rejected!	
REACTOME_SEROTONIN_NEUROTRANSMITTER_RELEASE_CYCLE	18	17		
REACTOME_SEROTONIN_RECEPTORS	12	11		
REACTOME_SHC1_EVENTS_IN_EGFR_SIGNALING	14	14		
REACTOME_SHC1_EVENTS_IN_ERBB2_SIGNALING	22	21		
REACTOME_SHC1_EVENTS_IN_ERBB4_SIGNALING	14	13		
REACTOME_SHC_MEDIATED_CASCADE_FGFR1	21	16		
REACTOME_SHC_MEDIATED_CASCADE_FGFR3	18	14		
REACTOME_SHC_MEDIATED_CASCADE_FGFR4	20	15		
REACTOME_SHC_RELATED_EVENTS_TRIGGERED_BY_IGF1R	9	8		
REACTOME_SIALIC_ACID_METABOLISM	33	30		
REACTOME_SIGNALING_BY_ACTIVATED_POINT_MUTANTS_OF_FGFR1	11	7		
REACTOME_SIGNALING_BY_ACTIVIN	17	17		
REACTOME_SIGNALING_BY_ALK	30	28		
REACTOME_SIGNALING_BY_ALK_IN_CANCER	93	87		
REACTOME_SIGNALING_BY_BMP	31	28		
REACTOME_SIGNALING_BY_BRAF_AND_RAF1_FUSIONS	65	61		
REACTOME_SIGNALING_BY_CSF1_M_CSF_IN_MYELOID_CELLS	31	31		
REACTOME_SIGNALING_BY_CSF3_G_CSF	30	28		
REACTOME_SIGNALING_BY_CTNNB1_PHOSPHO_SITE_MUTANTS	15	15		
REACTOME_SIGNALING_BY_CYTOSOLIC_FGFR1_FUSION_MUTANTS	18	18		
REACTOME_SIGNALING_BY_EGFR	53	52		
REACTOME_SIGNALING_BY_EGFR_IN_CANCER	25	25		
REACTOME_SIGNALING_BY_ERBB2	50	47		
REACTOME_SIGNALING_BY_ERBB2_ECD_MUTANTS	16	16		
REACTOME_SIGNALING_BY_ERBB2_IN_CANCER	26	25		
REACTOME_SIGNALING_BY_ERBB4	58	54		
REACTOME_SIGNALING_BY_ERYTHROPOIETIN	25	25		
REACTOME_SIGNALING_BY_FGFR	89	79		
REACTOME_SIGNALING_BY_FGFR1	52	47		
REACTOME_SIGNALING_BY_FGFR1_IN_DISEASE	38	34		
REACTOME_SIGNALING_BY_FGFR2	73	65		
REACTOME_SIGNALING_BY_FGFR2_IIIA_TM	19	19		
REACTOME_SIGNALING_BY_FGFR2_IN_DISEASE	43	38		
REACTOME_SIGNALING_BY_FGFR3	40	36		
REACTOME_SIGNALING_BY_FGFR4	41	36		
REACTOME_SIGNALING_BY_FGFR4_IN_DISEASE	11	10		
REACTOME_SIGNALING_BY_FGFR_IN_DISEASE	63	57		
REACTOME_SIGNALING_BY_FLT3_FUSION_PROTEINS	19	19		
REACTOME_SIGNALING_BY_FLT3_ITD_AND_TKD_MUTANTS	16	16		
REACTOME_SIGNALING_BY_GPCR	702		Rejected!	
REACTOME_SIGNALING_BY_HEDGEHOG	150	139		
REACTOME_SIGNALING_BY_HIPPO	20	20		
REACTOME_SIGNALING_BY_INSULIN_RECEPTOR	82	72		
REACTOME_SIGNALING_BY_INTERLEUKINS	473	390		
REACTOME_SIGNALING_BY_KIT_IN_DISEASE	20	19		
REACTOME_SIGNALING_BY_LEPTIN	11	10		
REACTOME_SIGNALING_BY_LRP5_MUTANTS	6	5		
REACTOME_SIGNALING_BY_LTK	12	10		
REACTOME_SIGNALING_BY_LTK_IN_CANCER	7	7		
REACTOME_SIGNALING_BY_MAPK_MUTANTS	7	6		
REACTOME_SIGNALING_BY_MEMBRANE_TETHERED_FUSIONS_OF_PDGFRA_OR_PDGFRB	5	5		
REACTOME_SIGNALING_BY_MET	79	74		
REACTOME_SIGNALING_BY_MODERATE_KINASE_ACTIVITY_BRAF_MUTANTS	45	41		
REACTOME_SIGNALING_BY_MRAS_COMPLEX_MUTANTS	8	8		
REACTOME_SIGNALING_BY_MST1	5	5		
REACTOME_SIGNALING_BY_NODAL	23	18		
REACTOME_SIGNALING_BY_NOTCH	246	203		
REACTOME_SIGNALING_BY_NOTCH1	74	72		
REACTOME_SIGNALING_BY_NOTCH1_HD_DOMAIN_MUTANTS_IN_CANCER	15	15		
REACTOME_SIGNALING_BY_NOTCH1_PEST_DOMAIN_MUTANTS_IN_CANCER	58	56		
REACTOME_SIGNALING_BY_NOTCH1_T_7_9_NOTCH1_M1580_K2555_TRANSLOCATION_MUTANT	7	7		
REACTOME_SIGNALING_BY_NOTCH2	33	28		
REACTOME_SIGNALING_BY_NOTCH3	49	45		
REACTOME_SIGNALING_BY_NOTCH4	82	80		
REACTOME_SIGNALING_BY_NTRK2_TRKB	25	24		
REACTOME_SIGNALING_BY_NTRK3_TRKC	17	17		
REACTOME_SIGNALING_BY_NTRKS	134	123		
REACTOME_SIGNALING_BY_NUCLEAR_RECEPTORS	296	250		
REACTOME_SIGNALING_BY_PDGF	58	51		
REACTOME_SIGNALING_BY_PDGFRA_TRANSMEMBRANE_JUXTAMEMBRANE_AND_KINASE_DOMAIN_MUTANTS	12	11		
REACTOME_SIGNALING_BY_PDGFR_IN_DISEASE	20	19		
REACTOME_SIGNALING_BY_PTK6	54	49		
REACTOME_SIGNALING_BY_RECEPTOR_TYROSINE_KINASES	532	479		
REACTOME_SIGNALING_BY_RETINOIC_ACID	43	34		
REACTOME_SIGNALING_BY_RHO_GTPASES_MIRO_GTPASES_AND_RHOBTB3	720		Rejected!	
REACTOME_SIGNALING_BY_RNF43_MUTANTS	8	6		
REACTOME_SIGNALING_BY_ROBO_RECEPTORS	218	207		
REACTOME_SIGNALING_BY_SCF_KIT	43	40		
REACTOME_SIGNALING_BY_TGFBR3	49	42		
REACTOME_SIGNALING_BY_TGFB_FAMILY_MEMBERS	161	144		
REACTOME_SIGNALING_BY_TGF_BETA_RECEPTOR_COMPLEX	94	87		
REACTOME_SIGNALING_BY_TGF_BETA_RECEPTOR_COMPLEX_IN_CANCER	8	7		
REACTOME_SIGNALING_BY_THE_B_CELL_RECEPTOR_BCR	166	104		
REACTOME_SIGNALING_BY_TYPE_1_INSULIN_LIKE_GROWTH_FACTOR_1_RECEPTOR_IGF1R	54	46		
REACTOME_SIGNALING_BY_VEGF	106	102		
REACTOME_SIGNALING_BY_WNT	330	293		
REACTOME_SIGNALING_BY_WNT_IN_CANCER	34	31		
REACTOME_SIGNALLING_TO_ERKS	34	34		
REACTOME_SIGNALLING_TO_P38_VIA_RIT_AND_RIN	5	5		
REACTOME_SIGNALLING_TO_RAS	20	20		
REACTOME_SIGNAL_AMPLIFICATION	33	30		
REACTOME_SIGNAL_ATTENUATION	10	9		
REACTOME_SIGNAL_REGULATORY_PROTEIN_FAMILY_INTERACTIONS	16	11		
REACTOME_SIGNAL_TRANSDUCTION_BY_L1	21	20		
REACTOME_SIRT1_NEGATIVELY_REGULATES_RRNA_EXPRESSION	67	45		
REACTOME_SLBP_DEPENDENT_PROCESSING_OF_REPLICATION_DEPENDENT_HISTONE_PRE_MRNAS	11	11		
REACTOME_SLC15A4_TASL_DEPENDENT_IRF5_ACTIVATION	6	5		
REACTOME_SLC_MEDIATED_TRANSMEMBRANE_TRANSPORT	249	213		
REACTOME_SLC_TRANSPORTER_DISORDERS	99	81		
REACTOME_SMAC_XIAP_REGULATED_APOPTOTIC_RESPONSE	8	8		
REACTOME_SMAD2_SMAD3_SMAD4_HETEROTRIMER_REGULATES_TRANSCRIPTION	36	34		
REACTOME_SMALL_INTERFERING_RNA_SIRNA_BIOGENESIS	9	9		
REACTOME_SMOOTH_MUSCLE_CONTRACTION	43	36		
REACTOME_SNRNP_ASSEMBLY	54	49		
REACTOME_SODIUM_CALCIUM_EXCHANGERS	11	11		
REACTOME_SODIUM_COUPLED_PHOSPHATE_COTRANSPORTERS	5	5		
REACTOME_SODIUM_COUPLED_SULPHATE_DI_AND_TRI_CARBOXYLATE_TRANSPORTERS	5	5		
REACTOME_SODIUM_PROTON_EXCHANGERS	9	9		
REACTOME_SOMITOGENESIS	55	53		
REACTOME_SOS_MEDIATED_SIGNALLING	7	7		
REACTOME_SPECIFICATION_OF_PRIMORDIAL_GERM_CELLS	12	9		
REACTOME_SPECIFICATION_OF_THE_NEURAL_PLATE_BORDER	17	12		
REACTOME_SPERM_MOTILITY_AND_TAXES	9	9		
REACTOME_SPHINGOLIPID_CATABOLISM	12	10		
REACTOME_SPHINGOLIPID_DE_NOVO_BIOSYNTHESIS	37	37		
REACTOME_SPHINGOLIPID_METABOLISM	107	98		
REACTOME_SPRY_REGULATION_OF_FGF_SIGNALING	16	16		
REACTOME_SRP_DEPENDENT_COTRANSLATIONAL_PROTEIN_TARGETING_TO_MEMBRANE	113	103		
REACTOME_STABILIZATION_OF_P53	57	56		
REACTOME_STAT3_NUCLEAR_EVENTS_DOWNSTREAM_OF_ALK_SIGNALING	11	11		
REACTOME_STAT5_ACTIVATION	7	7		
REACTOME_STAT5_ACTIVATION_DOWNSTREAM_OF_FLT3_ITD_MUTANTS	10	10		
REACTOME_STIMULI_SENSING_CHANNELS	106	97		
REACTOME_STING_MEDIATED_INDUCTION_OF_HOST_IMMUNE_RESPONSES	16	14		
REACTOME_STRIATED_MUSCLE_CONTRACTION	36	29		
REACTOME_SULFIDE_OXIDATION_TO_SULFATE	6	5		
REACTOME_SULFUR_AMINO_ACID_METABOLISM	28	25		
REACTOME_SUMOYLATION	189	169		
REACTOME_SUMOYLATION_OF_CHROMATIN_ORGANIZATION_PROTEINS	71	60		
REACTOME_SUMOYLATION_OF_DNA_DAMAGE_RESPONSE_AND_REPAIR_PROTEINS	77	73		
REACTOME_SUMOYLATION_OF_DNA_METHYLATION_PROTEINS	16	16		
REACTOME_SUMOYLATION_OF_DNA_REPLICATION_PROTEINS	46	45		
REACTOME_SUMOYLATION_OF_IMMUNE_RESPONSE_PROTEINS	12	11		
REACTOME_SUMOYLATION_OF_INTRACELLULAR_RECEPTORS	30	29		
REACTOME_SUMOYLATION_OF_RNA_BINDING_PROTEINS	47	45		
REACTOME_SUMOYLATION_OF_SUMOYLATION_PROTEINS	35	34		
REACTOME_SUMOYLATION_OF_TRANSCRIPTION_COFACTORS	44	42		
REACTOME_SUMOYLATION_OF_TRANSCRIPTION_FACTORS	20	18		
REACTOME_SUMOYLATION_OF_UBIQUITINYLATION_PROTEINS	39	38		
REACTOME_SUMO_IS_CONJUGATED_TO_E1_UBA2_SAE1	5	5		
REACTOME_SUMO_IS_PROTEOLYTICALLY_PROCESSED	6	6		
REACTOME_SUMO_IS_TRANSFERRED_FROM_E1_TO_E2_UBE2I_UBC9	7	7		
REACTOME_SUPPRESSION_OF_APOPTOSIS	7	7		
REACTOME_SUPPRESSION_OF_PHAGOSOMAL_MATURATION	13	13		
REACTOME_SURFACTANT_METABOLISM	30	20		
REACTOME_SWITCHING_OF_ORIGINS_TO_A_POST_REPLICATIVE_STATE	92	91		
REACTOME_SYNAPTIC_ADHESION_LIKE_MOLECULES	21	20		
REACTOME_SYNDECAN_INTERACTIONS	27	24		
REACTOME_SYNTHESIS_OF_12_EICOSATETRAENOIC_ACID_DERIVATIVES	7	6		
REACTOME_SYNTHESIS_OF_15_EICOSATETRAENOIC_ACID_DERIVATIVES	6	5		
REACTOME_SYNTHESIS_OF_16_20_HYDROXYEICOSATETRAENOIC_ACIDS_HETE	9	5		
REACTOME_SYNTHESIS_OF_5_EICOSATETRAENOIC_ACIDS	9	7		
REACTOME_SYNTHESIS_OF_ACTIVE_UBIQUITIN_ROLES_OF_E1_AND_E2_ENZYMES	30	29		
REACTOME_SYNTHESIS_OF_BILE_ACIDS_AND_BILE_SALTS	33	27		
REACTOME_SYNTHESIS_OF_BILE_ACIDS_AND_BILE_SALTS_VIA_24_HYDROXYCHOLESTEROL	13	9		
REACTOME_SYNTHESIS_OF_BILE_ACIDS_AND_BILE_SALTS_VIA_27_HYDROXYCHOLESTEROL	14	11		
REACTOME_SYNTHESIS_OF_BILE_ACIDS_AND_BILE_SALTS_VIA_7ALPHA_HYDROXYCHOLESTEROL	23	18		
REACTOME_SYNTHESIS_OF_DIPHTHAMIDE_EEF2	8	8		
REACTOME_SYNTHESIS_OF_DNA	121	118		
REACTOME_SYNTHESIS_OF_DOLICHYL_PHOSPHATE	6	6		
REACTOME_SYNTHESIS_OF_EPOXY_EET_AND_DIHYDROXYEICOSATRIENOIC_ACIDS_DHET	8		Rejected!	
REACTOME_SYNTHESIS_OF_GDP_MANNOSE	6	6		
REACTOME_SYNTHESIS_OF_GLYCOSYLPHOSPHATIDYLINOSITOL_GPI	18	17		
REACTOME_SYNTHESIS_OF_IP2_IP_AND_INS_IN_THE_CYTOSOL	14	13		
REACTOME_SYNTHESIS_OF_IP3_AND_IP4_IN_THE_CYTOSOL	26	24		
REACTOME_SYNTHESIS_OF_KETONE_BODIES	8	7		
REACTOME_SYNTHESIS_OF_LEUKOTRIENES_LT_AND_EOXINS_EX	21	11		
REACTOME_SYNTHESIS_OF_LIPOXINS_LX	6	5		
REACTOME_SYNTHESIS_OF_PA	39	31		
REACTOME_SYNTHESIS_OF_PC	28	26		
REACTOME_SYNTHESIS_OF_PE	13	11		
REACTOME_SYNTHESIS_OF_PG	8	8		
REACTOME_SYNTHESIS_OF_PI	5		Rejected!	
REACTOME_SYNTHESIS_OF_PIPS_AT_THE_EARLY_ENDOSOME_MEMBRANE	16	16		
REACTOME_SYNTHESIS_OF_PIPS_AT_THE_ER_MEMBRANE	5	5		
REACTOME_SYNTHESIS_OF_PIPS_AT_THE_GOLGI_MEMBRANE	18	16		
REACTOME_SYNTHESIS_OF_PIPS_AT_THE_LATE_ENDOSOME_MEMBRANE	11	11		
REACTOME_SYNTHESIS_OF_PIPS_AT_THE_PLASMA_MEMBRANE	53	48		
REACTOME_SYNTHESIS_OF_PROSTAGLANDINS_PG_AND_THROMBOXANES_TX	15	12		
REACTOME_SYNTHESIS_OF_PYROPHOSPHATES_IN_THE_CYTOSOL	10	9		
REACTOME_SYNTHESIS_OF_SUBSTRATES_IN_N_GLYCAN_BIOSYTHESIS	64	61		
REACTOME_SYNTHESIS_OF_UDP_N_ACETYL_GLUCOSAMINE	8	8		
REACTOME_SYNTHESIS_OF_VERY_LONG_CHAIN_FATTY_ACYL_COAS	24	22		
REACTOME_SYNTHESIS_OF_WYBUTOSINE_AT_G37_OF_TRNA_PHE	6		Rejected!	
REACTOME_SYNTHESIS_SECRETION_AND_DEACYLATION_OF_GHRELIN	19	11		
REACTOME_SYNTHESIS_SECRETION_AND_INACTIVATION_OF_GLUCAGON_LIKE_PEPTIDE_1_GLP_1	21	13		
REACTOME_SYNTHESIS_SECRETION_AND_INACTIVATION_OF_GLUCOSE_DEPENDENT_INSULINOTROPIC_POLYPEPTIDE_GIP	13	8		
REACTOME_S_PHASE	163	159		
REACTOME_TACHYKININ_RECEPTORS_BIND_TACHYKININS	5		Rejected!	
REACTOME_TAK1_DEPENDENT_IKK_AND_NF_KAPPA_B_ACTIVATION	44	41		
REACTOME_TANDEM_PORE_DOMAIN_POTASSIUM_CHANNELS	12	9		
REACTOME_TBC_RABGAPS	44	43		
REACTOME_TCF_DEPENDENT_SIGNALING_IN_RESPONSE_TO_WNT	233	201		
REACTOME_TCR_SIGNALING	124	104		
REACTOME_TELOMERE_C_STRAND_LAGGING_STRAND_SYNTHESIS	34	32		
REACTOME_TELOMERE_C_STRAND_SYNTHESIS_INITIATION	13	12		
REACTOME_TELOMERE_EXTENSION_BY_TELOMERASE	23	21		
REACTOME_TELOMERE_MAINTENANCE	112	91		
REACTOME_TERMINAL_PATHWAY_OF_COMPLEMENT	8	5		
REACTOME_TERMINATION_OF_O_GLYCAN_BIOSYNTHESIS	23	16		
REACTOME_TERMINATION_OF_TRANSLESION_DNA_SYNTHESIS	32	30		
REACTOME_TETRAHYDROBIOPTERIN_BH4_SYNTHESIS_RECYCLING_SALVAGE_AND_REGULATION	10	9		
REACTOME_TFAP2A_ACTS_AS_A_TRANSCRIPTIONAL_REPRESSOR_DURING_RETINOIC_ACID_INDUCED_CELL_DIFFERENTIATION	5	5		
REACTOME_TFAP2_AP_2_FAMILY_REGULATES_TRANSCRIPTION_OF_CELL_CYCLE_FACTORS	5	5		
REACTOME_TFAP2_AP_2_FAMILY_REGULATES_TRANSCRIPTION_OF_GROWTH_FACTORS_AND_THEIR_RECEPTORS	15	11		
REACTOME_TGFBR3_EXPRESSION	28	21		
REACTOME_TGFBR3_PTM_REGULATION	11	11		
REACTOME_TGFBR3_REGULATES_TGF_BETA_SIGNALING	8	8		
REACTOME_TGF_BETA_RECEPTOR_SIGNALING_ACTIVATES_SMADS	47	43		
REACTOME_TGF_BETA_RECEPTOR_SIGNALING_IN_EMT_EPITHELIAL_TO_MESENCHYMAL_TRANSITION	16	15		
REACTOME_THE_ACTIVATION_OF_ARYLSULFATASES	13	9		
REACTOME_THE_CANONICAL_RETINOID_CYCLE_IN_RODS_TWILIGHT_VISION	23	16		
REACTOME_THE_FATTY_ACID_CYCLING_MODEL	5	5		
REACTOME_THE_NLRP3_INFLAMMASOME	16	14		
REACTOME_THE_PHOTOTRANSDUCTION_CASCADE	34	27		
REACTOME_THE_RETINOID_CYCLE_IN_CONES_DAYLIGHT_VISION	7		Rejected!	
REACTOME_THE_ROLE_OF_GTSE1_IN_G2_M_PROGRESSION_AFTER_G2_CHECKPOINT	79	70		
REACTOME_THE_ROLE_OF_NEF_IN_HIV_1_REPLICATION_AND_DISEASE_PATHOGENESIS	28	24		
REACTOME_THROMBIN_SIGNALLING_THROUGH_PROTEINASE_ACTIVATED_RECEPTORS_PARS	32	29		
REACTOME_THROMBOXANE_SIGNALLING_THROUGH_TP_RECEPTOR	24	22		
REACTOME_THYROXINE_BIOSYNTHESIS	10		Rejected!	
REACTOME_TICAM1_DEPENDENT_ACTIVATION_OF_IRF3_IRF7	13	12		
REACTOME_TICAM1_RIP1_MEDIATED_IKK_COMPLEX_RECRUITMENT	19	18		
REACTOME_TICAM1_TRAF6_DEPENDENT_INDUCTION_OF_TAK1_COMPLEX	11	11		
REACTOME_TIE2_SIGNALING	18	17		
REACTOME_TIGHT_JUNCTION_INTERACTIONS	30	23		
REACTOME_TLR3_MEDIATED_TICAM1_DEPENDENT_PROGRAMMED_CELL_DEATH	6	6		
REACTOME_TNFR1_INDUCED_NF_KAPPA_B_SIGNALING_PATHWAY	33	30		
REACTOME_TNFR1_INDUCED_PROAPOPTOTIC_SIGNALING	25	24		
REACTOME_TNFR1_MEDIATED_CERAMIDE_PRODUCTION	6	5		
REACTOME_TNFR2_NON_CANONICAL_NF_KB_PATHWAY	101	89		
REACTOME_TNFS_BIND_THEIR_PHYSIOLOGICAL_RECEPTORS	29	19		
REACTOME_TNF_RECEPTOR_SUPERFAMILY_TNFSF_MEMBERS_MEDIATING_NON_CANONICAL_NF_KB_PATHWAY	17	14		
REACTOME_TNF_SIGNALING	57	54		
REACTOME_TOLL_LIKE_RECEPTOR_9_TLR9_CASCADE	109	100		
REACTOME_TOLL_LIKE_RECEPTOR_CASCADES	170	153		
REACTOME_TOLL_LIKE_RECEPTOR_TLR1_TLR2_CASCADE	115	102		
REACTOME_TOXICITY_OF_BOTULINUM_TOXIN_TYPE_D_BOTD	5		Rejected!	
REACTOME_TP53_REGULATES_METABOLIC_GENES	84	71		
REACTOME_TP53_REGULATES_TRANSCRIPTION_OF_ADDITIONAL_CELL_CYCLE_GENES_WHOSE_EXACT_ROLE_IN_THE_P53_PATHWAY_REMAIN_UNCERTAIN	21	21		
REACTOME_TP53_REGULATES_TRANSCRIPTION_OF_CASPASE_ACTIVATORS_AND_CASPASES	12	10		
REACTOME_TP53_REGULATES_TRANSCRIPTION_OF_CELL_CYCLE_GENES	49	49		
REACTOME_TP53_REGULATES_TRANSCRIPTION_OF_CELL_DEATH_GENES	44	34		
REACTOME_TP53_REGULATES_TRANSCRIPTION_OF_DEATH_RECEPTORS_AND_LIGANDS	12	7		
REACTOME_TP53_REGULATES_TRANSCRIPTION_OF_DNA_REPAIR_GENES	62	57		
REACTOME_TP53_REGULATES_TRANSCRIPTION_OF_GENES_INVOLVED_IN_CYTOCHROME_C_RELEASE	20	17		
REACTOME_TP53_REGULATES_TRANSCRIPTION_OF_GENES_INVOLVED_IN_G1_CELL_CYCLE_ARREST	14	14		
REACTOME_TP53_REGULATES_TRANSCRIPTION_OF_GENES_INVOLVED_IN_G2_CELL_CYCLE_ARREST	18	18		
REACTOME_TP53_REGULATES_TRANSCRIPTION_OF_SEVERAL_ADDITIONAL_CELL_DEATH_GENES_WHOSE_SPECIFIC_ROLES_IN_P53_DEPENDENT_APOPTOSIS_REMAIN_UNCERTAIN	14	14		
REACTOME_TRAF3_DEPENDENT_IRF_ACTIVATION_PATHWAY	15	12		
REACTOME_TRAF6_MEDIATED_INDUCTION_OF_TAK1_COMPLEX_WITHIN_TLR4_COMPLEX	16	16		
REACTOME_TRAF6_MEDIATED_IRF7_ACTIVATION	30	15		
REACTOME_TRAF6_MEDIATED_IRF7_ACTIVATION_IN_TLR7_8_OR_9_SIGNALING	13	12		
REACTOME_TRAF6_MEDIATED_NF_KB_ACTIVATION	25	22		
REACTOME_TRAFFICKING_AND_PROCESSING_OF_ENDOSOMAL_TLR	13	12		
REACTOME_TRAFFICKING_OF_AMPA_RECEPTORS	31	27		
REACTOME_TRAFFICKING_OF_GLUR2_CONTAINING_AMPA_RECEPTORS	17	16		
REACTOME_TRAFFICKING_OF_MYRISTOYLATED_PROTEINS_TO_THE_CILIUM	5		Rejected!	
REACTOME_TRAIL_SIGNALING	8	5		
REACTOME_TRANSCRIPTIONAL_ACTIVATION_OF_MITOCHONDRIAL_BIOGENESIS	55	54		
REACTOME_TRANSCRIPTIONAL_ACTIVITY_OF_SMAD2_SMAD3_SMAD4_HETEROTRIMER	51	48		
REACTOME_TRANSCRIPTIONAL_AND_POST_TRANSLATIONAL_REGULATION_OF_MITF_M_EXPRESSION_AND_ACTIVITY	51	43		
REACTOME_TRANSCRIPTIONAL_REGULATION_BY_E2F6	34	34		
REACTOME_TRANSCRIPTIONAL_REGULATION_BY_MECP2	63	55		
REACTOME_TRANSCRIPTIONAL_REGULATION_BY_NPAS4	34	28		
REACTOME_TRANSCRIPTIONAL_REGULATION_BY_RUNX1	237	203		
REACTOME_TRANSCRIPTIONAL_REGULATION_BY_RUNX2	119	117		
REACTOME_TRANSCRIPTIONAL_REGULATION_BY_RUNX3	96	91		
REACTOME_TRANSCRIPTIONAL_REGULATION_BY_SMALL_RNAS	106	83		
REACTOME_TRANSCRIPTIONAL_REGULATION_BY_THE_AP_2_TFAP2_FAMILY_OF_TRANSCRIPTION_FACTORS	38	33		
REACTOME_TRANSCRIPTIONAL_REGULATION_BY_TP53	360	324		
REACTOME_TRANSCRIPTIONAL_REGULATION_BY_VENTX	41	37		
REACTOME_TRANSCRIPTIONAL_REGULATION_OF_BROWN_AND_BEIGE_ADIPOCYTE_DIFFERENTIATION	31	31		
REACTOME_TRANSCRIPTIONAL_REGULATION_OF_GRANULOPOIESIS	89	66		
REACTOME_TRANSCRIPTIONAL_REGULATION_OF_PLURIPOTENT_STEM_CELLS	31	22		
REACTOME_TRANSCRIPTIONAL_REGULATION_OF_TESTIS_DIFFERENTIATION	13	11		
REACTOME_TRANSCRIPTIONAL_REGULATION_OF_WHITE_ADIPOCYTE_DIFFERENTIATION	84	80		
REACTOME_TRANSCRIPTION_COUPLED_NUCLEOTIDE_EXCISION_REPAIR_TC_NER	76	72		
REACTOME_TRANSCRIPTION_OF_E2F_TARGETS_UNDER_NEGATIVE_CONTROL_BY_DREAM_COMPLEX	19	19		
REACTOME_TRANSCRIPTION_OF_E2F_TARGETS_UNDER_NEGATIVE_CONTROL_BY_P107_RBL1_AND_P130_RBL2_IN_COMPLEX_WITH_HDAC1	16	16		
REACTOME_TRANSCRIPTION_OF_THE_HIV_GENOME	70	63		
REACTOME_TRANSFERRIN_ENDOCYTOSIS_AND_RECYCLING	31	28		
REACTOME_TRANSLATION	295	275		
REACTOME_TRANSLATION_OF_REPLICASE_AND_ASSEMBLY_OF_THE_REPLICATION_TRANSCRIPTION_COMPLEX	14	14		
REACTOME_TRANSLATION_OF_SARS_COV_1_STRUCTURAL_PROTEINS	29	28		
REACTOME_TRANSLATION_OF_SARS_COV_2_STRUCTURAL_PROTEINS	57	54		
REACTOME_TRANSLESION_SYNTHESIS_BY_POLH	19	19		
REACTOME_TRANSLESION_SYNTHESIS_BY_POLK	17	17		
REACTOME_TRANSLESION_SYNTHESIS_BY_Y_FAMILY_DNA_POLYMERASES_BYPASSES_LESIONS_ON_DNA_TEMPLATE	39	37		
REACTOME_TRANSLOCATION_OF_SLC2A4_GLUT4_TO_THE_PLASMA_MEMBRANE	72	63		
REACTOME_TRANSMISSION_ACROSS_CHEMICAL_SYNAPSES	270	223		
REACTOME_TRANSPORT_AND_SYNTHESIS_OF_PAPS	6	6		
REACTOME_TRANSPORT_OF_BILE_SALTS_AND_ORGANIC_ACIDS_METAL_IONS_AND_AMINE_COMPOUNDS	84	73		
REACTOME_TRANSPORT_OF_CONNEXONS_TO_THE_PLASMA_MEMBRANE	21	11		
REACTOME_TRANSPORT_OF_FATTY_ACIDS	8	6		
REACTOME_TRANSPORT_OF_INORGANIC_CATIONS_ANIONS_AND_AMINO_ACIDS_OLIGOPEPTIDES	108	97		
REACTOME_TRANSPORT_OF_MATURE_MRNAS_DERIVED_FROM_INTRONLESS_TRANSCRIPTS	43	42		
REACTOME_TRANSPORT_OF_MATURE_TRANSCRIPT_TO_CYTOPLASM	84	80		
REACTOME_TRANSPORT_OF_NUCLEOSIDES_AND_FREE_PURINE_AND_PYRIMIDINE_BASES_ACROSS_THE_PLASMA_MEMBRANE	12	9		
REACTOME_TRANSPORT_OF_NUCLEOTIDE_SUGARS	9	9		
REACTOME_TRANSPORT_OF_ORGANIC_ANIONS	11	7		
REACTOME_TRANSPORT_OF_RCBL_WITHIN_THE_BODY	8	7		
REACTOME_TRANSPORT_OF_SMALL_MOLECULES	736		Rejected!	
REACTOME_TRANSPORT_OF_THE_SLBP_DEPENDANT_MATURE_MRNA	36	35		
REACTOME_TRANSPORT_OF_VITAMINS_NUCLEOSIDES_AND_RELATED_MOLECULES	43	33		
REACTOME_TRANSPORT_TO_THE_GOLGI_AND_SUBSEQUENT_MODIFICATION	187	167		
REACTOME_TRANS_GOLGI_NETWORK_VESICLE_BUDDING	72	66		
REACTOME_TRIF_MEDIATED_PROGRAMMED_CELL_DEATH	9	9		
REACTOME_TRIGLYCERIDE_BIOSYNTHESIS	14	12		
REACTOME_TRIGLYCERIDE_CATABOLISM	24	19		
REACTOME_TRIGLYCERIDE_METABOLISM	38	31		
REACTOME_TRISTETRAPROLIN_TTP_ZFP36_BINDS_AND_DESTABILIZES_MRNA	17	17		
REACTOME_TRNA_AMINOACYLATION	42	41		
REACTOME_TRNA_MODIFICATION_IN_THE_MITOCHONDRION	9	9		
REACTOME_TRNA_MODIFICATION_IN_THE_NUCLEUS_AND_CYTOSOL	43	40		
REACTOME_TRNA_PROCESSING	111	102		
REACTOME_TRNA_PROCESSING_IN_THE_MITOCHONDRION	7	5		
REACTOME_TRNA_PROCESSING_IN_THE_NUCLEUS	59	55		
REACTOME_TRP_CHANNELS	28	24		
REACTOME_TRYPTOPHAN_CATABOLISM	14	13		
REACTOME_TYPE_I_HEMIDESMOSOME_ASSEMBLY	11	11		
REACTOME_TYROSINE_CATABOLISM	5	5		
REACTOME_TYSND1_CLEAVES_PEROXISOMAL_PROTEINS	7	6		
REACTOME_UBIQUINOL_BIOSYNTHESIS	13	13		
REACTOME_UB_SPECIFIC_PROCESSING_PROTEASES	221	187		
REACTOME_UCH_PROTEINASES	102	99		
REACTOME_UNBLOCKING_OF_NMDA_RECEPTORS_GLUTAMATE_BINDING_AND_ACTIVATION	21	20		
REACTOME_UNFOLDED_PROTEIN_RESPONSE_UPR	93	84		
REACTOME_UNWINDING_OF_DNA	12	11		
REACTOME_UPTAKE_AND_ACTIONS_OF_BACTERIAL_TOXINS	29	27		
REACTOME_UPTAKE_AND_FUNCTION_OF_ANTHRAX_TOXINS	11	11		
REACTOME_UPTAKE_AND_FUNCTION_OF_DIPHTHERIA_TOXIN	6	6		
REACTOME_UPTAKE_OF_DIETARY_COBALAMINS_INTO_ENTEROCYTES	10	5		
REACTOME_UREA_CYCLE	10	9		
REACTOME_VASOPRESSIN_LIKE_RECEPTORS	6		Rejected!	
REACTOME_VASOPRESSIN_REGULATES_RENAL_WATER_HOMEOSTASIS_VIA_AQUAPORINS	43	35		
REACTOME_VEGFR2_MEDIATED_CELL_PROLIFERATION	19	19		
REACTOME_VEGFR2_MEDIATED_VASCULAR_PERMEABILITY	27	27		
REACTOME_VEGF_LIGAND_RECEPTOR_INTERACTIONS	8	8		
REACTOME_VESICLE_MEDIATED_TRANSPORT	725		Rejected!	
REACTOME_VIRAL_INFECTION_PATHWAYS	888		Rejected!	
REACTOME_VIRAL_MESSENGER_RNA_SYNTHESIS	44	43		
REACTOME_VISUAL_PHOTOTRANSDUCTION	100	72		
REACTOME_VITAMINS	6		Rejected!	
REACTOME_VITAMIN_B1_THIAMIN_METABOLISM	5		Rejected!	
REACTOME_VITAMIN_B2_RIBOFLAVIN_METABOLISM	7	6		
REACTOME_VITAMIN_B5_PANTOTHENATE_METABOLISM	20	18		
REACTOME_VITAMIN_C_ASCORBATE_METABOLISM	8	7		
REACTOME_VITAMIN_D_CALCIFEROL_METABOLISM	12	10		
REACTOME_VLDLR_INTERNALISATION_AND_DEGRADATION	16	16		
REACTOME_VLDL_ASSEMBLY	5		Rejected!	
REACTOME_VLDL_CLEARANCE	6		Rejected!	
REACTOME_VOLTAGE_GATED_POTASSIUM_CHANNELS	43	37		
REACTOME_VXPX_CARGO_TARGETING_TO_CILIUM	21	18		
REACTOME_WAX_AND_PLASMALOGEN_BIOSYNTHESIS	7	5		
REACTOME_WNT5A_DEPENDENT_INTERNALIZATION_OF_FZD2_FZD5_AND_ROR2	13	12		
REACTOME_WNT5A_DEPENDENT_INTERNALIZATION_OF_FZD4	15	15		
REACTOME_WNT_LIGAND_BIOGENESIS_AND_TRAFFICKING	26	24		
REACTOME_WNT_MEDIATED_ACTIVATION_OF_DVL	8	8		
REACTOME_XENOBIOTICS	23	11		
REACTOME_YAP1_AND_WWTR1_TAZ_STIMULATED_GENE_EXPRESSION	15	14		
REACTOME_ZBP1_DAI_MEDIATED_INDUCTION_OF_TYPE_I_IFNS	21	19		
REACTOME_ZINC_EFFLUX_AND_COMPARTMENTALIZATION_BY_THE_SLC30_FAMILY	5		Rejected!	
REACTOME_ZINC_INFLUX_INTO_CELLS_BY_THE_SLC39_GENE_FAMILY	10	10		
REACTOME_ZINC_TRANSPORTERS	15	14		
REACTOME_ZYGOTIC_GENOME_ACTIVATION_ZGA	17	11		
REACTOME_Z_DECAY_DEGRADATION_OF_MATERNAL_MRNAS_BY_ZYGOTICALLY_EXPRESSED_FACTORS	12	12		
WP_10Q1121Q1123_COPY_NUMBER_VARIATION_SYNDROME	61	53		
WP_10Q22Q23_COPY_NUMBER_VARIATION	64	55		
WP_11P112_COPY_NUMBER_VARIATION_SYNDROME	56	44		
WP_13Q1212_COPY_NUMBER_VARIATION	34	27		
WP_15Q112_COPY_NUMBER_VARIATION_SYNDROME	9	8		
WP_15Q11Q13_COPY_NUMBER_VARIATION	59	47		
WP_15Q133_COPY_NUMBER_VARIATION_SYNDROME	23	14		
WP_15Q25_COPY_NUMBER_VARIATION	46	40		
WP_16P112_DISTAL_DELETION_SYNDROME	33	24		
WP_16P112_PROXIMAL_DELETION_SYNDROME	76	70		
WP_17P133_YWHAE_COPY_NUMBER_VARIATION	21	19		
WP_17Q12_COPY_NUMBER_VARIATION_SYNDROME	99	62		
WP_1P36_COPY_NUMBER_VARIATION_SYNDROME	112	81		
WP_1Q211_COPY_NUMBER_VARIATION_SYNDROME	29	24		
WP_22Q112_COPY_NUMBER_VARIATION_SYNDROME	130	105		
WP_2Q112_COPY_NUMBER_VARIATION_SYNDROME	35	30		
WP_2Q13_COPY_NUMBER_VARIATION_SYNDROME	63	47		
WP_2Q211_COPY_NUMBER_VARIATION_SYNDROME	18	10		
WP_2Q37_COPY_NUMBER_VARIATION_SYNDROME	145	110		
WP_3Q29_COPY_NUMBER_VARIATION_SYNDROME	71	58		
WP_4HYDROXYTAMOXIFEN_DEXAMETHASONE_AND_RETINOIC_ACIDS_REGULATION_OF_P27_EXPRESSION	25	24		
WP_4P163_COPY_NUMBER_VARIATION	32	29		
WP_5Q35_COPY_NUMBER_VARIATION	111	92		
WP_6Q16_COPY_NUMBER_VARIATION	14	10		
WP_7OXOC_AND_7BETAHC_PATHWAYS	27	21		
WP_7Q1123_COPY_NUMBER_VARIATION_SYNDROME	106	97		
WP_7Q1123_DISTAL_COPY_NUMBER_VARIATION	22	18		
WP_8P231_COPY_NUMBER_VARIATION_SYNDROME	54	39		
WP_8Q1123_RB1CC1_COPY_NUMBER_VARIATION	16	15		
WP_ACETAMINOPHEN_IN_ANALGESIA_AND_ANTIPYRESIS	9	5		
WP_ACETYLCHOLINE_SYNTHESIS	7	5		
WP_ACE_INHIBITOR_PATHWAY	17	14		
WP_ACQUIRED_PARTIAL_LIPODYSTROPHY_BARRAQUERSIMONS_SYNDROME	10	9		
WP_ACTIVATION_OF_NLRP3_INFLAMMASOME_BY_SARSCOV2	7	6		
WP_ACUTE_MYELOID_LEUKEMIA	68	63		
WP_ACUTE_VIRAL_MYOCARDITIS	85	71		
WP_ADHD_AND_AUTISM_ASD_PATHWAYS	367	304		
WP_ADIPOGENESIS	131	117		
WP_AEROBIC_GLYCOLYSIS	12	11		
WP_AEROBIC_GLYCOLYSIS_AUGMENTED	13	12		
WP_AFFECTED_PATHWAYS_IN_DUCHENNE_MUSCULAR_DYSTROPHY	74	62		
WP_AFLATOXIN_B1_METABOLISM	7		Rejected!	
WP_AGERAGE_PATHWAY	66	62		
WP_AIRWAY_SMOOTH_MUSCLE_CELL_CONTRACTION	16	13		
WP_ALANINE_AND_ASPARTATE_METABOLISM	12	10		
WP_ALLOGRAFT_REJECTION	89	41		
WP_ALPHA_6_BETA_4_SIGNALING	33	32		
WP_ALSTROM_SYNDROME	34	28		
WP_ALTERED_GLYCOSYLATION_OF_MUC1_IN_TUMOR_MICROENVIRONMENT	9	6		
WP_ALTERNATIVE_PATHWAY_OF_FETAL_ANDROGEN_SYNTHESIS	11	8		
WP_ALZHEIMERS_DISEASE	261	234		
WP_ALZHEIMERS_DISEASE_AND_MIRNA_EFFECTS	326	236		
WP_AMINO_ACID_METABOLISM	91	78		
WP_AMINO_ACID_METABOLISM_IN_TRIPLENEGATIVE_BREAST_CANCER_CELLS	7	6		
WP_AMINO_ACID_METABOLISM_PATHWAY_EXCERPT_HISTIDINE_CATABOLISM_EXTENSION	6	5		
WP_AMINO_ACID_TRANSPORT_DEFECTS_IEMS	9	6		
WP_AMPACTIVATED_PROTEIN_KINASE_SIGNALING	67	62		
WP_AMPLIFICATION_AND_EXPANSION_OF_ONCOGENIC_PATHWAYS_AS_METASTATIC_TRAITS	17	15		
WP_AMYOTROPHIC_LATERAL_SCLEROSIS_ALS	38	35		
WP_ANDROGEN_RECEPTOR_NETWORK_IN_PROSTATE_CANCER	110	103		
WP_ANDROGEN_RECEPTOR_SIGNALING	91	86		
WP_ANGIOGENESIS	24	23		
WP_ANGIOPOIETINLIKE_PROTEIN_8_REGULATORY_PATHWAY	132	126		
WP_ANGIOTENSIN_II_RECEPTOR_TYPE_1_PATHWAY	28	25		
WP_ANTIVIRAL_AND_ANTIINFLAMMATORY_EFFECTS_OF_NRF2_ON_SARSCOV2_PATHWAY	32	20		
WP_APOE_AND_MIR146_IN_INFLAMMATION_AND_ATHEROSCLEROSIS	9	8		
WP_APOPTOSIS	88	71		
WP_APOPTOSISRELATED_NETWORK_DUE_TO_ALTERED_NOTCH3_IN_OVARIAN_CANCER	53	46		
WP_APOPTOSIS_MODULATION_AND_SIGNALING	92	73		
WP_APOPTOSIS_MODULATION_BY_HSP70	19	18		
WP_ARACHIDONATE_EPOXYGENASE_EPOXIDE_HYDROLASE	7		Rejected!	
WP_ARRHYTHMOGENIC_RIGHT_VENTRICULAR_CARDIOMYOPATHY	74	66		
WP_ARSENIC_METABOLISM_AND_REACTIVE_OXYGEN_SPECIES_GENERATION	11	9		
WP_ARYLAMINE_METABOLISM	6		Rejected!	
WP_ARYL_HYDROCARBON_RECEPTOR_PATHWAY_WP2586	46	41		
WP_ARYL_HYDROCARBON_RECEPTOR_PATHWAY_WP2873	45	32		
WP_ASPIRIN_AND_MIRNAS	19	9		
WP_ATM_SIGNALING	40	38		
WP_ATM_SIGNALING_IN_DEVELOPMENT_AND_DISEASE	47	44		
WP_ATR_SIGNALING	11	11		
WP_AUTOPHAGY	30	29		
WP_AUTOPHAGY_IN_PANCREATIC_DUCTAL_ADENOCARCINOMA	20	18		
WP_AUTOSOMAL_RECESSIVE_OSTEOPETROSIS_PATHWAYS	11	11		
WP_AXON_GUIDANCE	72	68		
WP_BARDETBIEDL_SYNDROME	88	78		
WP_BASE_EXCISION_REPAIR	31	30		
WP_BDNFTRKB_SIGNALING	33	33		
WP_BENZENE_METABOLISM	6	5		
WP_BENZOAPYRENE_METABOLISM	9	5		
WP_BILE_ACID_SYNTHESIS_AND_ENTEROHEPATIC_CIRCULATION	12	9		
WP_BIOGENIC_AMINE_SYNTHESIS	15	11		
WP_BIOMARKERS_FOR_PYRIMIDINE_METABOLISM_DISORDERS	15	13		
WP_BIOMARKERS_FOR_UREA_CYCLE_DISORDERS	12	9		
WP_BIOSYNTHESIS_AND_REGENERATION_OF_TETRAHYDROBIOPTERIN_AND_CATABOLISM_OF_PHENYLALANINE	15	13		
WP_BIOSYNTHESIS_AND_TURNOVER_OF_1DEOXYSPHINGOID_BASES	8	8		
WP_BIOTIN_METABOLISM_INCLUDING_IMDS	9	8		
WP_BLADDER_CANCER	40	35		
WP_BLOOD_CLOTTING_CASCADE	22	12		
WP_BMP2WNT4FOXO1_PATHWAY_IN_PRIMARY_ENDOMETRIAL_STROMAL_CELL_DIFFERENTIATION	13	11		
WP_BMP_SIGNALING_IN_EYELID_DEVELOPMENT	20	19		
WP_BONE_MORPHOGENIC_PROTEIN_SIGNALING_AND_REGULATION	12	10		
WP_BRAINDERIVED_NEUROTROPHIC_FACTOR_BDNF_SIGNALING	144	132		
WP_BREAST_CANCER_PATHWAY	154	138		
WP_BURN_WOUND_HEALING	113	86		
WP_B_CELL_RECEPTOR_SIGNALING	97	90		
WP_CALCIUM_MEDIATED_TCELL_APOPTOSIS_INVOLVED_IN_INCLUSION_BODY_MYOSITIS	20	19		
WP_CALCIUM_REGULATION_IN_CARDIAC_CELLS	151	135		
WP_CALORIC_RESTRICTION_AND_AGING	8	8		
WP_CAMKK2_PATHWAY	33	33		
WP_CANCER_IMMUNOTHERAPY_BY_CTLA4_BLOCKADE	14	11		
WP_CANCER_IMMUNOTHERAPY_BY_PD1_BLOCKADE	23	19		
WP_CANCER_PATHWAYS	507	434		
WP_CANNABINOID_RECEPTOR_SIGNALING	29	24		
WP_CANONICAL_AND_NONCANONICAL_NOTCH_SIGNALING	27	25		
WP_CANONICAL_AND_NONCANONICAL_TGFB_SIGNALING	17	15		
WP_CANONICAL_NFKB_PATHWAY	8	7		
WP_CARDIAC_HYPERTROPHIC_RESPONSE	55	50		
WP_CARDIAC_PROGENITOR_DIFFERENTIATION	53	36		
WP_CARDIOMYOCYTE_SIGNALING_CONVERGING_ON_TITIN	33	28		
WP_CATABOLISM_OF_SKELETAL_MUSCLE_IN_CACHEXIA	40	37		
WP_CATALYTIC_CYCLE_OF_MAMMALIAN_FLAVINCONTAINING_MONOOXYGENASES_FMOS	5		Rejected!	
WP_CCL18_SIGNALING	52	29		
WP_CELLS_AND_MOLECULES_INVOLVED_IN_LOCAL_ACUTE_INFLAMMATORY_RESPONSE	17	11		
WP_CELLTYPE_DEPENDENT_SELECTIVITY_OF_CCK2R_SIGNALING	13	13		
WP_CELLULAR_PROTEOSTASIS	6	6		
WP_CELL_CYCLE	120	117		
WP_CELL_DIFFERENTIATION_EXPANDED_INDEX	59	15		
WP_CELL_DIFFERENTIATION_INDEX	50	11		
WP_CELL_INTERACTIONS_OF_THE_PANCREATIC_CANCER_MICROENVIRONMENT	26	21		
WP_CELL_LINEAGE_MAP_FOR_NEURONAL_DIFFERENTIATION	132	110		
WP_CEREBRAL_ORGANIC_ACIDURIAS_INCLUDING_DISEASES	8	7		
WP_CHEMOKINE_SIGNALING	165	132		
WP_CHOLESTASIS	19	17		
WP_CHOLESTEROL_BIOSYNTHESIS_PATHWAY	15	14		
WP_CHOLESTEROL_BIOSYNTHESIS_PATHWAY_IN_HEPATOCYTES	111	94		
WP_CHOLESTEROL_BIOSYNTHESIS_WITH_SKELETAL_DYSPLASIAS	7	7		
WP_CHOLESTEROL_METABOLISM	72	62		
WP_CHOLESTEROL_METABOLISM_WITH_BLOCH_AND_KANDUTSCHRUSSELL_PATHWAYS	47	42		
WP_CHOLESTEROL_SYNTHESIS_DISORDERS	18	17		
WP_CHROMOSOMAL_AND_MICROSATELLITE_INSTABILITY_IN_COLORECTAL_CANCER	73	67		
WP_CHRONIC_HYPERGLYCEMIA_IMPAIRMENT_OF_NEURON_FUNCTION	46	36		
WP_CILIARY_LANDSCAPE	215	200		
WP_CILIOPATHIES	184	170		
WP_CIRCADIAN_RHYTHM_GENES	201	169		
WP_CLASSICAL_PATHWAY_OF_STEROIDOGENESIS_WITH_GLUCOCORTICOID_AND_MINERALOCORTICOID_METABOLISM	16	13		
WP_CLEAR_CELL_RENAL_CELL_CARCINOMA_PATHWAYS	86	80		
WP_CLOCKCONTROLLED_AUTOPHAGY_IN_BONE_METABOLISM	80	73		
WP_CODEINE_AND_MORPHINE_METABOLISM	14		Rejected!	
WP_COHESIN_COMPLEX_CORNELIA_DE_LANGE_SYNDROME	34	34		
WP_COMMON_PATHWAYS_UNDERLYING_DRUG_ADDICTION	41	36		
WP_COMPLEMENTMEDIATED_INFLAMMATION_OF_PULMONARY_ALVEOLUS_IN_COVID19_HYPOTHETICAL_PATHWAY	12	7		
WP_COMPLEMENT_ACTIVATION	22	16		
WP_COMPLEMENT_AND_COAGULATION_CASCADES	58	38		
WP_COMPLEMENT_SYSTEM	96	62		
WP_COMPLEMENT_SYSTEM_IN_NEURONAL_DEVELOPMENT_AND_PLASTICITY	106	89		
WP_CONGENITAL_GENERALIZED_LIPODYSTROPHY	18	17		
WP_CONSTITUTIVE_ANDROSTANE_RECEPTOR_PATHWAY	31	20		
WP_CONTROL_OF_IMMUNE_TOLERANCE_BY_VASOACTIVE_INTESTINAL_PEPTIDE	13	8		
WP_CONVERSION_OF_ANGIOTENSINOGEN_TO_ANGIOTENSIN_II	5	5		
WP_COPPER_HOMEOSTASIS	53	40		
WP_CORI_CYCLE	17	14		
WP_CORTICOTROPINRELEASING_HORMONE_SIGNALING	92	80		
WP_COVID19_ADVERSE_OUTCOME_PATHWAY	15	7		
WP_COVID19_AND_ENDOTHELIAL_CELL_SENESCENCE	5		Rejected!	
WP_COVID19_STRUCTURAL_COVERAGE_MAP	26	22		
WP_COVID19_THROMBOSIS_AND_ANTICOAGULATION	7	5		
WP_CREATINE_PATHWAY	5		Rejected!	
WP_CYSTEINE_AND_METHIONINE_CATABOLISM	15	14		
WP_CYTOKINECYTOKINE_RECEPTOR_INTERACTION	254	159		
WP_CYTOKINES_AND_INFLAMMATORY_RESPONSE	26	15		
WP_CYTOPLASMIC_RIBOSOMAL_PROTEINS	88	81		
WP_CYTOSINE_METHYLATION	8	8		
WP_CYTOSOLIC_DNASENSING_PATHWAY	73	52		
WP_DDX1_AS_A_REGULATORY_COMPONENT_OF_THE_DROSHA_MICROPROCESSOR	7	6		
WP_DEGRADATION_PATHWAY_OF_SPHINGOLIPIDS_INCLUDING_DISEASES	17	14		
WP_DENGUE2_INTERACTIONS_WITH_COMPLEMENT_AND_COAGULATION_CASCADES	59	39		
WP_DEREGULATION_OF_RAB_AND_RAB_EFFECTOR_GENES_IN_BLADDER_CANCER	16	14		
WP_DEVELOPMENT_AND_HETEROGENEITY_OF_THE_ILC_FAMILY	32	23		
WP_DEVELOPMENT_OF_PULMONARY_DENDRITIC_CELLS_AND_MACROPHAGE_SUBSETS	13	11		
WP_DEVELOPMENT_OF_URETERIC_COLLECTION_SYSTEM	60	51		
WP_DIFFERENTIATION_OF_WHITE_AND_BROWN_ADIPOCYTE	25	22		
WP_DISORDERS_IN_KETOLYSIS	5	5		
WP_DISORDERS_IN_KETONE_BODY_SYNTHESIS	5		Rejected!	
WP_DISORDERS_OF_BILE_ACID_SYNTHESIS_AND_BILIARY_TRANSPORT	29	24		
WP_DISORDERS_OF_FOLATE_METABOLISM_AND_TRANSPORT	19	18		
WP_DISORDERS_OF_FRUCTOSE_METABOLISM	14	13		
WP_DISORDERS_OF_GALACTOSE_METABOLISM	13	12		
WP_DISRUPTION_OF_POSTSYNAPTIC_SIGNALING_BY_CNV	33	33		
WP_DNA_DAMAGE_RESPONSE	69	65		
WP_DNA_DAMAGE_RESPONSE_ONLY_ATM_DEPENDENT	110	103		
WP_DNA_IRDAMAGE_AND_CELLULAR_RESPONSE_VIA_ATR	81	78		
WP_DNA_IRDOUBLE_STRAND_BREAKS_AND_CELLULAR_RESPONSE_VIA_ATM	55	54		
WP_DNA_MISMATCH_REPAIR	23	22		
WP_DNA_REPAIR_PATHWAYS_FULL_NETWORK	120	116		
WP_DNA_REPLICATION	42	38		
WP_DOPAMINERGIC_NEUROGENESIS	30	23		
WP_DOPAMINE_METABOLISM	13	10		
WP_DRAVET_SYNDROME	28	26		
WP_DRUG_INDUCTION_OF_BILE_ACID_PATHWAY	17	11		
WP_DUAL_HIJACK_MODEL_OF_VIF_IN_HIV_INFECTION	8	7		
WP_DYRK1A_INVOLVEMENT_REGARDING_CELL_PROLIFERATION_IN_BRAIN_DEVELOPMENT	62	59		
WP_EBOLA_VIRUS_INFECTION_IN_HOST	129	97		
WP_EBSTEINBARR_VIRUS_LMP1_SIGNALING	23	17		
WP_ECTODERM_DIFFERENTIATION	142	126		
WP_EDA_SIGNALING_IN_HAIR_FOLLICLE_DEVELOPMENT	13	12		
WP_EFFECTS_OF_MFN2_MUTATION	24	24		
WP_EFFECTS_OF_NITRIC_OXIDE	8	5		
WP_EFFECT_OF_INTESTINAL_MICROBIOME_ON_ANTICOAGULANT_RESPONSE_OF_VITAMIN_K_ANTAGONISTS	8	6		
WP_EFFECT_OF_OMEGA3_PUFA_ON_HUNTINGTONS_DISEASE_PATHWAYS	119	107		
WP_EFFECT_OF_PROGERIN_ON_GENES_INVOLVED_IN_PROGERIA	37	32		
WP_EGFEGFR_SIGNALING	162	153		
WP_EGFR_TYROSINE_KINASE_INHIBITOR_RESISTANCE	84	81		
WP_EICOSANOID_METABOLISM_VIA_CYCLOOXYGENASES_COX	31	26		
WP_EICOSANOID_METABOLISM_VIA_CYTOCHROME_P450_MONOOXYGENASES_PATHWAY	9		Rejected!	
WP_EICOSANOID_METABOLISM_VIA_LIPOOXYGENASES_LOX	29	22		
WP_EICOSANOID_SYNTHESIS	23	19		
WP_ELECTRON_TRANSPORT_CHAIN_OXPHOS_SYSTEM_IN_MITOCHONDRIA	105	79		
WP_EMBRYONIC_STEM_CELL_PLURIPOTENCY_PATHWAYS	117	101		
WP_ENDOCHONDRAL_OSSIFICATION	63	53		
WP_ENDOCHONDRAL_OSSIFICATION_WITH_SKELETAL_DYSPLASIAS	63	53		
WP_ENDODERM_DIFFERENTIATION	143	123		
WP_ENDOMETRIAL_CANCER	63	60		
WP_ENDOPLASMIC_RETICULUM_STRESS_RESPONSE_IN_CORONAVIRUS_INFECTION	46	39		
WP_ENDOTHELIN_PATHWAYS	33	28		
WP_ENERGY_METABOLISM	48	47		
WP_ENTEROCYTE_CHOLESTEROL_METABOLISM	36	34		
WP_ENTEROHEPATIC_CIRCULATION_OF_BILE_ACIDS	12	9		
WP_ENVELOPE_PROTEINS_AND_THEIR_POTENTIAL_ROLES_IN_EDMD_PHYSIOPATHOLOGY	46	42		
WP_EPAC1_AND_PKA_REDUCTION_OF_RETINAL_INFLAMMATION	8	8		
WP_EPITHELIAL_TO_MESENCHYMAL_TRANSITION_IN_COLORECTAL_CANCER	161	147		
WP_EPO_RECEPTOR_SIGNALING	26	26		
WP_ERBB_SIGNALING	92	87		
WP_ERK_PATHWAY_IN_HUNTINGTONS_DISEASE	17	17		
WP_ESTRADIOL_REGULATION_IN_PORTOSINUSOIDAL_VASCULAR_DISEASE	5	5		
WP_ESTROGEN_METABOLISM_WP5276	24	13		
WP_ESTROGEN_METABOLISM_WP697	18	9		
WP_ESTROGEN_RECEPTOR_PATHWAY	13	12		
WP_ESTROGEN_SIGNALING	23	19		
WP_ETHANOL_EFFECTS_ON_HISTONE_MODIFICATIONS	31	27		
WP_ETHANOL_METABOLISM_PRODUCTION_OF_ROS_BY_CYP2E1	9	9		
WP_ETHER_LIPID_BIOSYNTHESIS	20	19		
WP_EUKARYOTIC_TRANSCRIPTION_INITIATION	42	37		
WP_EV_RELEASE_FROM_CARDIAC_CELLS_AND_THEIR_FUNCTIONAL_EFFECTS	11	5		
WP_EXERCISEINDUCED_CIRCADIAN_REGULATION	48	40		
WP_EXRNA_MECHANISM_OF_ACTION_AND_BIOGENESIS	6	5		
WP_EXTRACELLULAR_VESICLEMEDIATED_SIGNALING_IN_RECIPIENT_CELLS	29	25		
WP_EXTRACELLULAR_VESICLES_IN_THE_CROSSTALK_OF_CARDIAC_CELLS	21	17		
WP_EXTRAFOLLICULAR_AND_FOLLICULAR_B_CELL_ACTIVATION_BY_SARSCOV2	74	48		
WP_FACTORS_AND_PATHWAYS_AFFECTING_INSULINLIKE_GROWTH_FACTOR_IGF1AKT_SIGNALING	36	35		
WP_FAMILIAL_HYPERLIPIDEMIA_TYPE_1	18	14		
WP_FAMILIAL_HYPERLIPIDEMIA_TYPE_2	16	13		
WP_FAMILIAL_HYPERLIPIDEMIA_TYPE_3	13	12		
WP_FAMILIAL_HYPERLIPIDEMIA_TYPE_4	22	20		
WP_FAMILIAL_HYPERLIPIDEMIA_TYPE_5	15	13		
WP_FAMILIAL_PARTIAL_LIPODYSTROPHY	30	27		
WP_FARNESOID_X_RECEPTOR_PATHWAY	19	14		
WP_FAS_LIGAND_PATHWAY_AND_STRESS_INDUCTION_OF_HEAT_SHOCK_PROTEINS	44	41		
WP_FATTY_ACIDS_AND_LIPOPROTEINS_TRANSPORT_IN_HEPATOCYTES	381	331		
WP_FATTY_ACID_BETAOXIDATION	34	31		
WP_FATTY_ACID_BIOSYNTHESIS	22	20		
WP_FATTY_ACID_OMEGAOXIDATION	15	6		
WP_FATTY_ACID_TRANSPORTERS	18	12		
WP_FBXL10_ENHANCEMENT_OF_MAPERK_SIGNALING_IN_DIFFUSE_LARGE_BCELL_LYMPHOMA	33	27		
WP_FEMALE_STEROID_HORMONES_IN_CARDIOMYOCYTE_ENERGY_METABOLISM	14	14		
WP_FERROPTOSIS	64	52		
WP_FGF23_SIGNALING_IN_HYPOPHOSPHATEMIC_RICKETS_AND_RELATED_DISORDERS	23	18		
WP_FGFR3_SIGNALING_IN_CHONDROCYTE_PROLIFERATION_AND_TERMINAL_DIFFERENTIATION	27	25		
WP_FIBRIN_COMPLEMENT_RECEPTOR_3_SIGNALING	43	34		
WP_FLUOROACETIC_ACID_TOXICITY	6	5		
WP_FLUOROPYRIMIDINE_ACTIVITY	34	27		
WP_FOCAL_ADHESION	199	181		
WP_FOCAL_ADHESION_PI3KAKTMTORSIGNALING	302	268		
WP_FOLATEALCOHOL_AND_CANCER_PATHWAY_HYPOTHESES	9	9		
WP_FOLATE_METABOLISM	69	48		
WP_FOLLICLE_STIMULATING_HORMONE_FSH_SIGNALING	27	25		
WP_FOXA2_PATHWAY	21	15		
WP_FOXP3_IN_COVID19	15	11		
WP_FRAGILE_X_SYNDROME	121	116		
WP_FTO_OBESITY_VARIANT_MECHANISM	8	7		
WP_G13_SIGNALING	38	36		
WP_G1_TO_S_CELL_CYCLE_CONTROL	64	62		
WP_GABA_METABOLISM_AKA_GHB	11	10		
WP_GABA_RECEPTOR_SIGNALING	31	27		
WP_GALANIN_RECEPTOR_PATHWAY	21	16		
WP_GAMMAGLUTAMYL_CYCLE_FOR_THE_BIOSYNTHESIS_AND_DEGRADATION_OF_GLUTATHIONE_INCLUDING_DISEASES	6	5		
WP_GANGLIO_SERIES_SPHINGOLIPID_METABOLISM	13	13		
WP_GANGLIO_SPHINGOLIPID_METABOLISM	13	12		
WP_GASTRIC_ACID_PRODUCTION	11	5		
WP_GASTRIC_CANCER_NETWORK_1	28	24		
WP_GASTRIC_CANCER_NETWORK_2	32	27		
WP_GASTRIN_SIGNALING	115	100		
WP_GDNFRET_SIGNALING_AXIS	23	17		
WP_GENES_ASSOCIATED_WITH_THE_DEVELOPMENT_OF_RHEUMATOID_ARTHRITIS	18	12		
WP_GENES_CONTROLLING_NEPHROGENESIS	44	39		
WP_GENES_RELATED_TO_PRIMARY_CILIUM_DEVELOPMENT_BASED_ON_CRISPR	103	97		
WP_GENES_TARGETED_BY_MIRNAS_IN_ADIPOCYTES	18	13		
WP_GENETIC_CAUSES_OF_PORTOSINUSOIDAL_VASCULAR_DISEASE	37	33		
WP_GENE_REGULATORY_NETWORK_MODELING_SOMITOGENESIS	11	9		
WP_GLIAL_CELL_DIFFERENTIATION	8	6		
WP_GLIOBLASTOMA_SIGNALING	83	80		
WP_GLP1_FROM_INTESTINE_AND_PANCREAS_AND_ROLE_IN_GLUCOSE_HOMEOSTASIS	6		Rejected!	
WP_GLP1_IN_PANCREATIC_ISLET_CELLS	7		Rejected!	
WP_GLP1_SECRETION_FROM_INTESTINE_TO_PORTAL_VEIN	5		Rejected!	
WP_GLUCOCORTICOID_BIOSYNTHESIS	14	8		
WP_GLUCOCORTICOID_RECEPTOR_PATHWAY	70	59		
WP_GLUCOSE_METABOLISM_IN_TRIPLENEGATIVE_BREAST_CANCER_CELLS	8	8		
WP_GLUCURONIDATION	26	8		
WP_GLUTATHIONE_METABOLISM	19	10		
WP_GLYCEROLIPIDS_AND_GLYCEROPHOSPHOLIPIDS	22	17		
WP_GLYCEROPHOSPHOLIPID_BIOSYNTHETIC_PATHWAY	30	26		
WP_GLYCINE_METABOLISM_INCLUDING_IMDS	15	14		
WP_GLYCOGEN_SYNTHESIS_AND_DEGRADATION	40	37		
WP_GLYCOLYSIS_AND_GLUCONEOGENESIS	45	41		
WP_GLYCOLYSIS_IN_SENESCENCE	11	9		
WP_GLYCOSAMINOGLYCAN_DEGRADATION	17	16		
WP_GLYCOSAMINOGLYCAN_SYNTHESIS_IN_FIBROBLASTS	41	37		
WP_GLYCOSPHINGOLIPID_METABOLISM	21	19		
WP_GLYCOSYLATION_AND_RELATED_CONGENITAL_DEFECTS	25	25		
WP_GLYOXYLATE_METABOLISM	11	8		
WP_GNAQ_PATHWAYS_IN_PORTWINE_STAIN	21	21		
WP_GPCRS_CLASS_A_RHODOPSINLIKE	260	142		
WP_GPCRS_CLASS_B_SECRETINLIKE	24	14		
WP_GPCRS_CLASS_C_METABOTROPIC_GLUTAMATE_PHEROMONE	15	13		
WP_GPCRS_OTHER	93	54		
WP_GPR143_IN_MELANOCYTES_AND_RETINAL_PIGMENT_EPITHELIUM_CELLS	30	26		
WP_GPR40_PATHWAY	15	14		
WP_GROWTH_FACTORS_AND_HORMONES_IN_BETA_CELL_PROLIFERATION	26	24		
WP_G_PROTEIN_SIGNALING	91	87		
WP_H19_RBE2F1_AND_CDKBETACATENIN_IN_COLORECTAL_CANCER	16	13		
WP_HAIR_FOLLICLE_DEVELOPMENT_CYTODIFFERENTIATION_STAGE_3_OF_3	87	61		
WP_HAIR_FOLLICLE_DEVELOPMENT_ORGANOGENESIS_STAGE_2_OF_3	32	28		
WP_HDAC6_INTERACTIONS_IN_THE_CENTRAL_NERVOUS_SYSTEM	113	106		
WP_HEAD_AND_NECK_SQUAMOUS_CELL_CARCINOMA	74	71		
WP_HEART_DEVELOPMENT	47	42		
WP_HEDGEHOG_SIGNALING_WP4249	43	39		
WP_HEDGEHOG_SIGNALING_WP47	16	13		
WP_HEMATOPOIETIC_STEM_CELL_DIFFERENTIATION	63	43		
WP_HEMATOPOIETIC_STEM_CELL_GENE_REGULATION_BY_GABP_ALPHABETA_COMPLEX	21	18		
WP_HEMESYNTHESIS_DEFECTS_AND_PORPHYRIAS	9	9		
WP_HEME_BIOSYNTHESIS	9	9		
WP_HEPATITIS_B_INFECTION	151	127		
WP_HEPATITIS_C_AND_HEPATOCELLULAR_CARCINOMA	56	45		
WP_HEPATOCYTE_GROWTH_FACTOR_RECEPTOR_SIGNALING	34	32		
WP_HEREDITARY_LEIOMYOMATOSIS_AND_RENAL_CELL_CARCINOMA_PATHWAY	20	18		
WP_HFE_EFFECT_ON_HEPCIDIN_PRODUCTION	7	5		
WP_HIF1A_AND_PPARG_REGULATION_OF_GLYCOLYSIS	8	7		
WP_HIJACK_OF_UBIQUITINATION_BY_SARSCOV2	8	8		
WP_HIPPOCAMPAL_SYNAPTOGENESIS_AND_NEUROGENESIS	27	26		
WP_HIPPOMERLIN_SIGNALING_DYSREGULATION	121	111		
WP_HIPPOYAP_SIGNALING	22	22		
WP_HIPPO_SIGNALING_REGULATION	98	92		
WP_HISTONE_MODIFICATIONS	65	53		
WP_HOMOLOGOUS_RECOMBINATION	13	12		
WP_HORMONAL_CONTROL_OF_PUBERTAL_GROWTH_SPURT	5		Rejected!	
WP_HOSTPATHOGEN_INTERACTION_OF_HUMAN_CORONAVIRUSES_APOPTOSIS	22	20		
WP_HOSTPATHOGEN_INTERACTION_OF_HUMAN_CORONAVIRUSES_AUTOPHAGY	19	18		
WP_HOSTPATHOGEN_INTERACTION_OF_HUMAN_CORONAVIRUSES_INTERFERON_INDUCTION	33	28		
WP_HOSTPATHOGEN_INTERACTION_OF_HUMAN_CORONAVIRUSES_MAPK_SIGNALING	36	29		
WP_HUNGER_AND_SATIETY	8		Rejected!	
WP_HYPERTROPHY_MODEL	20	17		
WP_HYPOTHESIZED_PATHWAYS_IN_PATHOGENESIS_OF_CARDIOVASCULAR_DISEASE	25	22		
WP_HYPOTHETICAL_CRANIOFACIAL_DEVELOPMENT_PATHWAY	7	7		
WP_IDO_METABOLIC_PATHWAY	11	9		
WP_ID_SIGNALING	16	15		
WP_IL10_ANTIINFLAMMATORY_SIGNALING	12	11		
WP_IL11_SIGNALING	44	42		
WP_IL17_SIGNALING	32	28		
WP_IL18_SIGNALING	273	228		
WP_IL19_SIGNALING	28	21		
WP_IL1_AND_MEGAKARYOCYTES_IN_OBESITY	24	21		
WP_IL1_SIGNALING	55	53		
WP_IL26_SIGNALING	47	36		
WP_IL2_SIGNALING	42	37		
WP_IL3_SIGNALING	49	45		
WP_IL4_SIGNALING	54	51		
WP_IL5_SIGNALING	40	36		
WP_IL6_SIGNALING	43	38		
WP_IL7_SIGNALING	25	23		
WP_IL9_SIGNALING	17	15		
WP_IMATINIB_AND_CHRONIC_MYELOID_LEUKEMIA	20	19		
WP_IMMUNE_INFILTRATION_IN_PANCREATIC_CANCER	39	24		
WP_IMMUNE_RESPONSE_TO_TUBERCULOSIS	23	21		
WP_INCLUSION_BODY_MYOSITIS	11	11		
WP_INDUCTION_OF_AUTOPHAGY_AND_TOLLLIKE_RECEPTOR_SIGNALING_BY_GRAPHENE_OXIDE	11	9		
WP_INFLAMMATORY_BOWEL_DISEASE_SIGNALING	43	31		
WP_INFLAMMATORY_RESPONSE_PATHWAY	30	22		
WP_INFLUENCE_OF_LAMINOPATHIES_ON_WNT_SIGNALING	37	30		
WP_INHIBITION_OF_EXOSOME_BIOGENESIS_AND_SECRETION_BY_MANUMYCIN_A_IN_CRPC_CELLS	18	17		
WP_INITIATION_OF_TRANSCRIPTION_AND_TRANSLATION_ELONGATION_AT_THE_HIV1_LTR	32	32		
WP_INSULIN_SIGNALING	160	149		
WP_INSULIN_SIGNALING_IN_ADIPOCYTES_DIABETIC_CONDITION	8	8		
WP_INSULIN_SIGNALING_IN_ADIPOCYTES_NORMAL_CONDITION	8	8		
WP_INTEGRATED_CANCER_PATHWAY	48	43		
WP_INTEGRINMEDIATED_CELL_ADHESION	102	94		
WP_INTERACTIONS_BETWEEN_IMMUNE_CELLS_AND_MICRORNAS_IN_TUMOR_MICROENVIRONMENT	48	28		
WP_INTERACTIONS_BETWEEN_LOXL4_AND_OXIDATIVE_STRESS_PATHWAY	18	17		
WP_INTERACTIONS_OF_NATURAL_KILLER_CELLS_IN_PANCREATIC_CANCER	28	16		
WP_INTERACTOME_OF_POLYCOMB_REPRESSIVE_COMPLEX_2_PRC2	16	16		
WP_INTERFERONMEDIATED_SIGNALING	37	18		
WP_INTERFERON_TYPE_I_SIGNALING	54	53		
WP_INTERLEUKIN1_IL1_STRUCTURAL_PATHWAY	49	47		
WP_INTERLEUKIN1_INDUCED_ACTIVATION_OF_NFKB	10	10		
WP_INTRACELLULAR_TRAFFICKING_PROTEINS_INVOLVED_IN_CMT_NEUROPATHY	27	25		
WP_INTRAFLAGELLAR_TRANSPORT_PROTEINS_BINDING_TO_DYNEIN	27	26		
WP_INVOLVEMENT_OF_SECRETASE_IN_NEURODEGENERATIVE_DISEASES	17	17		
WP_IRINOTECAN_PATHWAY	12	5		
WP_IRONSULFUR_CLUSTER_BIOGENESIS	15	15		
WP_IRON_METABOLISM_DISORDERS	17	13		
WP_IRON_METABOLISM_IN_PLACENTA	12	9		
WP_JAKSTAT_SIGNALING_IN_THE_REGULATION_OF_BETA_CELLS	34	30		
WP_JOUBERT_SYNDROME	76	73		
WP_KALLMANN_SYNDROME	24	20		
WP_KCNQ2RELATED_EPILEPSIES	19	18		
WP_KENNEDY_PATHWAY_FROM_SPHINGOLIPIDS	14	11		
WP_KETOGENESIS_AND_KETOLYSIS	8	8		
WP_KININKALLIKREIN_PATHWAY	7	5		
WP_KISSPEPTINKISSPEPTIN_RECEPTOR_SYSTEM_IN_THE_OVARY	39	36		
WP_KIT_RECEPTOR_SIGNALING	59	54		
WP_KLEEFSTRA_SYNDROME	29	28		
WP_KREBS_CYCLE_DISORDERS	13	13		
WP_KYNURENINE_PATHWAY_AND_LINKS_TO_CELL_SENESCENCE	24	20		
WP_LACTATE_SHUTTLE_IN_GLIAL_CELLS	13	13		
WP_LACTO_SERIES_SPHINGOLIPID_METABOLISM	6	5		
WP_LDLRAD4_AND_WHAT_WE_KNOW_ABOUT_IT	8	5		
WP_LDL_INFLUENCE_ON_CD14_AND_TLR4	23	22		
WP_LEPTININSULIN_SIGNALING_OVERLAP	17	14		
WP_LEPTIN_AND_ADIPONECTIN	10	9		
WP_LEPTIN_SIGNALING	76	74		
WP_LET7_INHIBITION_OF_ES_CELL_REPROGRAMMING	15		Rejected!	
WP_LEUCINE_ISOLEUCINE_AND_VALINE_METABOLISM	24	24		
WP_LEUKOCYTEINTRINSIC_HIPPO_PATHWAY_FUNCTIONS	35	32		
WP_LEUKOTRIENE_METABOLIC_PATHWAY	13	8		
WP_LINOLEIC_ACID_METABOLISM_AFFECTED_BY_SARSCOV2	6	5		
WP_LIPID_METABOLISM_IN_SENESCENT_CELLS	20	13		
WP_LIPID_METABOLISM_PATHWAY	29	27		
WP_LIPID_PARTICLES_COMPOSITION	10	8		
WP_LIVER_X_RECEPTOR_PATHWAY	10	9		
WP_LNCRNAMEDIATED_MECHANISMS_OF_THERAPEUTIC_RESISTANCE	11	6		
WP_LNCRNA_IN_CANONICAL_WNT_SIGNALING_AND_COLORECTAL_CANCER	98	78		
WP_LTF_DANGER_SIGNAL_RESPONSE_PATHWAY	19	13		
WP_LUNG_FIBROSIS	63	48		
WP_LUNG_PATHOLOGY_OF_COVID19	20	15		
WP_MACROPHAGESTIMULATING_PROTEIN_MSP_SIGNALING	108	90		
WP_MACROPHAGE_MARKERS	9	9		
WP_MAJOR_RECEPTORS_TARGETED_BY_EPINEPHRINE_AND_NOREPINEPHRINE	16	13		
WP_MALE_INFERTILITY	145	118		
WP_MALE_STEROID_HORMONES_IN_CARDIOMYOCYTE_ENERGY_METABOLISM	13	11		
WP_MAMMALIAN_DISORDER_OF_SEXUAL_DEVELOPMENT	25	24		
WP_MAMMARY_GLAND_DEVELOPMENT_EMBRYONIC_DEVELOPMENT_STAGE_1_OF_4	18	13		
WP_MAMMARY_GLAND_DEVELOPMENT_INVOLUTION_STAGE_4_OF_4	10	8		
WP_MAMMARY_GLAND_DEVELOPMENT_PREGNANCY_AND_LACTATION_STAGE_3_OF_4	33	29		
WP_MAMMARY_GLAND_DEVELOPMENT_PUBERTY_STAGE_2_OF_4	13	13		
WP_MAP3K1_ROLE_IN_PROMOTING_AND_BLOCKING_GONADAL_DETERMINATION	17	16		
WP_MAPK_AND_NFKB_SIGNALING_INHIBITED_BY_YERSINIA_YOPJ	12	11		
WP_MAPK_CASCADE	33	32		
WP_MAPK_PATHWAY_IN_CONGENITAL_THYROID_CANCER	16	14		
WP_MAPK_SIGNALING	246	213		
WP_MARKERS_OF_KIDNEY_CELL_LINEAGE	59	55		
WP_MATRIX_METALLOPROTEINASES	30	22		
WP_MBDNF_AND_PROBDNF_REGULATION_OF_GABA_NEUROTRANSMISSION	38	33		
WP_MEASLES_VIRUS_INFECTION	136	100		
WP_MECHANOREGULATION_AND_PATHOLOGY_OF_YAPTAZ_VIA_HIPPO_AND_NONHIPPO_MECHANISMS	47	44		
WP_MECP2_AND_ASSOCIATED_RETT_SYNDROME	73	65		
WP_MELANOMA	68	62		
WP_MELATONIN_METABOLISM_AND_EFFECTS	37	29		
WP_MESODERMAL_COMMITMENT_PATHWAY	153	129		
WP_METABOLIC_EPILEPTIC_DISORDERS	91	82		
WP_METABOLIC_PATHWAYS_OF_FIBROBLASTS	32	31		
WP_METABOLIC_PATHWAY_OF_LDL_HDL_AND_TG_INCLUDING_DISEASES	17	15		
WP_METABOLIC_REPROGRAMMING_IN_COLON_CANCER	42	38		
WP_METABOLIC_REPROGRAMMING_IN_PANCREATIC_CANCER	42	39		
WP_METABOLISM_OF_ALPHALINOLENIC_ACID	6	5		
WP_METABOLISM_OF_SPHINGOLIPIDS_IN_ER_AND_GOLGI_APPARATUS	21	20		
WP_METAPATHWAY_BIOTRANSFORMATION_PHASE_I_AND_II	183	110		
WP_METASTATIC_BRAIN_TUMOR	25	7		
WP_METHIONINE_DE_NOVO_AND_SALVAGE_PATHWAY	22	20		
WP_METHIONINE_METABOLISM_LEADING_TO_SULFUR_AMINO_ACIDS_AND_RELATED_DISORDERS	11	10		
WP_METHYLATION_PATHWAYS	9	7		
WP_MET_IN_TYPE_1_PAPILLARY_RENAL_CELL_CARCINOMA	59	54		
WP_MEVALONATE_ARM_OF_CHOLESTEROL_BIOSYNTHESIS_PATHWAY	13	11		
WP_MEVALONATE_PATHWAY	7	7		
WP_MFAP5MEDIATED_OVARIAN_CANCER_CELL_MOTILITY_AND_INVASIVENESS	13	12		
WP_MFAP5_EFFECT_ON_PERMEABILITY_AND_MOTILITY_OF_ENDOTHELIAL_CELLS_VIA_CYTOSKELETON_REARRANGEMENT	18	15		
WP_MICROGLIA_PATHOGEN_PHAGOCYTOSIS_PATHWAY	40	36		
WP_MICRORNAS_IN_CARDIOMYOCYTE_HYPERTROPHY	104	75		
WP_MICRORNA_FOR_TARGETING_CANCER_GROWTH_AND_VASCULARIZATION_IN_GLIOBLASTOMA	9	7		
WP_MICRORNA_NETWORK_ASSOCIATED_WITH_CHRONIC_LYMPHOCYTIC_LEUKEMIA	10		Rejected!	
WP_MICROTUBULE_CYTOSKELETON_REGULATION	48	45		
WP_MINERALOCORTICOID_BIOSYNTHESIS	14	8		
WP_MIR124_PREDICTED_INTERACTIONS_WITH_CELL_CYCLE_AND_DIFFERENTIATION	6	5		
WP_MIR5093P_ALTERATION_OF_YAP1ECM_AXIS	18	17		
WP_MIR517_RELATIONSHIP_WITH_ARCN1_AND_USP1	5	5		
WP_MIRNAS_INVOLVED_IN_DNA_DAMAGE_RESPONSE	68	19		
WP_MIRNA_BIOGENESIS	6	5		
WP_MIRNA_REGULATION_OF_DNA_DAMAGE_RESPONSE	98	69		
WP_MIRNA_REGULATION_OF_P53_PATHWAY_IN_PROSTATE_CANCER	31	20		
WP_MIRNA_REGULATION_OF_PROSTATE_CANCER_SIGNALING	49	29		
WP_MIRNA_ROLE_IN_IMMUNE_RESPONSE_IN_SEPSIS	65	30		
WP_MIRNA_TARGETS_IN_ECM_AND_MEMBRANE_RECEPTORS	43	19		
WP_MITOCHONDRIAL_BETAOXIDATION	9	7		
WP_MITOCHONDRIAL_COMPLEX_III_ASSEMBLY	16	14		
WP_MITOCHONDRIAL_COMPLEX_II_ASSEMBLY	8	8		
WP_MITOCHONDRIAL_COMPLEX_IV_ASSEMBLY	34	20		
WP_MITOCHONDRIAL_COMPLEX_I_ASSEMBLY_MODEL_OXPHOS_SYSTEM	56	48		
WP_MITOCHONDRIAL_FATTY_ACID_OXIDATION_DISORDERS	19	17		
WP_MITOCHONDRIAL_FATTY_ACID_SYNTHESIS_AND_RESPIRATION	13	11		
WP_MITOCHONDRIAL_FATTY_ACID_SYNTHESIS_PATHWAY	6	6		
WP_MITOCHONDRIAL_GENE_EXPRESSION	19	18		
WP_MITOCHONDRIAL_IMMUNE_RESPONSE_TO_SARSCOV2	33	28		
WP_MITOCHONDRIAL_LONG_CHAIN_FATTY_ACID_BETAOXIDATION	17	15		
WP_MODULATION_OF_PI3KAKTMTOR_SIGNALING_BY_BIOACTIVE_SPHINGOLIPIDS	14	13		
WP_MODULATORS_OF_TCR_SIGNALING_AND_T_CELL_ACTIVATION	61	56		
WP_MOLYBDENUM_COFACTOR_MOCO_BIOSYNTHESIS	7	6		
WP_MONOAMINE_GPCRS	33	26		
WP_MONOAMINE_TRANSPORT	32	27		
WP_MRNA_PROCESSING	126	119		
WP_MRNA_PROTEIN_AND_METABOLITE_INDUCATION_PATHWAY_BY_CYCLOSPORIN_A	7	6		
WP_MRNA_VACCINE_ACTIVATION_OF_DENDRITIC_CELL_AND_INDUCTION_OF_IFN1	10	7		
WP_MTHFR_DEFICIENCY	24	23		
WP_MULTIPLE_EPIPHYSEAL_DYSPLASIA_AND_PSEUDOACHONDROPLASIA_GENES	6		Rejected!	
WP_MYD88_DISTINCT_INPUTOUTPUT_PATHWAY	18	16		
WP_MYOMETRIAL_RELAXATION_AND_CONTRACTION_PATHWAYS	156	133		
WP_NAD_BIOSYNTHESIS_II_FROM_TRYPTOPHAN	8	8		
WP_NAD_BIOSYNTHETIC_PATHWAYS	22	21		
WP_NAD_METABOLISM	16	16		
WP_NAD_METABOLISM_IN_ONCOGENEINDUCED_SENESCENCE_AND_MITOCHONDRIAL_DYSFUNCTIONASSOCIATED_SENESCENCE	23	21		
WP_NAD_METABOLISM_SIRTUINS_AND_AGING	11	11		
WP_NANOMATERIALINDUCED_INFLAMMASOME_ACTIVATION	7	5		
WP_NANOMATERIAL_INDUCED_APOPTOSIS	20	19		
WP_NANOPARTICLEMEDIATED_ACTIVATION_OF_RECEPTOR_SIGNALING	28	28		
WP_NANOPARTICLE_TRIGGERED_AUTOPHAGIC_CELL_DEATH	23	21		
WP_NANOPARTICLE_TRIGGERED_REGULATED_NECROSIS	12	11		
WP_NCRNAS_INVOLVED_IN_STAT3_SIGNALING_IN_HEPATOCELLULAR_CARCINOMA	17	12		
WP_NCRNAS_INVOLVED_IN_WNT_SIGNALING_IN_HEPATOCELLULAR_CARCINOMA	89	71		
WP_NEOLACTO_SERIES_SPHINGOLIPID_METABOLISM	11	11		
WP_NEOVASCULARIZATION_PROCESSES	37	35		
WP_NEPHROGENESIS	18	14		
WP_NEPHROTIC_SYNDROME	45	42		
WP_NETRINUNC5B_SIGNALING	52	47		
WP_NETWORK_MAP_OF_SARSCOV2_SIGNALING	218	147		
WP_NEURAL_CREST_CELL_MIGRATION_DURING_DEVELOPMENT	40	34		
WP_NEURAL_CREST_CELL_MIGRATION_IN_CANCER	43	36		
WP_NEURAL_CREST_DIFFERENTIATION	101	87		
WP_NEURODEGENERATION_WITH_BRAIN_IRON_ACCUMULATION_NBIA_SUBTYPES_PATHWAY	44	41		
WP_NEUROGENESIS_REGULATION_IN_THE_OLFACTORY_EPITHELIUM	57	51		
WP_NEUROINFLAMMATION	13	9		
WP_NEUROINFLAMMATION_AND_GLUTAMATERGIC_SIGNALING	140	121		
WP_NEUROTRANSMITTER_DISORDERS	10	8		
WP_NF1_COPY_NUMBER_VARIATION_SYNDROME	109	85		
WP_NGLYCAN_BIOSYNTHESIS	57	53		
WP_NICOTINE_EFFECT_ON_DOPAMINERGIC_NEURONS	21	16		
WP_NICOTINE_METABOLISM_IN_LIVER_CELLS	6		Rejected!	
WP_NIPBL_ROLE_IN_DNA_DAMAGE_CORNELIA_DE_LANGE_SYNDROME	8	8		
WP_NITRIC_OXIDE_METABOLISM_IN_CYSTIC_FIBROSIS	13	13		
WP_NOCGMPPKG_MEDIATED_NEUROPROTECTION	47	37		
WP_NODLIKE_RECEPTOR_NLR_SIGNALING	9	7		
WP_NONALCOHOLIC_FATTY_LIVER_DISEASE	155	128		
WP_NONCLASSICAL_ROLE_OF_VITAMIN_D	8	7		
WP_NONGENOMIC_ACTIONS_OF_125_DIHYDROXYVITAMIN_D3	75	63		
WP_NONHOMOLOGOUS_END_JOINING	10	10		
WP_NONSMALL_CELL_LUNG_CANCER	72	69		
WP_NOTCH1_REGULATION_OF_ENDOTHELIAL_CELL_CALCIFICATION	17	14		
WP_NOTCH_SIGNALING_WP268	45	42		
WP_NOTCH_SIGNALING_WP61	61	58		
WP_NOVEL_INTRACELLULAR_COMPONENTS_OF_RIGILIKE_RECEPTOR_PATHWAY	60	50		
WP_NPHP1_DELETION_SYNDROME	11	11		
WP_NRF2ARE_REGULATION	23	20		
WP_NRF2_PATHWAY	141	101		
WP_NRP1TRIGGERED_SIGNALING_IN_PANCREATIC_CANCER	54	51		
WP_NRXN1_DELETION_SYNDROME	18	16		
WP_NSP1_FROM_SARSCOV2_INHIBITS_TRANSLATION_INITIATION_IN_THE_HOST_CELL	16	13		
WP_NUCLEAR_RECEPTORS	38	36		
WP_NUCLEAR_RECEPTORS_IN_LIPID_METABOLISM_AND_TOXICITY	35	27		
WP_NUCLEAR_RECEPTORS_METAPATHWAY	314	242		
WP_NUCLEOTIDEBINDING_OLIGOMERIZATION_DOMAIN_NOD_PATHWAY	41	28		
WP_NUCLEOTIDE_EXCISION_REPAIR	44	40		
WP_NUCLEOTIDE_EXCISION_REPAIR_IN_XERODERMA_PIGMENTOSUM	75	61		
WP_NUCLEOTIDE_GPCRS	11	9		
WP_OCTADECANOID_FORMATION_FROM_LINOLEIC_ACID	12	7		
WP_OLIGODENDROCYTE_SPECIFICATION_AND_DIFFERENTIATION_LEADING_TO_MYELIN_COMPONENTS_FOR_CNS	30	20		
WP_OMEGA3_OMEGA6_FATTY_ACID_SYNTHESIS	15	12		
WP_OMEGA6FATTY_ACIDS_IN_SENESCENCE	57	44		
WP_OMEGA9_FATTY_ACID_SYNTHESIS	14	11		
WP_ONCOSTATIN_M_SIGNALING	65	57		
WP_ONECARBON_METABOLISM	29	28		
WP_OPIOID_RECEPTOR_PATHWAYS	41	38		
WP_OREXIN_RECEPTOR_PATHWAY	200	166		
WP_OSTEOARTHRITIC_CHONDROCYTE_HYPERTROPHY	50	42		
WP_OSTEOBLAST_DIFFERENTIATION_AND_RELATED_DISEASES	118	106		
WP_OSTEOBLAST_SIGNALING	14	10		
WP_OSTEOCLAST_SIGNALING	16	14		
WP_OSTEOPONTIN_SIGNALING	13	12		
WP_OSX_AND_MIRNAS_IN_TOOTH_DEVELOPMENT	34	15		
WP_OVARIAN_INFERTILITY	39	34		
WP_OVERLAP_BETWEEN_SIGNAL_TRANSDUCTION_PATHWAYS_CONTRIBUTING_TO_LMNA_LAMINOPATHIES	57	50		
WP_OVERVIEW_OF_NANOPARTICLE_EFFECTS	19	14		
WP_OVERVIEW_OF_PROINFLAMMATORY_AND_PROFIBROTIC_MEDIATORS	127	49		
WP_OXIDATION_BY_CYTOCHROME_P450	62	37		
WP_OXIDATIVE_DAMAGE_RESPONSE	40	36		
WP_OXIDATIVE_PHOSPHORYLATION	60	44		
WP_OXIDATIVE_STRESS_RESPONSE	33	28		
WP_OXYSTEROLS_DERIVED_FROM_CHOLESTEROL	51	36		
WP_P38_MAPK_SIGNALING	35	35		
WP_P53_TRANSCRIPTIONAL_GENE_NETWORK	96	74		
WP_PAFAH1B1_COPY_NUMBER_VARIATION	11	9		
WP_PANCREATIC_ADENOCARCINOMA_PATHWAY	89	84		
WP_PANCREATIC_CANCER_SUBTYPES	48	23		
WP_PARKINSONS_DISEASE_PATHWAY	71	35		
WP_PARKINUBIQUITIN_PROTEASOMAL_SYSTEM_PATHWAY	71	57		
WP_PATHOGENESIS_OF_SARSCOV2_MEDIATED_BY_NSP9NSP10_COMPLEX	21	10		
WP_PATHOGENIC_ESCHERICHIA_COLI_INFECTION	55	48		
WP_PATHOPHYSIOLOGICAL_ROLES_OF_DUX4_IN_FSHD1	18	10		
WP_PATHWAYS_AFFECTED_IN_ADENOID_CYSTIC_CARCINOMA	65	61		
WP_PATHWAYS_OF_NUCLEIC_ACID_METABOLISM_AND_INNATE_IMMUNE_SENSING	16	14		
WP_PDGFRBETA_PATHWAY	29	27		
WP_PDGF_PATHWAY	40	37		
WP_PENTOSE_PHOSPHATE_METABOLISM	7	6		
WP_PENTOSE_PHOSPHATE_PATHWAY_IN_SENESCENT_CELLS	8	7		
WP_PEPTIDE_GPCRS	75	43		
WP_PEROXIREDOXIN_2_INDUCED_OVARIAN_FAILURE	8	8		
WP_PERTURBATIONS_TO_HOSTCELL_AUTOPHAGY_INDUCED_BY_SARSCOV2_PROTEINS	44	42		
WP_PGK1_PKM2_KHKCKHKA_ACTING_AS_PROTEIN_KINASES	15	14		
WP_PHASE_I_BIOTRANSFORMATIONS_NONP450	8	5		
WP_PHOSPHATIDYL_INOSITOL_PHOSPHATE_PATHWAY	46	43		
WP_PHOSPHODIESTERASES_IN_NEURONAL_FUNCTION	55	46		
WP_PHOSPHOINOSITIDES_METABOLISM	49	45		
WP_PHOTODYNAMIC_THERAPYINDUCED_AP1_SURVIVAL_SIGNALING	51	43		
WP_PHOTODYNAMIC_THERAPYINDUCED_HIF1_SURVIVAL_SIGNALING	38	29		
WP_PHOTODYNAMIC_THERAPYINDUCED_NFE2L2_NRF2_SURVIVAL_SIGNALING	23	20		
WP_PHOTODYNAMIC_THERAPYINDUCED_NFKB_SURVIVAL_SIGNALING	35	27		
WP_PHOTODYNAMIC_THERAPYINDUCED_UNFOLDED_PROTEIN_RESPONSE	27	24		
WP_PHYSICOCHEMICAL_FEATURES_AND_TOXICITYASSOCIATED_PATHWAYS	66	63		
WP_PHYSIOLOGICAL_AND_PATHOLOGICAL_HYPERTROPHY_OF_THE_HEART	24	20		
WP_PI3KAKTMTOR_SIGNALING_AND_THERAPEUTIC_OPPORTUNITIES_IN_PROSTATE_CANCER	32	31		
WP_PI3KAKTMTOR_VITAMIN_D3_SIGNALING	22	18		
WP_PI3KAKT_SIGNALING	339	279		
WP_PILOCYTIC_ASTROCYTOMA	6	6		
WP_PKCGAMMA_CALCIUM_SIGNALING_IN_ATAXIA	22	21		
WP_PLATELETMEDIATED_INTERACTIONS_WITH_VASCULAR_AND_CIRCULATING_CELLS	17	15		
WP_PLEURAL_MESOTHELIOMA	439	394		
WP_PLURIPOTENT_STEM_CELL_DIFFERENTIATION_PATHWAY	48	39		
WP_POLYCYSTIC_KIDNEY_DISEASE_PATHWAY	85	75		
WP_POSTCOVID_NEUROINFLAMMATION	23	14		
WP_PPARALPHA_PATHWAY	26	22		
WP_PPAR_SIGNALING	67	58		
WP_PRADERWILLI_AND_ANGELMAN_SYNDROME	109	84		
WP_PREGNANE_X_RECEPTOR_PATHWAY	32	17		
WP_PREIMPLANTATION_EMBRYO	59	41		
WP_PRIMARY_FOCAL_SEGMENTAL_GLOMERULOSCLEROSIS_FSGS	72	70		
WP_PRIMARY_OVARIAN_INSUFFICIENCY	174	148		
WP_PRION_DISEASE_PATHWAY	32	31		
WP_PROGERIAASSOCIATED_LIPODYSTROPHY	22	21		
WP_PROLACTIN_SIGNALING	76	72		
WP_PROLINE_AND_HYDROXYPROLINE_PATHWAYS	5		Rejected!	
WP_PROSTAGLANDIN_AND_LEUKOTRIENE_METABOLISM_IN_SENESCENCE_WP5122	31	27		
WP_PROSTAGLANDIN_AND_LEUKOTRIENE_METABOLISM_IN_SENESCENCE_WP5321	34	27		
WP_PROSTAGLANDIN_SIGNALING	33	18		
WP_PROSTAGLANDIN_SYNTHESIS_AND_REGULATION	45	36		
WP_PROSURVIVAL_SIGNALING_OF_NEUROPROTECTIN_D1	15	14		
WP_PROTEASOME_DEGRADATION	62	55		
WP_PROTEOGLYCAN_BIOSYNTHESIS	18	18		
WP_PROXIMAL_TUBULE_TRANSPORT	57	50		
WP_PTDINS45P2_IN_CYTOKINESIS_PATHWAY	12	11		
WP_PTF1A_RELATED_REGULATORY_PATHWAY	11	9		
WP_PURINERGIC_SIGNALING	33	28		
WP_PURINE_METABOLISM	13	11		
WP_PURINE_METABOLISM_AND_RELATED_DISORDERS	23	19		
WP_PYRIMIDINE_METABOLISM	84	77		
WP_PYRIMIDINE_METABOLISM_AND_RELATED_DISEASES	20	19		
WP_QUERCETIN_AND_NFKB_AP1_INDUCED_APOPTOSIS	16	10		
WP_RAC1PAK1P38MMP2_PATHWAY	68	64		
WP_RALA_DOWNSTREAM_REGULATED_GENES	12	12		
WP_RANKLRANK_SIGNALING	55	51		
WP_RAS_AND_BRADYKININ_PATHWAYS_IN_COVID19	29	21		
WP_RAS_SIGNALING	184	159		
WP_REGUCALCIN_IN_PROXIMAL_TUBULE_EPITHELIAL_KIDNEY_CELLS	32	30		
WP_REGULATION_OF_ACTIN_CYTOSKELETON	150	133		
WP_REGULATION_OF_APOPTOSIS_BY_PARATHYROID_HORMONERELATED_PROTEIN	25	23		
WP_REGULATION_OF_SISTER_CHROMATID_SEPARATION_AT_THE_METAPHASEANAPHASE_TRANSITION	14	13		
WP_REGULATION_OF_WNT_BCATENIN_SIGNALING_BY_SMALL_MOLECULE_COMPOUNDS	17	17		
WP_REGULATORY_CIRCUITS_OF_STAT3_SIGNALING	78	68		
WP_RELATIONSHIP_BETWEEN_INFLAMMATION_COX2_AND_EGFR	25	22		
WP_RENINANGIOTENSINALDOSTERONE_SYSTEM_RAAS	44	38		
WP_RESISTIN_AS_A_REGULATOR_OF_INFLAMMATION	33	27		
WP_RESOLVIN_E1_AND_RESOLVIN_D1_SIGNALING_DECREASE_INFLAMMATION	12	10		
WP_RETINOBLASTOMA_GENE_IN_CANCER	90	85		
WP_RETINOL_METABOLISM	17	9		
WP_RETT_SYNDROME	48	46		
WP_RIBOFLAVIN_AND_COQ_DISORDERS	14	13		
WP_RIOK1_AND_RIOK2_IN_EGFR_AND_PI3KMEDIATED_TUMORIGENESIS	15	15		
WP_ROBO4_AND_VEGF_SIGNALING_CROSSTALK	6	6		
WP_ROLES_OF_CERAMIDES_IN_DEVELOPMENT_OF_INSULIN_RESISTANCE	23	18		
WP_ROS_IN_COVID19_ENDOTHELIAL_DYSFUNCTION	8	5		
WP_RUBINSTEINTAYBI_SYNDROME_1	15	14		
WP_S1P_RECEPTOR_SIGNAL_TRANSDUCTION	25	22		
WP_SARSCOV2_ALTERING_ANGIOGENESIS_VIA_NRP1	5	5		
WP_SARSCOV2_AND_ACE2_RECEPTOR_MOLECULAR_MECHANISMS	7	5		
WP_SARSCOV2_AND_COVID19_PATHWAY	10	8		
WP_SARSCOV2_B117_VARIANT_ANTAGONISES_INNATE_IMMUNE_ACTIVATION	9	7		
WP_SARSCOV2_INNATE_IMMUNITY_EVASION_AND_CELLSPECIFIC_IMMUNE_RESPONSE	66	48		
WP_SARSCOV2_MITOCHONDRIAL_CHRONIC_OXIDATIVE_STRESS_AND_ENDOTHELIAL_DYSFUNCTION	27	22		
WP_SARS_CORONAVIRUS_AND_INNATE_IMMUNITY	31	17		
WP_SCFA_AND_SKELETAL_MUSCLE_SUBSTRATE_METABOLISM	6		Rejected!	
WP_SEBALEIC_ACID_FORMATION_AND_METABOLISM	5		Rejected!	
WP_SECRETION_OF_HYDROCHLORIC_ACID_IN_PARIETAL_CELLS	5	5		
WP_SELECTIVE_EXPRESSION_OF_CHEMOKINE_RECEPTORS_DURING_TCELL_POLARIZATION	29	19		
WP_SELENIUM_METABOLISM_AND_SELENOPROTEINS	47	42		
WP_SELENIUM_MICRONUTRIENT_NETWORK	86	68		
WP_SENESCENCEASSOCIATED_SECRETORY_PHENOTYPE_SASP	112	83		
WP_SERINE_METABOLISM	8	8		
WP_SEROTONIN_AND_ANXIETY	17	15		
WP_SEROTONIN_AND_ANXIETYRELATED_EVENTS	14	11		
WP_SEROTONIN_HTR1_GROUP_AND_FOS_PATHWAY	37	35		
WP_SEROTONIN_RECEPTOR_2_AND_ELKSRFGATA4_SIGNALING	20	20		
WP_SEROTONIN_RECEPTOR_467_AND_NR3C_SIGNALING	19	18		
WP_SEROTONIN_TRANSPORTER_ACTIVITY	11	11		
WP_SIGNAL_TRANSDUCTION_THROUGH_IL1R	33	28		
WP_SILDENAFIL_TREATMENT	23	19		
WP_SLEEP_REGULATION	38	25		
WP_SMALL_CELL_LUNG_CANCER	96	90		
WP_SMALL_LIGAND_GPCRS	19	12		
WP_SMC1SMC3_ROLE_IN_DNA_DAMAGE_CORNELIA_DE_LANGE_SYNDROME	11	11		
WP_SMITHMAGENIS_AND_POTOCKILUPSKI_SYNDROME_COPY_NUMBER_VARIATION	159	140		
WP_SOMATIC_SEX_DETERMINATION	14	13		
WP_SOMATROPH_AXIS_GH_AND_ITS_RELATIONSHIP_TO_DIETARY_RESTRICTION_AND_AGING	6	6		
WP_SOMITOGENESIS_IN_THE_CONTEXT_OF_SPONDYLOCOSTAL_DYSOSTOSIS	9	8		
WP_SPHINGOLIPID_METABOLISM_INTEGRATED_PATHWAY	26	26		
WP_SPHINGOLIPID_METABOLISM_IN_SENESCENCE	28	24		
WP_SPHINGOLIPID_METABOLISM_OVERVIEW	27	26		
WP_SPHINGOLIPID_PATHWAY	30	29		
WP_SPINAL_CORD_INJURY	117	91		
WP_SPINA_BIFIDA	12	12		
WP_SPLICING_FACTOR_NOVA_REGULATED_SYNAPTIC_PROTEINS	42	37		
WP_SREBF_AND_MIR33_IN_CHOLESTEROL_AND_LIPID_HOMEOSTASIS	18	16		
WP_SRF_AND_MIRS_IN_SMOOTH_MUSCLE_DIFFERENTIATION_AND_PROLIFERATION	18	13		
WP_STATIN_INHIBITION_OF_CHOLESTEROL_PRODUCTION	31	27		
WP_STEROID_BIOSYNTHESIS	10	9		
WP_STEROID_HORMONE_PRECURSOR_BIOSYNTHESIS	9	7		
WP_STEROL_REGULATORY_ELEMENTBINDING_PROTEINS_SREBP_SIGNALING	71	64		
WP_STING_PATHWAY_IN_KAWASAKILIKE_DISEASE_AND_COVID19	21	18		
WP_STRIATED_MUSCLE_CONTRACTION_PATHWAY	38	31		
WP_SUDDEN_INFANT_DEATH_SYNDROME_SIDS_SUSCEPTIBILITY_PATHWAYS	159	127		
WP_SULFATASE_AND_AROMATASE_PATHWAY	14	10		
WP_SULFATION_BIOTRANSFORMATION_REACTION	17	8		
WP_SULINDAC_METABOLIC_PATHWAY	5	5		
WP_SUPPRESSION_OF_HMGB1MEDIATED_INFLAMMATION_BY_THBD	9	8		
WP_SYNAPTIC_SIGNALING_ASSOCIATED_WITH_AUTISM_SPECTRUM_DISORDER	50	49		
WP_SYNAPTIC_VESICLE_PATHWAY	51	47		
WP_SYNTHESIS_OF_CERAMIDES_AND_1DEOXYCERAMIDES	22	22		
WP_TAMOXIFEN_METABOLISM	21	6		
WP_TARGET_OF_RAPAMYCIN_SIGNALING	36	34		
WP_TAR_SYNDROME	63	50		
WP_TCA_CYCLE_AKA_KREBS_OR_CITRIC_ACID_CYCLE	18	18		
WP_TCA_CYCLE_AND_DEFICIENCY_OF_PYRUVATE_DEHYDROGENASE_COMPLEX_PDHC	16	15		
WP_TCA_CYCLE_IN_SENESCENCE	10	9		
WP_TCA_CYCLE_NUTRIENT_USE_AND_INVASIVENESS_OF_OVARIAN_CANCER	5	5		
WP_TCELL_ACTIVATION_SARSCOV2	88	67		
WP_TCELL_ANTIGEN_RECEPTOR_TCR_PATHWAY_DURING_STAPHYLOCOCCUS_AUREUS_INFECTION	62	50		
WP_TCELL_RECEPTOR_SIGNALING	90	78		
WP_TGFBETA_RECEPTOR_SIGNALING	55	40		
WP_TGFBETA_RECEPTOR_SIGNALING_IN_SKELETAL_DYSPLASIAS	59	42		
WP_TGFBETA_SIGNALING_IN_THYROID_CELLS_FOR_EPITHELIALMESENCHYMAL_TRANSITION	19	18		
WP_TGFB_SMAD_SIGNALING	12	11		
WP_TGIF_DISRUPTION_OF_SHH_SIGNALING	9	8		
WP_TH17_CELL_DIFFERENTIATION_PATHWAY	69	55		
WP_THERMOGENESIS	108	98		
WP_THIAMINE_METABOLIC_PATHWAYS	9	7		
WP_THYMIC_STROMAL_LYMPHOPOIETIN_TSLP_SIGNALING	47	39		
WP_THYROID_HORMONES_PRODUCTION_AND_PERIPHERAL_DOWNSTREAM_SIGNALING_EFFECTS	93	83		
WP_THYROID_STIMULATING_HORMONE_TSH_SIGNALING	66	59		
WP_THYROXINE_THYROID_HORMONE_PRODUCTION	25	18		
WP_TLR4_SIGNALING_AND_TOLERANCE	28	22		
WP_TNFALPHA_SIGNALING	92	85		
WP_TNFRELATED_WEAK_INDUCER_OF_APOPTOSIS_TWEAK_SIGNALING	42	38		
WP_TOLLLIKE_RECEPTOR_SIGNALING	103	75		
WP_TOLLLIKE_RECEPTOR_SIGNALING_RELATED_TO_MYD88	31	29		
WP_TP53_NETWORK	19	17		
WP_TRANSCRIPTIONAL_ACTIVATION_BY_NRF2_IN_RESPONSE_TO_PHYTOCHEMICALS	15	12		
WP_TRANSCRIPTIONAL_CASCADE_REGULATING_ADIPOGENESIS	13	11		
WP_TRANSCRIPTION_COFACTORS_SKI_AND_SKIL_PROTEIN_PARTNERS	18	17		
WP_TRANSCRIPTION_FACTORS_REGULATE_MIRNAS_RELATED_TO_CARDIAC_HYPERTROPHY	15	8		
WP_TRANSCRIPTION_FACTOR_REGULATION_IN_ADIPOGENESIS	22	19		
WP_TRANSLATION_FACTORS	50	45		
WP_TRANSLATION_INHIBITORS_IN_CHRONICALLY_ACTIVATED_PDGFRA_CELLS	46	45		
WP_TRANSSULFURATION_ONECARBON_METABOLISM_AND_RELATED_PATHWAYS	67	62		
WP_TRANSSULFURATION_PATHWAY	10	9		
WP_TRIACYLGLYCERIDE_SYNTHESIS	24	22		
WP_TROP2_REGULATORY_SIGNALING	49	45		
WP_TRYPTOPHAN_CATABOLISM_LEADING_TO_NAD_PRODUCTION	16	14		
WP_TRYPTOPHAN_METABOLISM	33	27		
WP_TUMOR_SUPPRESSOR_ACTIVITY_OF_SMARCB1	31	28		
WP_TYPE_2_PAPILLARY_RENAL_CELL_CARCINOMA	34	32		
WP_TYPE_III_INTERFERON_SIGNALING	10	7		
WP_TYPE_II_DIABETES_MELLITUS	22	17		
WP_TYPE_II_INTERFERON_SIGNALING	37	29		
WP_TYPE_I_COLLAGEN_SYNTHESIS_IN_THE_CONTEXT_OF_OSTEOGENESIS_IMPERFECTA	33	30		
WP_TYPE_I_INTERFERON_INDUCTION_AND_SIGNALING_DURING_SARSCOV2_INFECTION	31	27		
WP_TYROBP_CAUSAL_NETWORK_IN_MICROGLIA	60	52		
WP_TYROSINE_METABOLISM_AND_RELATED_DISORDERS	5	5		
WP_T_CELL_MODULATION_IN_PANCREATIC_CANCER	46	33		
WP_T_CELL_RECEPTOR_AND_COSTIMULATORY_SIGNALING	28	24		
WP_UDPDERIVED_SUGARS_SYNTHESIS_IN_FIBROBLASTS	11	11		
WP_ULCERATIVE_COLITIS_SIGNALING	18	14		
WP_UNFOLDED_PROTEIN_RESPONSE	24	19		
WP_UREA_CYCLE_AND_ASSOCIATED_PATHWAYS	24	23		
WP_UREA_CYCLE_AND_METABOLISM_OF_AMINO_GROUPS	21	16		
WP_UREA_CYCLE_AND_RELATED_DISEASES	9	8		
WP_UROTENSINIIMEDIATED_SIGNALING	69	62		
WP_VALPROIC_ACID_PATHWAY	12	9		
WP_VASOPRESSINREGULATED_WATER_REABSORPTION	44	39		
WP_VEGFAVEGFR2_SIGNALING	431	394		
WP_VITAMIN_A1_AND_A5X_PATHWAYS	6	6		
WP_VITAMIN_A_AND_CAROTENOID_METABOLISM	43	36		
WP_VITAMIN_B12_DISORDERS	13	11		
WP_VITAMIN_B12_METABOLISM	54	37		
WP_VITAMIN_B6DEPENDENT_AND_RESPONSIVE_DISORDERS	7	6		
WP_VITAMIN_DSENSITIVE_CALCIUM_SIGNALING_IN_DEPRESSION	36	32		
WP_VITAMIN_D_IN_INFLAMMATORY_DISEASES	22	19		
WP_VITAMIN_D_METABOLISM	10	8		
WP_VITAMIN_D_RECEPTOR_PATHWAY	185	128		
WP_VITAMIN_K_METABOLISM_AND_ACTIVATION_OF_DEPENDENT_PROTEINS	13	8		
WP_WARBURG_EFFECT_MODULATED_BY_DEUBIQUITINATING_ENZYMES_AND_THEIR_SUBSTRATES	26	26		
WP_WHITE_FAT_CELL_DIFFERENTIATION	32	29		
WP_WNTBETACATENIN_SIGNALING_INHIBITORS_IN_CURRENT_AND_PAST_CLINICAL_TRIALS	5	5		
WP_WNTBETACATENIN_SIGNALING_IN_LEUKEMIA	26	25		
WP_WNT_SIGNALING_AND_PLURIPOTENCY	101	88		
WP_WNT_SIGNALING_IN_KIDNEY_DISEASE	36	33		
WP_WNT_SIGNALING_WP363	51	49		
WP_WNT_SIGNALING_WP428	113	100		
WP_ZINC_HOMEOSTASIS	37	26		
